id,kind,first_line,status,status_reasons,composer,composer_source,sung_by_thakur,occurrence_count,first_date_iso,first_chapter_section,text_source,crosscheck,wikisource_part,wikisource_page,wikisource_score,wikisource_url,index_page_url
s0001,song,ডাক দেখি মন ডাকার মতো কেমন শ্যামা থাকতে পারে।,Safe,,,,True,1,1882-03,2.5,Kathamrita Unicode edition (own copy),"Wikisource scan, unproofread",1,41,0.9,https://bn.wikisource.org/wiki/%E0%A6%AA%E0%A6%BE%E0%A6%A4%E0%A6%BE%3A%E0%A6%B6%E0%A7%8D%E0%A6%B0%E0%A7%80%E0%A6%B6%E0%A7%8D%E0%A6%B0%E0%A7%80%E0%A6%B0%E0%A6%BE%E0%A6%AE%E0%A6%95%E0%A7%83%E0%A6%B7%E0%A7%8D%E0%A6%A3_%E0%A6%95%E0%A6%A5%E0%A6%BE%E0%A6%AE%E0%A7%83%E0%A6%A4_%E0%A6%AA%E0%A7%8D%E0%A6%B0%E0%A6%A5%E0%A6%AE_%E0%A6%AD%E0%A6%BE%E0%A6%97.djvu/%E0%A7%AA%E0%A7%A7,https://www.ramakrishnavivekananda.info/kathamrita/unicodekathamrita/02_e_wayofdevotion_19_21.html
s0002,song,আমি দুর্গা দুর্গা বলে মা যদি মরি।,Safe,,,,True,6,1882-03,2.7,Kathamrita Unicode edition (own copy),"Wikisource scan, unproofread",3,34,0.967,https://bn.wikisource.org/wiki/%E0%A6%AA%E0%A6%BE%E0%A6%A4%E0%A6%BE%3A%E0%A6%B6%E0%A7%8D%E0%A6%B0%E0%A7%80%E0%A6%B6%E0%A7%8D%E0%A6%B0%E0%A7%80%E0%A6%B0%E0%A6%BE%E0%A6%AE%E0%A6%95%E0%A7%83%E0%A6%B7%E0%A7%8D%E0%A6%A3_%E0%A6%95%E0%A6%A5%E0%A6%BE%E0%A6%AE%E0%A7%83%E0%A6%A4_%E0%A6%A4%E0%A7%83%E0%A6%A4%E0%A7%80%E0%A6%AF%E0%A6%BC_%E0%A6%AD%E0%A6%BE%E0%A6%97.djvu/%E0%A7%A9%E0%A7%AA,https://www.ramakrishnavivekananda.info/kathamrita/unicodekathamrita/02_g_solutionisfaith_25_27.html
s0003,verse,"সব মানুষ মরে যাবে,",Check,not a song,,,False,1,1882-03,2.7,Kathamrita Unicode edition (own copy),"Wikisource scan, unproofread",1,49,1.0,https://bn.wikisource.org/wiki/%E0%A6%AA%E0%A6%BE%E0%A6%A4%E0%A6%BE%3A%E0%A6%B6%E0%A7%8D%E0%A6%B0%E0%A7%80%E0%A6%B6%E0%A7%8D%E0%A6%B0%E0%A7%80%E0%A6%B0%E0%A6%BE%E0%A6%AE%E0%A6%95%E0%A7%83%E0%A6%B7%E0%A7%8D%E0%A6%A3_%E0%A6%95%E0%A6%A5%E0%A6%BE%E0%A6%AE%E0%A7%83%E0%A6%A4_%E0%A6%AA%E0%A7%8D%E0%A6%B0%E0%A6%A5%E0%A6%AE_%E0%A6%AD%E0%A6%BE%E0%A6%97.djvu/%E0%A7%AA%E0%A7%AF,https://www.ramakrishnavivekananda.info/kathamrita/unicodekathamrita/02_g_solutionisfaith_25_27.html
s0004,verse,"এ কাকটা কালো,",Check,not a song,,,False,1,1882-03,2.7,Kathamrita Unicode edition (own copy),"Wikisource scan, unproofread",1,49,1.0,https://bn.wikisource.org/wiki/%E0%A6%AA%E0%A6%BE%E0%A6%A4%E0%A6%BE%3A%E0%A6%B6%E0%A7%8D%E0%A6%B0%E0%A7%80%E0%A6%B6%E0%A7%8D%E0%A6%B0%E0%A7%80%E0%A6%B0%E0%A6%BE%E0%A6%AE%E0%A6%95%E0%A7%83%E0%A6%B7%E0%A7%8D%E0%A6%A3_%E0%A6%95%E0%A6%A5%E0%A6%BE%E0%A6%AE%E0%A7%83%E0%A6%A4_%E0%A6%AA%E0%A7%8D%E0%A6%B0%E0%A6%A5%E0%A6%AE_%E0%A6%AD%E0%A6%BE%E0%A6%97.djvu/%E0%A7%AA%E0%A7%AF,https://www.ramakrishnavivekananda.info/kathamrita/unicodekathamrita/02_g_solutionisfaith_25_27.html
s0005,song,চিন্তয় মম মানস হরি চিদঘন নিরঞ্জন।,Safe,,,,False,4,1882-03,2.8,Kathamrita Unicode edition (own copy),"Wikisource scan, unproofread",1,50,0.875,https://bn.wikisource.org/wiki/%E0%A6%AA%E0%A6%BE%E0%A6%A4%E0%A6%BE%3A%E0%A6%B6%E0%A7%8D%E0%A6%B0%E0%A7%80%E0%A6%B6%E0%A7%8D%E0%A6%B0%E0%A7%80%E0%A6%B0%E0%A6%BE%E0%A6%AE%E0%A6%95%E0%A7%83%E0%A6%B7%E0%A7%8D%E0%A6%A3_%E0%A6%95%E0%A6%A5%E0%A6%BE%E0%A6%AE%E0%A7%83%E0%A6%A4_%E0%A6%AA%E0%A7%8D%E0%A6%B0%E0%A6%A5%E0%A6%AE_%E0%A6%AD%E0%A6%BE%E0%A6%97.djvu/%E0%A7%AB%E0%A7%A6,https://www.ramakrishnavivekananda.info/kathamrita/unicodekathamrita/02_h_samadhi_27_28.html
s0006,song,"চিদানন্দরসে, ভক্তিযোগাবেশে, হও রে চিরমগন ৷",Safe,,,,False,1,1882-03,2.8,Kathamrita Unicode edition (own copy),"Wikisource scan, unproofread",1,50,0.875,https://bn.wikisource.org/wiki/%E0%A6%AA%E0%A6%BE%E0%A6%A4%E0%A6%BE%3A%E0%A6%B6%E0%A7%8D%E0%A6%B0%E0%A7%80%E0%A6%B6%E0%A7%8D%E0%A6%B0%E0%A7%80%E0%A6%B0%E0%A6%BE%E0%A6%AE%E0%A6%95%E0%A7%83%E0%A6%B7%E0%A7%8D%E0%A6%A3_%E0%A6%95%E0%A6%A5%E0%A6%BE%E0%A6%AE%E0%A7%83%E0%A6%A4_%E0%A6%AA%E0%A7%8D%E0%A6%B0%E0%A6%A5%E0%A6%AE_%E0%A6%AD%E0%A6%BE%E0%A6%97.djvu/%E0%A7%AB%E0%A7%A6,https://www.ramakrishnavivekananda.info/kathamrita/unicodekathamrita/02_h_samadhi_27_28.html
s0007,song,আমার কি ফলের অভাব ৷,Safe,,,,True,1,1882-03,2.9,Kathamrita Unicode edition (own copy),"not found on Wikisource (Part 2, or scan text too noisy)",,,,,https://www.ramakrishnavivekananda.info/kathamrita/unicodekathamrita/02_i_fourthvisit_29_30.html
s0008,song,"কে জানে কালী কেমন, ষড় দর্শনে না পায় দরশন।",Safe,,Ramprasad Sen,ভণিতা: “প্রসাদ ভাষে”,True,7,1882-03-11,3.1,Kathamrita Unicode edition (own copy),"Wikisource scan, unproofread",3,120,1.0,https://bn.wikisource.org/wiki/%E0%A6%AA%E0%A6%BE%E0%A6%A4%E0%A6%BE%3A%E0%A6%B6%E0%A7%8D%E0%A6%B0%E0%A7%80%E0%A6%B6%E0%A7%8D%E0%A6%B0%E0%A7%80%E0%A6%B0%E0%A6%BE%E0%A6%AE%E0%A6%95%E0%A7%83%E0%A6%B7%E0%A7%8D%E0%A6%A3_%E0%A6%95%E0%A6%A5%E0%A6%BE%E0%A6%AE%E0%A7%83%E0%A6%A4_%E0%A6%A4%E0%A7%83%E0%A6%A4%E0%A7%80%E0%A6%AF%E0%A6%BC_%E0%A6%AD%E0%A6%BE%E0%A6%97.djvu/%E0%A7%A7%E0%A7%A8%E0%A7%A6,https://www.ramakrishnavivekananda.info/kathamrita/unicodekathamrita/03_a_atbalaramhome_33_35.html
s0009,song,"দেখে এলাম এক নবীন রাখাল,",Safe,,,,True,1,1882-03-11,3.1,Kathamrita Unicode edition (own copy),"Wikisource scan, unproofread",5,18,1.0,https://bn.wikisource.org/wiki/%E0%A6%AA%E0%A6%BE%E0%A6%A4%E0%A6%BE%3A%E0%A6%B6%E0%A7%8D%E0%A6%B0%E0%A7%80%E0%A6%B6%E0%A7%8D%E0%A6%B0%E0%A7%80%E0%A6%B0%E0%A6%BE%E0%A6%AE%E0%A6%95%E0%A7%83%E0%A6%B7%E0%A7%8D%E0%A6%A3_%E0%A6%95%E0%A6%A5%E0%A6%BE%E0%A6%AE%E0%A7%83%E0%A6%A4_%E0%A6%AA%E0%A6%9E%E0%A7%8D%E0%A6%9A%E0%A6%AE_%E0%A6%AD%E0%A6%BE%E0%A6%97.djvu/%E0%A7%A7%E0%A7%AE,https://www.ramakrishnavivekananda.info/kathamrita/unicodekathamrita/03_a_atbalaramhome_33_35.html
s0010,song,"সুরা পান করি না আমি সুধা খাই জয় কালী বলে,",Safe,,Ramprasad Sen,ভণিতা: “প্রসাদ বলে”,True,3,1882-04-02,3.3,Kathamrita Unicode edition (own copy),"Wikisource scan, unproofread",5,29,1.0,https://bn.wikisource.org/wiki/%E0%A6%AA%E0%A6%BE%E0%A6%A4%E0%A6%BE%3A%E0%A6%B6%E0%A7%8D%E0%A6%B0%E0%A7%80%E0%A6%B6%E0%A7%8D%E0%A6%B0%E0%A7%80%E0%A6%B0%E0%A6%BE%E0%A6%AE%E0%A6%95%E0%A7%83%E0%A6%B7%E0%A7%8D%E0%A6%A3_%E0%A6%95%E0%A6%A5%E0%A6%BE%E0%A6%AE%E0%A7%83%E0%A6%A4_%E0%A6%AA%E0%A6%9E%E0%A7%8D%E0%A6%9A%E0%A6%AE_%E0%A6%AD%E0%A6%BE%E0%A6%97.djvu/%E0%A7%A8%E0%A7%AF,https://www.ramakrishnavivekananda.info/kathamrita/unicodekathamrita/03_c_atkamalkutir_38_43.html
s0011,song,কথা বলতে ডরাই; না বললেও ডরাই ৷,Safe,,,,True,3,1882-04-02,3.3,Kathamrita Unicode edition (own copy),"Wikisource scan, unproofread",5,253,0.98,https://bn.wikisource.org/wiki/%E0%A6%AA%E0%A6%BE%E0%A6%A4%E0%A6%BE%3A%E0%A6%B6%E0%A7%8D%E0%A6%B0%E0%A7%80%E0%A6%B6%E0%A7%8D%E0%A6%B0%E0%A7%80%E0%A6%B0%E0%A6%BE%E0%A6%AE%E0%A6%95%E0%A7%83%E0%A6%B7%E0%A7%8D%E0%A6%A3_%E0%A6%95%E0%A6%A5%E0%A6%BE%E0%A6%AE%E0%A7%83%E0%A6%A4_%E0%A6%AA%E0%A6%9E%E0%A7%8D%E0%A6%9A%E0%A6%AE_%E0%A6%AD%E0%A6%BE%E0%A6%97.djvu/%E0%A7%A8%E0%A7%AB%E0%A7%A9,https://www.ramakrishnavivekananda.info/kathamrita/unicodekathamrita/03_c_atkamalkutir_38_43.html
s0012,song,"মন কি তত্ত্ব কর তাঁরে, যেন উন্মত্ত আঁধার ঘরে ।",Safe,,Ramprasad Sen,ভণিতা: “প্রসাদ বলে”,True,2,1882-08-05,4.6,Kathamrita Unicode edition (own copy),"Wikisource scan, unproofread",3,35,0.934,https://bn.wikisource.org/wiki/%E0%A6%AA%E0%A6%BE%E0%A6%A4%E0%A6%BE%3A%E0%A6%B6%E0%A7%8D%E0%A6%B0%E0%A7%80%E0%A6%B6%E0%A7%8D%E0%A6%B0%E0%A7%80%E0%A6%B0%E0%A6%BE%E0%A6%AE%E0%A6%95%E0%A7%83%E0%A6%B7%E0%A7%8D%E0%A6%A3_%E0%A6%95%E0%A6%A5%E0%A6%BE%E0%A6%AE%E0%A7%83%E0%A6%A4_%E0%A6%A4%E0%A7%83%E0%A6%A4%E0%A7%80%E0%A6%AF%E0%A6%BC_%E0%A6%AD%E0%A6%BE%E0%A6%97.djvu/%E0%A7%A9%E0%A7%AB,https://www.ramakrishnavivekananda.info/kathamrita/unicodekathamrita/04_f_theaimoflife_54_56.html
s0013,verse,প্রসাদ বলে মাতৃভাবে আমি তত্ত্ব করি যাঁরে ।,Check,not a song,,,False,2,1882-08-05,4.6,Kathamrita Unicode edition (own copy),"Wikisource scan, unproofread",3,36,0.939,https://bn.wikisource.org/wiki/%E0%A6%AA%E0%A6%BE%E0%A6%A4%E0%A6%BE%3A%E0%A6%B6%E0%A7%8D%E0%A6%B0%E0%A7%80%E0%A6%B6%E0%A7%8D%E0%A6%B0%E0%A7%80%E0%A6%B0%E0%A6%BE%E0%A6%AE%E0%A6%95%E0%A7%83%E0%A6%B7%E0%A7%8D%E0%A6%A3_%E0%A6%95%E0%A6%A5%E0%A6%BE%E0%A6%AE%E0%A7%83%E0%A6%A4_%E0%A6%A4%E0%A7%83%E0%A6%A4%E0%A7%80%E0%A6%AF%E0%A6%BC_%E0%A6%AD%E0%A6%BE%E0%A6%97.djvu/%E0%A7%A9%E0%A7%AC,https://www.ramakrishnavivekananda.info/kathamrita/unicodekathamrita/04_f_theaimoflife_54_56.html
s0014,song,ভাবিলে ভাবের উদয় হয় ।,Safe,,,,True,3,1882-08-05,4.6,Kathamrita Unicode edition (own copy),"Wikisource scan, unproofread",4,187,0.974,https://bn.wikisource.org/wiki/%E0%A6%AA%E0%A6%BE%E0%A6%A4%E0%A6%BE%3A%E0%A6%B6%E0%A7%8D%E0%A6%B0%E0%A7%80%E0%A6%B6%E0%A7%8D%E0%A6%B0%E0%A7%80%E0%A6%B0%E0%A6%BE%E0%A6%AE%E0%A6%95%E0%A7%83%E0%A6%B7%E0%A7%8D%E0%A6%A3_%E0%A6%95%E0%A6%A5%E0%A6%BE%E0%A6%AE%E0%A7%83%E0%A6%A4_%E0%A6%9A%E0%A6%A4%E0%A7%81%E0%A6%B0%E0%A7%8D%E0%A6%A5_%E0%A6%AD%E0%A6%BE%E0%A6%97.djvu/%E0%A7%A7%E0%A7%AE%E0%A7%AD,https://www.ramakrishnavivekananda.info/kathamrita/unicodekathamrita/04_f_theaimoflife_54_56.html
s0015,song,সত্যং শিব সুন্দর ভাতি হৃদি মন্দিরে।,Safe,,,,False,2,1882-10-16,5.5,Kathamrita Unicode edition (own copy),"Wikisource scan, unproofread",1,124,0.78,https://bn.wikisource.org/wiki/%E0%A6%AA%E0%A6%BE%E0%A6%A4%E0%A6%BE%3A%E0%A6%B6%E0%A7%8D%E0%A6%B0%E0%A7%80%E0%A6%B6%E0%A7%8D%E0%A6%B0%E0%A7%80%E0%A6%B0%E0%A6%BE%E0%A6%AE%E0%A6%95%E0%A7%83%E0%A6%B7%E0%A7%8D%E0%A6%A3_%E0%A6%95%E0%A6%A5%E0%A6%BE%E0%A6%AE%E0%A7%83%E0%A6%A4_%E0%A6%AA%E0%A7%8D%E0%A6%B0%E0%A6%A5%E0%A6%AE_%E0%A6%AD%E0%A6%BE%E0%A6%97.djvu/%E0%A7%A7%E0%A7%A8%E0%A7%AA,https://www.ramakrishnavivekananda.info/kathamrita/unicodekathamrita/05_e_kirtanwithnarendra_68_75.html
s0016,song,আনন্দবনে মল মধুর ব্রহ্মনাম।,Safe,,,,False,1,1882-10-16,5.5,Kathamrita Unicode edition (own copy),"not found on Wikisource (Part 2, or scan text too noisy)",,,,,https://www.ramakrishnavivekananda.info/kathamrita/unicodekathamrita/05_e_kirtanwithnarendra_68_75.html
s0017,song,চিদাকাশে হল পূর্ণ প্রেমচন্দ্রোদয় হে।,Safe,,,,False,6,1882-10-16,5.5,Kathamrita Unicode edition (own copy),"Wikisource scan, unproofread",4,177,0.98,https://bn.wikisource.org/wiki/%E0%A6%AA%E0%A6%BE%E0%A6%A4%E0%A6%BE%3A%E0%A6%B6%E0%A7%8D%E0%A6%B0%E0%A7%80%E0%A6%B6%E0%A7%8D%E0%A6%B0%E0%A7%80%E0%A6%B0%E0%A6%BE%E0%A6%AE%E0%A6%95%E0%A7%83%E0%A6%B7%E0%A7%8D%E0%A6%A3_%E0%A6%95%E0%A6%A5%E0%A6%BE%E0%A6%AE%E0%A7%83%E0%A6%A4_%E0%A6%9A%E0%A6%A4%E0%A7%81%E0%A6%B0%E0%A7%8D%E0%A6%A5_%E0%A6%AD%E0%A6%BE%E0%A6%97.djvu/%E0%A7%A7%E0%A7%AD%E0%A7%AD,https://www.ramakrishnavivekananda.info/kathamrita/unicodekathamrita/05_e_kirtanwithnarendra_68_75.html
s0018,song,ডুব দে মন কালী বলে। হৃদি-রত্নাকরের অগাধ জলে।,Safe,,Ramprasad Sen,ভণিতা: “রামপ্রসাদ”,True,1,1882-10-16,5.5,Kathamrita Unicode edition (own copy),"not found on Wikisource (Part 2, or scan text too noisy)",,,,,https://www.ramakrishnavivekananda.info/kathamrita/unicodekathamrita/05_e_kirtanwithnarendra_68_75.html
s0019,verse,মন্দিরে তোর নাহিক মাধব!,Check,not a song,,,False,1,1882-10-16,5.5,Kathamrita Unicode edition (own copy),"Wikisource scan, unproofread",5,215,0.884,https://bn.wikisource.org/wiki/%E0%A6%AA%E0%A6%BE%E0%A6%A4%E0%A6%BE%3A%E0%A6%B6%E0%A7%8D%E0%A6%B0%E0%A7%80%E0%A6%B6%E0%A7%8D%E0%A6%B0%E0%A7%80%E0%A6%B0%E0%A6%BE%E0%A6%AE%E0%A6%95%E0%A7%83%E0%A6%B7%E0%A7%8D%E0%A6%A3_%E0%A6%95%E0%A6%A5%E0%A6%BE%E0%A6%AE%E0%A7%83%E0%A6%A4_%E0%A6%AA%E0%A6%9E%E0%A7%8D%E0%A6%9A%E0%A6%AE_%E0%A6%AD%E0%A6%BE%E0%A6%97.djvu/%E0%A7%A8%E0%A7%A7%E0%A7%AB,https://www.ramakrishnavivekananda.info/kathamrita/unicodekathamrita/05_e_kirtanwithnarendra_68_75.html
s0020,song,মা কি আমার কালো রে ৷,Safe,,,,True,4,1882-10-27,6.4,Kathamrita Unicode edition (own copy),"Wikisource scan, unproofread",3,141,0.956,https://bn.wikisource.org/wiki/%E0%A6%AA%E0%A6%BE%E0%A6%A4%E0%A6%BE%3A%E0%A6%B6%E0%A7%8D%E0%A6%B0%E0%A7%80%E0%A6%B6%E0%A7%8D%E0%A6%B0%E0%A7%80%E0%A6%B0%E0%A6%BE%E0%A6%AE%E0%A6%95%E0%A7%83%E0%A6%B7%E0%A7%8D%E0%A6%A3_%E0%A6%95%E0%A6%A5%E0%A6%BE%E0%A6%AE%E0%A7%83%E0%A6%A4_%E0%A6%A4%E0%A7%83%E0%A6%A4%E0%A7%80%E0%A6%AF%E0%A6%BC_%E0%A6%AD%E0%A6%BE%E0%A6%97.djvu/%E0%A7%A7%E0%A7%AA%E0%A7%A7,https://www.ramakrishnavivekananda.info/kathamrita/unicodekathamrita/06_d_vedasandtrantra_84_86.html
s0021,song,শ্যামা মা উড়াচ্ছ ঘুড়ি (ভবসংসার বাজার মাঝে) ৷,Safe,,Ramprasad Sen,ভণিতা: “প্রসাদ বলে”,True,2,1882-10-27,6.5,Kathamrita Unicode edition (own copy),"Wikisource scan, unproofread",1,63,0.919,https://bn.wikisource.org/wiki/%E0%A6%AA%E0%A6%BE%E0%A6%A4%E0%A6%BE%3A%E0%A6%B6%E0%A7%8D%E0%A6%B0%E0%A7%80%E0%A6%B6%E0%A7%8D%E0%A6%B0%E0%A7%80%E0%A6%B0%E0%A6%BE%E0%A6%AE%E0%A6%95%E0%A7%83%E0%A6%B7%E0%A7%8D%E0%A6%A3_%E0%A6%95%E0%A6%A5%E0%A6%BE%E0%A6%AE%E0%A7%83%E0%A6%A4_%E0%A6%AA%E0%A7%8D%E0%A6%B0%E0%A6%A5%E0%A6%AE_%E0%A6%AD%E0%A6%BE%E0%A6%97.djvu/%E0%A7%AC%E0%A7%A9,https://www.ramakrishnavivekananda.info/kathamrita/unicodekathamrita/06_e_purposeofcreation_86_87.html
s0022,song,আমি ওই খেদ খেদ করি ৷,Safe,,Ramprasad Sen,ভণিতা: “প্রসাদ বলে”,True,3,1882-10-27,6.5,Kathamrita Unicode edition (own copy),"Wikisource scan, unproofread",1,64,0.905,https://bn.wikisource.org/wiki/%E0%A6%AA%E0%A6%BE%E0%A6%A4%E0%A6%BE%3A%E0%A6%B6%E0%A7%8D%E0%A6%B0%E0%A7%80%E0%A6%B6%E0%A7%8D%E0%A6%B0%E0%A7%80%E0%A6%B0%E0%A6%BE%E0%A6%AE%E0%A6%95%E0%A7%83%E0%A6%B7%E0%A7%8D%E0%A6%A3_%E0%A6%95%E0%A6%A5%E0%A6%BE%E0%A6%AE%E0%A7%83%E0%A6%A4_%E0%A6%AA%E0%A7%8D%E0%A6%B0%E0%A6%A5%E0%A6%AE_%E0%A6%AD%E0%A6%BE%E0%A6%97.djvu/%E0%A7%AC%E0%A7%AA,https://www.ramakrishnavivekananda.info/kathamrita/unicodekathamrita/06_e_purposeofcreation_86_87.html
s0023,song,"আয় মন, বেড়াতে যাবি ৷",Safe,,Ramprasad Sen,ভণিতা: “প্রসাদ বলে”,True,5,1882-10-27,6.6,Kathamrita Unicode edition (own copy),"Wikisource scan, unproofread",1,302,0.958,https://bn.wikisource.org/wiki/%E0%A6%AA%E0%A6%BE%E0%A6%A4%E0%A6%BE%3A%E0%A6%B6%E0%A7%8D%E0%A6%B0%E0%A7%80%E0%A6%B6%E0%A7%8D%E0%A6%B0%E0%A7%80%E0%A6%B0%E0%A6%BE%E0%A6%AE%E0%A6%95%E0%A7%83%E0%A6%B7%E0%A7%8D%E0%A6%A3_%E0%A6%95%E0%A6%A5%E0%A6%BE%E0%A6%AE%E0%A7%83%E0%A6%A4_%E0%A6%AA%E0%A7%8D%E0%A6%B0%E0%A6%A5%E0%A6%AE_%E0%A6%AD%E0%A6%BE%E0%A6%97.djvu/%E0%A7%A9%E0%A7%A6%E0%A7%A8,https://www.ramakrishnavivekananda.info/kathamrita/unicodekathamrita/06_f_advicetobrahmos_88_90.html
s0024,song,"এই সংসারই মজার কুটি, আমি খাই-দাই আর মজা লুটি।",Safe,,Ramprasad Sen,কথামৃতের বর্ণনা: “রামপ্রসাদের গান”,False,3,1882-10-27,6.6,Kathamrita Unicode edition (own copy),"Wikisource scan, unproofread",3,127,0.955,https://bn.wikisource.org/wiki/%E0%A6%AA%E0%A6%BE%E0%A6%A4%E0%A6%BE%3A%E0%A6%B6%E0%A7%8D%E0%A6%B0%E0%A7%80%E0%A6%B6%E0%A7%8D%E0%A6%B0%E0%A7%80%E0%A6%B0%E0%A6%BE%E0%A6%AE%E0%A6%95%E0%A7%83%E0%A6%B7%E0%A7%8D%E0%A6%A3_%E0%A6%95%E0%A6%A5%E0%A6%BE%E0%A6%AE%E0%A7%83%E0%A6%A4_%E0%A6%A4%E0%A7%83%E0%A6%A4%E0%A7%80%E0%A6%AF%E0%A6%BC_%E0%A6%AD%E0%A6%BE%E0%A6%97.djvu/%E0%A7%A7%E0%A7%A8%E0%A7%AD,https://www.ramakrishnavivekananda.info/kathamrita/unicodekathamrita/06_f_advicetobrahmos_88_90.html
s0025,song,বংশী বাজিল ওই বিপিনে ৷,Safe,,,,False,1,1882-10-27,6.6,Kathamrita Unicode edition (own copy),"Wikisource scan, unproofread",1,68,0.936,https://bn.wikisource.org/wiki/%E0%A6%AA%E0%A6%BE%E0%A6%A4%E0%A6%BE%3A%E0%A6%B6%E0%A7%8D%E0%A6%B0%E0%A7%80%E0%A6%B6%E0%A7%8D%E0%A6%B0%E0%A7%80%E0%A6%B0%E0%A6%BE%E0%A6%AE%E0%A6%95%E0%A7%83%E0%A6%B7%E0%A7%8D%E0%A6%A3_%E0%A6%95%E0%A6%A5%E0%A6%BE%E0%A6%AE%E0%A7%83%E0%A6%A4_%E0%A6%AA%E0%A7%8D%E0%A6%B0%E0%A6%A5%E0%A6%AE_%E0%A6%AD%E0%A6%BE%E0%A6%97.djvu/%E0%A7%AC%E0%A7%AE,https://www.ramakrishnavivekananda.info/kathamrita/unicodekathamrita/06_f_advicetobrahmos_88_90.html
s0026,song,আজি কি হরষ সমীর বহে প্রাণে — ভগবৎ মঙ্গল কিরণে!,Safe,,,,False,1,1882-10-28,7.1,Kathamrita Unicode edition (own copy),"Wikisource scan, unproofread",1,75,1.0,https://bn.wikisource.org/wiki/%E0%A6%AA%E0%A6%BE%E0%A6%A4%E0%A6%BE%3A%E0%A6%B6%E0%A7%8D%E0%A6%B0%E0%A7%80%E0%A6%B6%E0%A7%8D%E0%A6%B0%E0%A7%80%E0%A6%B0%E0%A6%BE%E0%A6%AE%E0%A6%95%E0%A7%83%E0%A6%B7%E0%A7%8D%E0%A6%A3_%E0%A6%95%E0%A6%A5%E0%A6%BE%E0%A6%AE%E0%A7%83%E0%A6%A4_%E0%A6%AA%E0%A7%8D%E0%A6%B0%E0%A6%A5%E0%A6%AE_%E0%A6%AD%E0%A6%BE%E0%A6%97.djvu/%E0%A7%AD%E0%A7%AB,https://www.ramakrishnavivekananda.info/kathamrita/unicodekathamrita/07_a_atsintheefestival_95_96.html
s0027,song,গয়া গঙ্গা প্রভাসাদি কাশী কাঞ্চী কেবা চায় ৷,Safe,,,,True,7,1882-10-28,7.3,Kathamrita Unicode edition (own copy),"Wikisource scan, unproofread",3,143,0.935,https://bn.wikisource.org/wiki/%E0%A6%AA%E0%A6%BE%E0%A6%A4%E0%A6%BE%3A%E0%A6%B6%E0%A7%8D%E0%A6%B0%E0%A7%80%E0%A6%B6%E0%A7%8D%E0%A6%B0%E0%A7%80%E0%A6%B0%E0%A6%BE%E0%A6%AE%E0%A6%95%E0%A7%83%E0%A6%B7%E0%A7%8D%E0%A6%A3_%E0%A6%95%E0%A6%A5%E0%A6%BE%E0%A6%AE%E0%A7%83%E0%A6%A4_%E0%A6%A4%E0%A7%83%E0%A6%A4%E0%A7%80%E0%A6%AF%E0%A6%BC_%E0%A6%AD%E0%A6%BE%E0%A6%97.djvu/%E0%A7%A7%E0%A7%AA%E0%A7%A9,https://www.ramakrishnavivekananda.info/kathamrita/unicodekathamrita/07_c_typesofteachers_98_99.html
s0028,song,ডুব্‌ ডুব্‌ ডুব্‌ রূপসাগরে আমার মন ৷,Safe,,Kubir Goswami,ভণিতা: “কুবীর”,True,9,1882-10-28,7.7,Kathamrita Unicode edition (own copy),"Wikisource scan, unproofread",5,284,1.0,https://bn.wikisource.org/wiki/%E0%A6%AA%E0%A6%BE%E0%A6%A4%E0%A6%BE%3A%E0%A6%B6%E0%A7%8D%E0%A6%B0%E0%A7%80%E0%A6%B6%E0%A7%8D%E0%A6%B0%E0%A7%80%E0%A6%B0%E0%A6%BE%E0%A6%AE%E0%A6%95%E0%A7%83%E0%A6%B7%E0%A7%8D%E0%A6%A3_%E0%A6%95%E0%A6%A5%E0%A6%BE%E0%A6%AE%E0%A7%83%E0%A6%A4_%E0%A6%AA%E0%A6%9E%E0%A7%8D%E0%A6%9A%E0%A6%AE_%E0%A6%AD%E0%A6%BE%E0%A6%97.djvu/%E0%A7%A8%E0%A7%AE%E0%A7%AA,https://www.ramakrishnavivekananda.info/kathamrita/unicodekathamrita/07_g_brahmoprayer_104_105.html
s0029,song,এমনি মহামায়ার মায়া রেখেছ কি কুহক করে।,Safe,,,,True,2,1882-11-15,8.1,Kathamrita Unicode edition (own copy),"Wikisource scan, unproofread",5,35,0.952,https://bn.wikisource.org/wiki/%E0%A6%AA%E0%A6%BE%E0%A6%A4%E0%A6%BE%3A%E0%A6%B6%E0%A7%8D%E0%A6%B0%E0%A7%80%E0%A6%B6%E0%A7%8D%E0%A6%B0%E0%A7%80%E0%A6%B0%E0%A6%BE%E0%A6%AE%E0%A6%95%E0%A7%83%E0%A6%B7%E0%A7%8D%E0%A6%A3_%E0%A6%95%E0%A6%A5%E0%A6%BE%E0%A6%AE%E0%A7%83%E0%A6%A4_%E0%A6%AA%E0%A6%9E%E0%A7%8D%E0%A6%9A%E0%A6%AE_%E0%A6%AD%E0%A6%BE%E0%A6%97.djvu/%E0%A7%A9%E0%A7%AB,https://www.ramakrishnavivekananda.info/kathamrita/unicodekathamrita/08_a_atcircus_106_108.html
s0030,song,পড়িয়ে ভবসাগরে ডুবে মা তনুর তরী।,Safe,,,,True,2,1882-11-15,8.1,Kathamrita Unicode edition (own copy),"Wikisource scan, unproofread",5,36,0.964,https://bn.wikisource.org/wiki/%E0%A6%AA%E0%A6%BE%E0%A6%A4%E0%A6%BE%3A%E0%A6%B6%E0%A7%8D%E0%A6%B0%E0%A7%80%E0%A6%B6%E0%A7%8D%E0%A6%B0%E0%A7%80%E0%A6%B0%E0%A6%BE%E0%A6%AE%E0%A6%95%E0%A7%83%E0%A6%B7%E0%A7%8D%E0%A6%A3_%E0%A6%95%E0%A6%A5%E0%A6%BE%E0%A6%AE%E0%A7%83%E0%A6%A4_%E0%A6%AA%E0%A6%9E%E0%A7%8D%E0%A6%9A%E0%A6%AE_%E0%A6%AD%E0%A6%BE%E0%A6%97.djvu/%E0%A7%A9%E0%A7%AC,https://www.ramakrishnavivekananda.info/kathamrita/unicodekathamrita/08_a_atcircus_106_108.html
s0031,song,"যে ভাব লাগি পরম যোগী, যোগ করে যুগ-যুগান্তরে।",Safe,,,,True,1,1882-11-19,8.3,Kathamrita Unicode edition (own copy),"Wikisource scan, unproofread",5,39,1.0,https://bn.wikisource.org/wiki/%E0%A6%AA%E0%A6%BE%E0%A6%A4%E0%A6%BE%3A%E0%A6%B6%E0%A7%8D%E0%A6%B0%E0%A7%80%E0%A6%B6%E0%A7%8D%E0%A6%B0%E0%A7%80%E0%A6%B0%E0%A6%BE%E0%A6%AE%E0%A6%95%E0%A7%83%E0%A6%B7%E0%A7%8D%E0%A6%A3_%E0%A6%95%E0%A6%A5%E0%A6%BE%E0%A6%AE%E0%A7%83%E0%A6%A4_%E0%A6%AA%E0%A6%9E%E0%A7%8D%E0%A6%9A%E0%A6%AE_%E0%A6%AD%E0%A6%BE%E0%A6%97.djvu/%E0%A7%A9%E0%A7%AF,https://www.ramakrishnavivekananda.info/kathamrita/unicodekathamrita/08_c_atmanomohans_109_110.html
s0032,song,"ভাবছো কি মন একলা বসে,",Safe,,,,False,1,1882-11-26,8.4,Kathamrita Unicode edition (own copy),"Wikisource scan, unproofread",5,42,0.85,https://bn.wikisource.org/wiki/%E0%A6%AA%E0%A6%BE%E0%A6%A4%E0%A6%BE%3A%E0%A6%B6%E0%A7%8D%E0%A6%B0%E0%A7%80%E0%A6%B6%E0%A7%8D%E0%A6%B0%E0%A7%80%E0%A6%B0%E0%A6%BE%E0%A6%AE%E0%A6%95%E0%A7%83%E0%A6%B7%E0%A7%8D%E0%A6%A3_%E0%A6%95%E0%A6%A5%E0%A6%BE%E0%A6%AE%E0%A7%83%E0%A6%A4_%E0%A6%AA%E0%A6%9E%E0%A7%8D%E0%A6%9A%E0%A6%AE_%E0%A6%AD%E0%A6%BE%E0%A6%97.djvu/%E0%A7%AA%E0%A7%A8,https://www.ramakrishnavivekananda.info/kathamrita/unicodekathamrita/08_d_atmanimallicks_110_112.html
s0033,song,হৃদি-বৃন্দাবনে বাস যদি কর কমলাপতি।,Safe,,Dasarathi Ray,ভণিতা: “দাশরথি”,False,2,1882-12-14,9.8,Kathamrita Unicode edition (own copy),"Wikisource scan, unproofread",5,44,0.982,https://bn.wikisource.org/wiki/%E0%A6%AA%E0%A6%BE%E0%A6%A4%E0%A6%BE%3A%E0%A6%B6%E0%A7%8D%E0%A6%B0%E0%A7%80%E0%A6%B6%E0%A7%8D%E0%A6%B0%E0%A7%80%E0%A6%B0%E0%A6%BE%E0%A6%AE%E0%A6%95%E0%A7%83%E0%A6%B7%E0%A7%8D%E0%A6%A3_%E0%A6%95%E0%A6%A5%E0%A6%BE%E0%A6%AE%E0%A7%83%E0%A6%A4_%E0%A6%AA%E0%A6%9E%E0%A7%8D%E0%A6%9A%E0%A6%AE_%E0%A6%AD%E0%A6%BE%E0%A6%97.djvu/%E0%A7%AA%E0%A7%AA,https://www.ramakrishnavivekananda.info/kathamrita/unicodekathamrita/09_h_withbaburam_125_128.html
s0034,song,আমার প্রাণ-পিঞ্জরের পাখি গাওনারে।,Safe,,,,False,2,1882-12-14,9.8,Kathamrita Unicode edition (own copy),"Wikisource scan, unproofread",4,44,0.935,https://bn.wikisource.org/wiki/%E0%A6%AA%E0%A6%BE%E0%A6%A4%E0%A6%BE%3A%E0%A6%B6%E0%A7%8D%E0%A6%B0%E0%A7%80%E0%A6%B6%E0%A7%8D%E0%A6%B0%E0%A7%80%E0%A6%B0%E0%A6%BE%E0%A6%AE%E0%A6%95%E0%A7%83%E0%A6%B7%E0%A7%8D%E0%A6%A3_%E0%A6%95%E0%A6%A5%E0%A6%BE%E0%A6%AE%E0%A7%83%E0%A6%A4_%E0%A6%9A%E0%A6%A4%E0%A7%81%E0%A6%B0%E0%A7%8D%E0%A6%A5_%E0%A6%AD%E0%A6%BE%E0%A6%97.djvu/%E0%A7%AA%E0%A7%AA,https://www.ramakrishnavivekananda.info/kathamrita/unicodekathamrita/09_h_withbaburam_125_128.html
s0035,verse,"ওহি রাম দশরথকী বেটা,",Check,not a song,,,False,1,1882-12-14,9.9,Kathamrita Unicode edition (own copy),"Wikisource scan, unproofread",5,49,0.875,https://bn.wikisource.org/wiki/%E0%A6%AA%E0%A6%BE%E0%A6%A4%E0%A6%BE%3A%E0%A6%B6%E0%A7%8D%E0%A6%B0%E0%A7%80%E0%A6%B6%E0%A7%8D%E0%A6%B0%E0%A7%80%E0%A6%B0%E0%A6%BE%E0%A6%AE%E0%A6%95%E0%A7%83%E0%A6%B7%E0%A7%8D%E0%A6%A3_%E0%A6%95%E0%A6%A5%E0%A6%BE%E0%A6%AE%E0%A7%83%E0%A6%A4_%E0%A6%AA%E0%A6%9E%E0%A7%8D%E0%A6%9A%E0%A6%AE_%E0%A6%AD%E0%A6%BE%E0%A6%97.djvu/%E0%A7%AA%E0%A7%AF,https://www.ramakrishnavivekananda.info/kathamrita/unicodekathamrita/09_i_withmarwaribhaktas_128_129.html
s0036,song,নিত্যানন্দের জাহাজ এসেছে।,Safe,,,,False,1,1883-01-01,10.4,Kathamrita Unicode edition (own copy),"Wikisource scan, unproofread",4,35,0.975,https://bn.wikisource.org/wiki/%E0%A6%AA%E0%A6%BE%E0%A6%A4%E0%A6%BE%3A%E0%A6%B6%E0%A7%8D%E0%A6%B0%E0%A7%80%E0%A6%B6%E0%A7%8D%E0%A6%B0%E0%A7%80%E0%A6%B0%E0%A6%BE%E0%A6%AE%E0%A6%95%E0%A7%83%E0%A6%B7%E0%A7%8D%E0%A6%A3_%E0%A6%95%E0%A6%A5%E0%A6%BE%E0%A6%AE%E0%A7%83%E0%A6%A4_%E0%A6%9A%E0%A6%A4%E0%A7%81%E0%A6%B0%E0%A7%8D%E0%A6%A5_%E0%A6%AD%E0%A6%BE%E0%A6%97.djvu/%E0%A7%A9%E0%A7%AB,https://www.ramakrishnavivekananda.info/kathamrita/unicodekathamrita/10_d_sriradha_135_136.html
s0037,song,এই বেলা নে ঘর ছেয়ে।,Safe,,,,False,1,1883-01-01,10.4,Kathamrita Unicode edition (own copy),"Wikisource scan, unproofread",4,36,0.922,https://bn.wikisource.org/wiki/%E0%A6%AA%E0%A6%BE%E0%A6%A4%E0%A6%BE%3A%E0%A6%B6%E0%A7%8D%E0%A6%B0%E0%A7%80%E0%A6%B6%E0%A7%8D%E0%A6%B0%E0%A7%80%E0%A6%B0%E0%A6%BE%E0%A6%AE%E0%A6%95%E0%A7%83%E0%A6%B7%E0%A7%8D%E0%A6%A3_%E0%A6%95%E0%A6%A5%E0%A6%BE%E0%A6%AE%E0%A7%83%E0%A6%A4_%E0%A6%9A%E0%A6%A4%E0%A7%81%E0%A6%B0%E0%A7%8D%E0%A6%A5_%E0%A6%AD%E0%A6%BE%E0%A6%97.djvu/%E0%A7%A9%E0%A7%AC,https://www.ramakrishnavivekananda.info/kathamrita/unicodekathamrita/10_d_sriradha_135_136.html
s0038,song,"কার ভাবে নদে এসে, কাঙাল বেশে, হরি হয়ে বলছি হরি।",Safe,,,,False,1,1883-01-01,10.4,Kathamrita Unicode edition (own copy),"Wikisource scan, unproofread",4,36,0.957,https://bn.wikisource.org/wiki/%E0%A6%AA%E0%A6%BE%E0%A6%A4%E0%A6%BE%3A%E0%A6%B6%E0%A7%8D%E0%A6%B0%E0%A7%80%E0%A6%B6%E0%A7%8D%E0%A6%B0%E0%A7%80%E0%A6%B0%E0%A6%BE%E0%A6%AE%E0%A6%95%E0%A7%83%E0%A6%B7%E0%A7%8D%E0%A6%A3_%E0%A6%95%E0%A6%A5%E0%A6%BE%E0%A6%AE%E0%A7%83%E0%A6%A4_%E0%A6%9A%E0%A6%A4%E0%A7%81%E0%A6%B0%E0%A7%8D%E0%A6%A5_%E0%A6%AD%E0%A6%BE%E0%A6%97.djvu/%E0%A7%A9%E0%A7%AC,https://www.ramakrishnavivekananda.info/kathamrita/unicodekathamrita/10_d_sriradha_135_136.html
s0039,song,"সখি, সে বন কতদূর।",Safe,,,,False,2,1883-01-01,10.4,Kathamrita Unicode edition (own copy),"Wikisource scan, unproofread",1,249,0.935,https://bn.wikisource.org/wiki/%E0%A6%AA%E0%A6%BE%E0%A6%A4%E0%A6%BE%3A%E0%A6%B6%E0%A7%8D%E0%A6%B0%E0%A7%80%E0%A6%B6%E0%A7%8D%E0%A6%B0%E0%A7%80%E0%A6%B0%E0%A6%BE%E0%A6%AE%E0%A6%95%E0%A7%83%E0%A6%B7%E0%A7%8D%E0%A6%A3_%E0%A6%95%E0%A6%A5%E0%A6%BE%E0%A6%AE%E0%A7%83%E0%A6%A4_%E0%A6%AA%E0%A7%8D%E0%A6%B0%E0%A6%A5%E0%A6%AE_%E0%A6%AD%E0%A6%BE%E0%A6%97.djvu/%E0%A7%A8%E0%A7%AA%E0%A7%AF,https://www.ramakrishnavivekananda.info/kathamrita/unicodekathamrita/10_d_sriradha_135_136.html
s0040,verse,হৃদয়কমলমধ্যে নির্বিশেষং নিরীহম্‌।,Check,not a song,,,False,3,1883-01-01,10.4,Kathamrita Unicode edition (own copy),"Wikisource scan, unproofread",4,137,0.943,https://bn.wikisource.org/wiki/%E0%A6%AA%E0%A6%BE%E0%A6%A4%E0%A6%BE%3A%E0%A6%B6%E0%A7%8D%E0%A6%B0%E0%A7%80%E0%A6%B6%E0%A7%8D%E0%A6%B0%E0%A7%80%E0%A6%B0%E0%A6%BE%E0%A6%AE%E0%A6%95%E0%A7%83%E0%A6%B7%E0%A7%8D%E0%A6%A3_%E0%A6%95%E0%A6%A5%E0%A6%BE%E0%A6%AE%E0%A7%83%E0%A6%A4_%E0%A6%9A%E0%A6%A4%E0%A7%81%E0%A6%B0%E0%A7%8D%E0%A6%A5_%E0%A6%AD%E0%A6%BE%E0%A6%97.djvu/%E0%A7%A7%E0%A7%A9%E0%A7%AD,https://www.ramakrishnavivekananda.info/kathamrita/unicodekathamrita/10_d_sriradha_135_136.html
s0041,song,"জাগ জাগ জননি,",Safe,,,,False,2,1883-02-18,11.1,Kathamrita Unicode edition (own copy),"Wikisource scan, unproofread",5,51,0.955,https://bn.wikisource.org/wiki/%E0%A6%AA%E0%A6%BE%E0%A6%A4%E0%A6%BE%3A%E0%A6%B6%E0%A7%8D%E0%A6%B0%E0%A7%80%E0%A6%B6%E0%A7%8D%E0%A6%B0%E0%A7%80%E0%A6%B0%E0%A6%BE%E0%A6%AE%E0%A6%95%E0%A7%83%E0%A6%B7%E0%A7%8D%E0%A6%A3_%E0%A6%95%E0%A6%A5%E0%A6%BE%E0%A6%AE%E0%A7%83%E0%A6%A4_%E0%A6%AA%E0%A6%9E%E0%A7%8D%E0%A6%9A%E0%A6%AE_%E0%A6%AD%E0%A6%BE%E0%A6%97.djvu/%E0%A7%AB%E0%A7%A7,https://www.ramakrishnavivekananda.info/kathamrita/unicodekathamrita/11_atgovindamukhopadhyayas_138_139.html
s0042,song,আমি মুক্তি দিতে কাতর নই,Safe,,,,True,4,1883-02-25,12.1,Kathamrita Unicode edition (own copy),"Wikisource scan, unproofread",4,41,1.0,https://bn.wikisource.org/wiki/%E0%A6%AA%E0%A6%BE%E0%A6%A4%E0%A6%BE%3A%E0%A6%B6%E0%A7%8D%E0%A6%B0%E0%A7%80%E0%A6%B6%E0%A7%8D%E0%A6%B0%E0%A7%80%E0%A6%B0%E0%A6%BE%E0%A6%AE%E0%A6%95%E0%A7%83%E0%A6%B7%E0%A7%8D%E0%A6%A3_%E0%A6%95%E0%A6%A5%E0%A6%BE%E0%A6%AE%E0%A7%83%E0%A6%A4_%E0%A6%9A%E0%A6%A4%E0%A7%81%E0%A6%B0%E0%A7%8D%E0%A6%A5_%E0%A6%AD%E0%A6%BE%E0%A6%97.djvu/%E0%A7%AA%E0%A7%A7,https://www.ramakrishnavivekananda.info/kathamrita/unicodekathamrita/12_a_atdakshineshwar_140_142.html
s0043,song,"ধন্য ধন্য ধন্য আজি দিন আনন্দকারী,",Safe,,,,False,1,1883-03-11,12.3,Kathamrita Unicode edition (own copy),"not found on Wikisource (Part 2, or scan text too noisy)",,,,,https://www.ramakrishnavivekananda.info/kathamrita/unicodekathamrita/12_c_birthdaymorning_145_146.html
s0044,song,শ্যামাপদ-আকাশেতে মন ঘুড়িখান উড়তেছিল ৷,Safe,,,,True,6,1883-03-11,12.9,Kathamrita Unicode edition (own copy),"Wikisource scan, unproofread",3,121,0.984,https://bn.wikisource.org/wiki/%E0%A6%AA%E0%A6%BE%E0%A6%A4%E0%A6%BE%3A%E0%A6%B6%E0%A7%8D%E0%A6%B0%E0%A7%80%E0%A6%B6%E0%A7%8D%E0%A6%B0%E0%A7%80%E0%A6%B0%E0%A6%BE%E0%A6%AE%E0%A6%95%E0%A7%83%E0%A6%B7%E0%A7%8D%E0%A6%A3_%E0%A6%95%E0%A6%A5%E0%A6%BE%E0%A6%AE%E0%A7%83%E0%A6%A4_%E0%A6%A4%E0%A7%83%E0%A6%A4%E0%A7%80%E0%A6%AF%E0%A6%BC_%E0%A6%AD%E0%A6%BE%E0%A6%97.djvu/%E0%A7%A7%E0%A7%A8%E0%A7%A7,https://www.ramakrishnavivekananda.info/kathamrita/unicodekathamrita/12_i_atpanchabati_154_155.html
s0045,song,মজলো আমার মনভ্রমরা শ্যামাপদ নীলকমলে ৷,Safe,,Kamalakanta Bhattacharya,ভণিতা: “কমলাকান্ত”,True,6,1883-03-11,12.9,Kathamrita Unicode edition (own copy),"Wikisource scan, unproofread",4,164,0.737,https://bn.wikisource.org/wiki/%E0%A6%AA%E0%A6%BE%E0%A6%A4%E0%A6%BE%3A%E0%A6%B6%E0%A7%8D%E0%A6%B0%E0%A7%80%E0%A6%B6%E0%A7%8D%E0%A6%B0%E0%A7%80%E0%A6%B0%E0%A6%BE%E0%A6%AE%E0%A6%95%E0%A7%83%E0%A6%B7%E0%A7%8D%E0%A6%A3_%E0%A6%95%E0%A6%A5%E0%A6%BE%E0%A6%AE%E0%A7%83%E0%A6%A4_%E0%A6%9A%E0%A6%A4%E0%A7%81%E0%A6%B0%E0%A7%8D%E0%A6%A5_%E0%A6%AD%E0%A6%BE%E0%A6%97.djvu/%E0%A7%A7%E0%A7%AC%E0%A7%AA,https://www.ramakrishnavivekananda.info/kathamrita/unicodekathamrita/12_i_atpanchabati_154_155.html
s0046,song,শ্যামা মা কি এক কল করেছে।,Safe,,,,True,3,1883-03-11,12.9,Kathamrita Unicode edition (own copy),"Wikisource scan, unproofread",4,164,0.939,https://bn.wikisource.org/wiki/%E0%A6%AA%E0%A6%BE%E0%A6%A4%E0%A6%BE%3A%E0%A6%B6%E0%A7%8D%E0%A6%B0%E0%A7%80%E0%A6%B6%E0%A7%8D%E0%A6%B0%E0%A7%80%E0%A6%B0%E0%A6%BE%E0%A6%AE%E0%A6%95%E0%A7%83%E0%A6%B7%E0%A7%8D%E0%A6%A3_%E0%A6%95%E0%A6%A5%E0%A6%BE%E0%A6%AE%E0%A7%83%E0%A6%A4_%E0%A6%9A%E0%A6%A4%E0%A7%81%E0%A6%B0%E0%A7%8D%E0%A6%A5_%E0%A6%AD%E0%A6%BE%E0%A6%97.djvu/%E0%A7%A7%E0%A7%AC%E0%A7%AA,https://www.ramakrishnavivekananda.info/kathamrita/unicodekathamrita/12_i_atpanchabati_154_155.html
s0047,song,ভবে আসা খেলতে পাশা কত আশা করেছিলাম।,Safe,,,,False,2,1883-03-11,12.9,Kathamrita Unicode edition (own copy),"Wikisource scan, unproofread",4,132,0.983,https://bn.wikisource.org/wiki/%E0%A6%AA%E0%A6%BE%E0%A6%A4%E0%A6%BE%3A%E0%A6%B6%E0%A7%8D%E0%A6%B0%E0%A7%80%E0%A6%B6%E0%A7%8D%E0%A6%B0%E0%A7%80%E0%A6%B0%E0%A6%BE%E0%A6%AE%E0%A6%95%E0%A7%83%E0%A6%B7%E0%A7%8D%E0%A6%A3_%E0%A6%95%E0%A6%A5%E0%A6%BE%E0%A6%AE%E0%A7%83%E0%A6%A4_%E0%A6%9A%E0%A6%A4%E0%A7%81%E0%A6%B0%E0%A7%8D%E0%A6%A5_%E0%A6%AD%E0%A6%BE%E0%A6%97.djvu/%E0%A7%A7%E0%A7%A9%E0%A7%A8,https://www.ramakrishnavivekananda.info/kathamrita/unicodekathamrita/12_i_atpanchabati_154_155.html
s0048,song,বিশ্বভুবনরঞ্জন ব্রহ্ম পরম জ্যোতিঃ ৷,Safe,,,,False,1,1883-04-07,12.13,Kathamrita Unicode edition (own copy),"Wikisource scan, unproofread",4,44,0.979,https://bn.wikisource.org/wiki/%E0%A6%AA%E0%A6%BE%E0%A6%A4%E0%A6%BE%3A%E0%A6%B6%E0%A7%8D%E0%A6%B0%E0%A7%80%E0%A6%B6%E0%A7%8D%E0%A6%B0%E0%A7%80%E0%A6%B0%E0%A6%BE%E0%A6%AE%E0%A6%95%E0%A7%83%E0%A6%B7%E0%A7%8D%E0%A6%A3_%E0%A6%95%E0%A6%A5%E0%A6%BE%E0%A6%AE%E0%A7%83%E0%A6%A4_%E0%A6%9A%E0%A6%A4%E0%A7%81%E0%A6%B0%E0%A7%8D%E0%A6%A5_%E0%A6%AD%E0%A6%BE%E0%A6%97.djvu/%E0%A7%AA%E0%A7%AA,https://www.ramakrishnavivekananda.info/kathamrita/unicodekathamrita/12_m_atbalarams_159_162.html
s0049,song,"ওহে রাজরাজেশ্বর, দেখা দাও।",Safe,,,,False,2,1883-04-07,12.13,Kathamrita Unicode edition (own copy),"Wikisource scan, unproofread",4,343,0.979,https://bn.wikisource.org/wiki/%E0%A6%AA%E0%A6%BE%E0%A6%A4%E0%A6%BE%3A%E0%A6%B6%E0%A7%8D%E0%A6%B0%E0%A7%80%E0%A6%B6%E0%A7%8D%E0%A6%B0%E0%A7%80%E0%A6%B0%E0%A6%BE%E0%A6%AE%E0%A6%95%E0%A7%83%E0%A6%B7%E0%A7%8D%E0%A6%A3_%E0%A6%95%E0%A6%A5%E0%A6%BE%E0%A6%AE%E0%A7%83%E0%A6%A4_%E0%A6%9A%E0%A6%A4%E0%A7%81%E0%A6%B0%E0%A7%8D%E0%A6%A5_%E0%A6%AD%E0%A6%BE%E0%A6%97.djvu/%E0%A7%A9%E0%A7%AA%E0%A7%A9,https://www.ramakrishnavivekananda.info/kathamrita/unicodekathamrita/12_m_atbalarams_159_162.html
s0050,song,গগনের থালে রবিচন্দ্র দীপক জ্বলে।,Safe,,,,False,2,1883-04-07,12.13,Kathamrita Unicode edition (own copy),"Wikisource scan, unproofread",3,255,0.977,https://bn.wikisource.org/wiki/%E0%A6%AA%E0%A6%BE%E0%A6%A4%E0%A6%BE%3A%E0%A6%B6%E0%A7%8D%E0%A6%B0%E0%A7%80%E0%A6%B6%E0%A7%8D%E0%A6%B0%E0%A7%80%E0%A6%B0%E0%A6%BE%E0%A6%AE%E0%A6%95%E0%A7%83%E0%A6%B7%E0%A7%8D%E0%A6%A3_%E0%A6%95%E0%A6%A5%E0%A6%BE%E0%A6%AE%E0%A7%83%E0%A6%A4_%E0%A6%A4%E0%A7%83%E0%A6%A4%E0%A7%80%E0%A6%AF%E0%A6%BC_%E0%A6%AD%E0%A6%BE%E0%A6%97.djvu/%E0%A7%A8%E0%A7%AB%E0%A7%AB,https://www.ramakrishnavivekananda.info/kathamrita/unicodekathamrita/12_m_atbalarams_159_162.html
s0051,song,দয়াঘন তোমা হেন কে হিতকারী!,Safe,,,,False,1,1883-04-07,12.13,Kathamrita Unicode edition (own copy),"Wikisource scan, unproofread",4,44,0.981,https://bn.wikisource.org/wiki/%E0%A6%AA%E0%A6%BE%E0%A6%A4%E0%A6%BE%3A%E0%A6%B6%E0%A7%8D%E0%A6%B0%E0%A7%80%E0%A6%B6%E0%A7%8D%E0%A6%B0%E0%A7%80%E0%A6%B0%E0%A6%BE%E0%A6%AE%E0%A6%95%E0%A7%83%E0%A6%B7%E0%A7%8D%E0%A6%A3_%E0%A6%95%E0%A6%A5%E0%A6%BE%E0%A6%AE%E0%A7%83%E0%A6%A4_%E0%A6%9A%E0%A6%A4%E0%A7%81%E0%A6%B0%E0%A7%8D%E0%A6%A5_%E0%A6%AD%E0%A6%BE%E0%A6%97.djvu/%E0%A7%AA%E0%A7%AA,https://www.ramakrishnavivekananda.info/kathamrita/unicodekathamrita/12_m_atbalarams_159_162.html
s0052,song,"যতনে হৃদয়ে রেখো আদরিণী শ্যামা মাকে,",Safe,,,,True,5,1883-04-07,12.13,Kathamrita Unicode edition (own copy),"Wikisource scan, unproofread",4,45,0.984,https://bn.wikisource.org/wiki/%E0%A6%AA%E0%A6%BE%E0%A6%A4%E0%A6%BE%3A%E0%A6%B6%E0%A7%8D%E0%A6%B0%E0%A7%80%E0%A6%B6%E0%A7%8D%E0%A6%B0%E0%A7%80%E0%A6%B0%E0%A6%BE%E0%A6%AE%E0%A6%95%E0%A7%83%E0%A6%B7%E0%A7%8D%E0%A6%A3_%E0%A6%95%E0%A6%A5%E0%A6%BE%E0%A6%AE%E0%A7%83%E0%A6%A4_%E0%A6%9A%E0%A6%A4%E0%A7%81%E0%A6%B0%E0%A7%8D%E0%A6%A5_%E0%A6%AD%E0%A6%BE%E0%A6%97.djvu/%E0%A7%AA%E0%A7%AB,https://www.ramakrishnavivekananda.info/kathamrita/unicodekathamrita/12_m_atbalarams_159_162.html
s0053,verse,‘সাধ করে শিখেছিলাম কাব্যরস যত ৷,Check,not a song,,,False,1,1883-04-07,12.13,Kathamrita Unicode edition (own copy),"Wikisource scan, unproofread",4,45,1.0,https://bn.wikisource.org/wiki/%E0%A6%AA%E0%A6%BE%E0%A6%A4%E0%A6%BE%3A%E0%A6%B6%E0%A7%8D%E0%A6%B0%E0%A7%80%E0%A6%B6%E0%A7%8D%E0%A6%B0%E0%A7%80%E0%A6%B0%E0%A6%BE%E0%A6%AE%E0%A6%95%E0%A7%83%E0%A6%B7%E0%A7%8D%E0%A6%A3_%E0%A6%95%E0%A6%A5%E0%A6%BE%E0%A6%AE%E0%A7%83%E0%A6%A4_%E0%A6%9A%E0%A6%A4%E0%A7%81%E0%A6%B0%E0%A7%8D%E0%A6%A5_%E0%A6%AD%E0%A6%BE%E0%A6%97.djvu/%E0%A7%AA%E0%A7%AB,https://www.ramakrishnavivekananda.info/kathamrita/unicodekathamrita/12_m_atbalarams_159_162.html
s0054,song,"দোষ কারু নয় গো মা, আমি স্বখাত সলিলে ডুবে মরি শ্যামা ৷",Safe,,Dasarathi Ray,ভণিতা: “দাশরথি”,False,3,1883-04-08,12.16,Kathamrita Unicode edition (own copy),"Wikisource scan, unproofread",4,76,0.629,https://bn.wikisource.org/wiki/%E0%A6%AA%E0%A6%BE%E0%A6%A4%E0%A6%BE%3A%E0%A6%B6%E0%A7%8D%E0%A6%B0%E0%A7%80%E0%A6%B6%E0%A7%8D%E0%A6%B0%E0%A7%80%E0%A6%B0%E0%A6%BE%E0%A6%AE%E0%A6%95%E0%A7%83%E0%A6%B7%E0%A7%8D%E0%A6%A3_%E0%A6%95%E0%A6%A5%E0%A6%BE%E0%A6%AE%E0%A7%83%E0%A6%A4_%E0%A6%9A%E0%A6%A4%E0%A7%81%E0%A6%B0%E0%A7%8D%E0%A6%A5_%E0%A6%AD%E0%A6%BE%E0%A6%97.djvu/%E0%A7%AD%E0%A7%AC,https://www.ramakrishnavivekananda.info/kathamrita/unicodekathamrita/12_p_with_brahmos_165_168.html
s0055,song,"এ কি বিকার শঙ্করী, কৃপা-চরণতরী পেলে ধন্বন্তরি!",Safe,,Dasarathi Ray,ভণিতা: “দাশরথি”,True,2,1883-04-08,12.16,Kathamrita Unicode edition (own copy),"not found on Wikisource (Part 2, or scan text too noisy)",,,,,https://www.ramakrishnavivekananda.info/kathamrita/unicodekathamrita/12_p_with_brahmos_165_168.html
s0056,song,"নবনীরদবরণ কিসে গণ্য শ্যামচাঁদ রূপ হেরে,",Safe,,,,True,3,1883-04-08,12.17,Kathamrita Unicode edition (own copy),"Wikisource scan, unproofread",5,130,0.934,https://bn.wikisource.org/wiki/%E0%A6%AA%E0%A6%BE%E0%A6%A4%E0%A6%BE%3A%E0%A6%B6%E0%A7%8D%E0%A6%B0%E0%A7%80%E0%A6%B6%E0%A7%8D%E0%A6%B0%E0%A7%80%E0%A6%B0%E0%A6%BE%E0%A6%AE%E0%A6%95%E0%A7%83%E0%A6%B7%E0%A7%8D%E0%A6%A3_%E0%A6%95%E0%A6%A5%E0%A6%BE%E0%A6%AE%E0%A7%83%E0%A6%A4_%E0%A6%AA%E0%A6%9E%E0%A7%8D%E0%A6%9A%E0%A6%AE_%E0%A6%AD%E0%A6%BE%E0%A6%97.djvu/%E0%A7%A7%E0%A7%A9%E0%A7%A6,https://www.ramakrishnavivekananda.info/kathamrita/unicodekathamrita/12_q_ramlals_songs_168_170.html
s0057,song,নাথ! তিমি সর্বস্ব আমার। প্রাণাধার সারাৎসার;,Safe,,,,False,1,1883-04-08,12.17,Kathamrita Unicode edition (own copy),"Wikisource scan, unproofread",3,293,0.864,https://bn.wikisource.org/wiki/%E0%A6%AA%E0%A6%BE%E0%A6%A4%E0%A6%BE%3A%E0%A6%B6%E0%A7%8D%E0%A6%B0%E0%A7%80%E0%A6%B6%E0%A7%8D%E0%A6%B0%E0%A7%80%E0%A6%B0%E0%A6%BE%E0%A6%AE%E0%A6%95%E0%A7%83%E0%A6%B7%E0%A7%8D%E0%A6%A3_%E0%A6%95%E0%A6%A5%E0%A6%BE%E0%A6%AE%E0%A7%83%E0%A6%A4_%E0%A6%A4%E0%A7%83%E0%A6%A4%E0%A7%80%E0%A6%AF%E0%A6%BC_%E0%A6%AD%E0%A6%BE%E0%A6%97.djvu/%E0%A7%A8%E0%A7%AF%E0%A7%A9,https://www.ramakrishnavivekananda.info/kathamrita/unicodekathamrita/12_q_ramlals_songs_168_170.html
s0058,song,"ধোরো না ধোরো না রথচক্র রথ কি চক্রে চলে,",Safe,,,,True,3,1883-04-08,12.17,Kathamrita Unicode edition (own copy),"Wikisource scan, unproofread",5,72,0.919,https://bn.wikisource.org/wiki/%E0%A6%AA%E0%A6%BE%E0%A6%A4%E0%A6%BE%3A%E0%A6%B6%E0%A7%8D%E0%A6%B0%E0%A7%80%E0%A6%B6%E0%A7%8D%E0%A6%B0%E0%A7%80%E0%A6%B0%E0%A6%BE%E0%A6%AE%E0%A6%95%E0%A7%83%E0%A6%B7%E0%A7%8D%E0%A6%A3_%E0%A6%95%E0%A6%A5%E0%A6%BE%E0%A6%AE%E0%A7%83%E0%A6%A4_%E0%A6%AA%E0%A6%9E%E0%A7%8D%E0%A6%9A%E0%A6%AE_%E0%A6%AD%E0%A6%BE%E0%A6%97.djvu/%E0%A7%AD%E0%A7%A8,https://www.ramakrishnavivekananda.info/kathamrita/unicodekathamrita/12_q_ramlals_songs_168_170.html
s0059,song,"প্যারী! কার তরে আর, গাঁথ হার যতনে।",Safe,,,,False,1,1883-04-08,12.17,Kathamrita Unicode edition (own copy),"not found on Wikisource (Part 2, or scan text too noisy)",,,,,https://www.ramakrishnavivekananda.info/kathamrita/unicodekathamrita/12_q_ramlals_songs_168_170.html
s0060,song,"জীব সাজ সমরে, রণবেশে কাল প্রবেশ তোর ঘরে।",Safe,,Dasarathi Ray,ভণিতা: “দাশরথি”,True,1,1883-04-08,12.18,Kathamrita Unicode edition (own copy),"not found on Wikisource (Part 2, or scan text too noisy)",,,,,https://www.ramakrishnavivekananda.info/kathamrita/unicodekathamrita/12_r_divine_form_170_172.html
s0061,song,লাখবান কাঞ্চন জিনি। রসে ঢর ঢর গোরা মুঁজাঙ নিছনি ॥,Safe,,,,False,1,1883-04-15,13.2,Kathamrita Unicode edition (own copy),"not found on Wikisource (Part 2, or scan text too noisy)",,,,,https://www.ramakrishnavivekananda.info/kathamrita/unicodekathamrita/13_b_singing_with_devotees_176_177.html
s0062,song,"ধনি মালা গাঁথে, শ্যামগলে দোলাইতে,",Safe,,,,False,1,1883-04-15,13.2,Kathamrita Unicode edition (own copy),"not found on Wikisource (Part 2, or scan text too noisy)",,,,,https://www.ramakrishnavivekananda.info/kathamrita/unicodekathamrita/13_b_singing_with_devotees_176_177.html
s0063,song,গো আনন্দময়ী হয়ে আমায় নিরানন্দ কর না।,Safe,,,,True,7,1883-04-15,13.3,Kathamrita Unicode edition (own copy),"not found on Wikisource (Part 2, or scan text too noisy)",,,,,https://www.ramakrishnavivekananda.info/kathamrita/unicodekathamrita/13_c_form_formless_177_178.html
s0064,song,বল রে বল শ্রীদুর্গানাম। (ওরে আমার আমার মন রে) ॥,Safe,,,,True,2,1883-04-15,13.3,Kathamrita Unicode edition (own copy),"not found on Wikisource (Part 2, or scan text too noisy)",,,,,https://www.ramakrishnavivekananda.info/kathamrita/unicodekathamrita/13_c_form_formless_177_178.html
s0065,verse,ওঁ সত্যং জ্ঞানমনন্তং ব্রহ্ম। আনন্দরূপমমৃতংযদ্বিভাতি।,Check,not a song,,,False,1,1883-05-02,13.6,Kathamrita Unicode edition (own copy),"Wikisource scan, unproofread",4,49,0.931,https://bn.wikisource.org/wiki/%E0%A6%AA%E0%A6%BE%E0%A6%A4%E0%A6%BE%3A%E0%A6%B6%E0%A7%8D%E0%A6%B0%E0%A7%80%E0%A6%B6%E0%A7%8D%E0%A6%B0%E0%A7%80%E0%A6%B0%E0%A6%BE%E0%A6%AE%E0%A6%95%E0%A7%83%E0%A6%B7%E0%A7%8D%E0%A6%A3_%E0%A6%95%E0%A6%A5%E0%A6%BE%E0%A6%AE%E0%A7%83%E0%A6%A4_%E0%A6%9A%E0%A6%A4%E0%A7%81%E0%A6%B0%E0%A7%8D%E0%A6%A5_%E0%A6%AD%E0%A6%BE%E0%A6%97.djvu/%E0%A7%AA%E0%A7%AF,https://www.ramakrishnavivekananda.info/kathamrita/unicodekathamrita/13_f_at_nandanbagan_183_186.html
s0066,verse,অসতো মা সদ্‌গময়। তমসো মা জ্যোতির্গময়।,Check,not a song,,,False,1,1883-05-02,13.6,Kathamrita Unicode edition (own copy),"Wikisource scan, unproofread",4,49,0.857,https://bn.wikisource.org/wiki/%E0%A6%AA%E0%A6%BE%E0%A6%A4%E0%A6%BE%3A%E0%A6%B6%E0%A7%8D%E0%A6%B0%E0%A7%80%E0%A6%B6%E0%A7%8D%E0%A6%B0%E0%A7%80%E0%A6%B0%E0%A6%BE%E0%A6%AE%E0%A6%95%E0%A7%83%E0%A6%B7%E0%A7%8D%E0%A6%A3_%E0%A6%95%E0%A6%A5%E0%A6%BE%E0%A6%AE%E0%A7%83%E0%A6%A4_%E0%A6%9A%E0%A6%A4%E0%A7%81%E0%A6%B0%E0%A7%8D%E0%A6%A5_%E0%A6%AD%E0%A6%BE%E0%A6%97.djvu/%E0%A7%AA%E0%A7%AF,https://www.ramakrishnavivekananda.info/kathamrita/unicodekathamrita/13_f_at_nandanbagan_183_186.html
s0067,song,"সদানন্দময়ী কালী, মহাকালের মনোমোহিনী ৷",Safe,,Kamalakanta Bhattacharya,ভণিতা: “কমলাকান্ত”,True,2,1883-05-27,13.8,Kathamrita Unicode edition (own copy),"Wikisource scan, unproofread",5,64,0.938,https://bn.wikisource.org/wiki/%E0%A6%AA%E0%A6%BE%E0%A6%A4%E0%A6%BE%3A%E0%A6%B6%E0%A7%8D%E0%A6%B0%E0%A7%80%E0%A6%B6%E0%A7%8D%E0%A6%B0%E0%A7%80%E0%A6%B0%E0%A6%BE%E0%A6%AE%E0%A6%95%E0%A7%83%E0%A6%B7%E0%A7%8D%E0%A6%A3_%E0%A6%95%E0%A6%A5%E0%A6%BE%E0%A6%AE%E0%A7%83%E0%A6%A4_%E0%A6%AA%E0%A6%9E%E0%A7%8D%E0%A6%9A%E0%A6%AE_%E0%A6%AD%E0%A6%BE%E0%A6%97.djvu/%E0%A7%AC%E0%A7%AA,https://www.ramakrishnavivekananda.info/kathamrita/unicodekathamrita/13_h_with_devotees_187_190.html
s0068,song,আমার মা ত্বং হি তারা,Safe,,,,True,1,1883-05-27,13.8,Kathamrita Unicode edition (own copy),"Wikisource scan, unproofread",5,64,0.97,https://bn.wikisource.org/wiki/%E0%A6%AA%E0%A6%BE%E0%A6%A4%E0%A6%BE%3A%E0%A6%B6%E0%A7%8D%E0%A6%B0%E0%A7%80%E0%A6%B6%E0%A7%8D%E0%A6%B0%E0%A7%80%E0%A6%B0%E0%A6%BE%E0%A6%AE%E0%A6%95%E0%A7%83%E0%A6%B7%E0%A7%8D%E0%A6%A3_%E0%A6%95%E0%A6%A5%E0%A6%BE%E0%A6%AE%E0%A7%83%E0%A6%A4_%E0%A6%AA%E0%A6%9E%E0%A7%8D%E0%A6%9A%E0%A6%AE_%E0%A6%AD%E0%A6%BE%E0%A6%97.djvu/%E0%A7%AC%E0%A7%AA,https://www.ramakrishnavivekananda.info/kathamrita/unicodekathamrita/13_h_with_devotees_187_190.html
s0069,song,"গোলমালে মাল রয়েছে, গোল ছেড়ে মাল বেছে নাও।",Safe,,,,True,1,1883-05-27,13.8,Kathamrita Unicode edition (own copy),"Wikisource scan, unproofread",5,64,0.971,https://bn.wikisource.org/wiki/%E0%A6%AA%E0%A6%BE%E0%A6%A4%E0%A6%BE%3A%E0%A6%B6%E0%A7%8D%E0%A6%B0%E0%A7%80%E0%A6%B6%E0%A7%8D%E0%A6%B0%E0%A7%80%E0%A6%B0%E0%A6%BE%E0%A6%AE%E0%A6%95%E0%A7%83%E0%A6%B7%E0%A7%8D%E0%A6%A3_%E0%A6%95%E0%A6%A5%E0%A6%BE%E0%A6%AE%E0%A7%83%E0%A6%A4_%E0%A6%AA%E0%A6%9E%E0%A7%8D%E0%A6%9A%E0%A6%AE_%E0%A6%AD%E0%A6%BE%E0%A6%97.djvu/%E0%A7%AC%E0%A7%AA,https://www.ramakrishnavivekananda.info/kathamrita/unicodekathamrita/13_h_with_devotees_187_190.html
s0070,song,"মন চল যাই, আর কাজ নাই, তারাও ও তালুকে রে!",Safe,,,,True,1,1883-05-27,13.8,Kathamrita Unicode edition (own copy),"Wikisource scan, unproofread",5,64,0.929,https://bn.wikisource.org/wiki/%E0%A6%AA%E0%A6%BE%E0%A6%A4%E0%A6%BE%3A%E0%A6%B6%E0%A7%8D%E0%A6%B0%E0%A7%80%E0%A6%B6%E0%A7%8D%E0%A6%B0%E0%A7%80%E0%A6%B0%E0%A6%BE%E0%A6%AE%E0%A6%95%E0%A7%83%E0%A6%B7%E0%A7%8D%E0%A6%A3_%E0%A6%95%E0%A6%A5%E0%A6%BE%E0%A6%AE%E0%A7%83%E0%A6%A4_%E0%A6%AA%E0%A6%9E%E0%A7%8D%E0%A6%9A%E0%A6%AE_%E0%A6%AD%E0%A6%BE%E0%A6%97.djvu/%E0%A7%AC%E0%A7%AA,https://www.ramakrishnavivekananda.info/kathamrita/unicodekathamrita/13_h_with_devotees_187_190.html
s0071,song,মায়ে পোয়ে দুটো দুখের কথা কি।,Safe,,,,True,1,1883-05-27,13.8,Kathamrita Unicode edition (own copy),"Wikisource scan, unproofread",5,64,0.947,https://bn.wikisource.org/wiki/%E0%A6%AA%E0%A6%BE%E0%A6%A4%E0%A6%BE%3A%E0%A6%B6%E0%A7%8D%E0%A6%B0%E0%A7%80%E0%A6%B6%E0%A7%8D%E0%A6%B0%E0%A7%80%E0%A6%B0%E0%A6%BE%E0%A6%AE%E0%A6%95%E0%A7%83%E0%A6%B7%E0%A7%8D%E0%A6%A3_%E0%A6%95%E0%A6%A5%E0%A6%BE%E0%A6%AE%E0%A7%83%E0%A6%A4_%E0%A6%AA%E0%A6%9E%E0%A7%8D%E0%A6%9A%E0%A6%AE_%E0%A6%AD%E0%A6%BE%E0%A6%97.djvu/%E0%A7%AC%E0%A7%AA,https://www.ramakrishnavivekananda.info/kathamrita/unicodekathamrita/13_h_with_devotees_187_190.html
s0072,song,"ঘরের বাহিরে, দণ্ডে শতবার তিলে তিলে আসে যায়",Safe,,Chandidas,ভণিতা: “চণ্ডীদাস”,False,2,1883-05-27,13.8,Kathamrita Unicode edition (own copy),"Wikisource scan, unproofread",5,65,0.898,https://bn.wikisource.org/wiki/%E0%A6%AA%E0%A6%BE%E0%A6%A4%E0%A6%BE%3A%E0%A6%B6%E0%A7%8D%E0%A6%B0%E0%A7%80%E0%A6%B6%E0%A7%8D%E0%A6%B0%E0%A7%80%E0%A6%B0%E0%A6%BE%E0%A6%AE%E0%A6%95%E0%A7%83%E0%A6%B7%E0%A7%8D%E0%A6%A3_%E0%A6%95%E0%A6%A5%E0%A6%BE%E0%A6%AE%E0%A7%83%E0%A6%A4_%E0%A6%AA%E0%A6%9E%E0%A7%8D%E0%A6%9A%E0%A6%AE_%E0%A6%AD%E0%A6%BE%E0%A6%97.djvu/%E0%A7%AC%E0%A7%AB,https://www.ramakrishnavivekananda.info/kathamrita/unicodekathamrita/13_h_with_devotees_187_190.html
s0073,song,"শ্রীমতী বলছেন, সখি, প্রাণ যায়, কৃষ্ণ এনে দে!",Safe,,,,False,1,1883-06-02,13.9,Kathamrita Unicode edition (own copy),"Wikisource scan, unproofread",5,69,0.967,https://bn.wikisource.org/wiki/%E0%A6%AA%E0%A6%BE%E0%A6%A4%E0%A6%BE%3A%E0%A6%B6%E0%A7%8D%E0%A6%B0%E0%A7%80%E0%A6%B6%E0%A7%8D%E0%A6%B0%E0%A7%80%E0%A6%B0%E0%A6%BE%E0%A6%AE%E0%A6%95%E0%A7%83%E0%A6%B7%E0%A7%8D%E0%A6%A3_%E0%A6%95%E0%A6%A5%E0%A6%BE%E0%A6%AE%E0%A7%83%E0%A6%A4_%E0%A6%AA%E0%A6%9E%E0%A7%8D%E0%A6%9A%E0%A6%AE_%E0%A6%AD%E0%A6%BE%E0%A6%97.djvu/%E0%A7%AC%E0%A7%AF,https://www.ramakrishnavivekananda.info/kathamrita/unicodekathamrita/13_i_at_balarams_190_193.html
s0074,song,সবহুঁ মিলি কয়লি প্রীত...,Safe,,,,False,1,1883-06-02,13.9,Kathamrita Unicode edition (own copy),"Wikisource scan, unproofread",5,69,0.981,https://bn.wikisource.org/wiki/%E0%A6%AA%E0%A6%BE%E0%A6%A4%E0%A6%BE%3A%E0%A6%B6%E0%A7%8D%E0%A6%B0%E0%A7%80%E0%A6%B6%E0%A7%8D%E0%A6%B0%E0%A7%80%E0%A6%B0%E0%A6%BE%E0%A6%AE%E0%A6%95%E0%A7%83%E0%A6%B7%E0%A7%8D%E0%A6%A3_%E0%A6%95%E0%A6%A5%E0%A6%BE%E0%A6%AE%E0%A7%83%E0%A6%A4_%E0%A6%AA%E0%A6%9E%E0%A7%8D%E0%A6%9A%E0%A6%AE_%E0%A6%AD%E0%A6%BE%E0%A6%97.djvu/%E0%A7%AC%E0%A7%AF,https://www.ramakrishnavivekananda.info/kathamrita/unicodekathamrita/13_i_at_balarams_190_193.html
s0075,song,"তুমি স্বর্গ, তুমি মর্ত মা, তুমি সে পাতাল।",Safe,,,,False,1,1883-06-04,14.1,Kathamrita Unicode edition (own copy),"Wikisource scan, unproofread",4,157,0.964,https://bn.wikisource.org/wiki/%E0%A6%AA%E0%A6%BE%E0%A6%A4%E0%A6%BE%3A%E0%A6%B6%E0%A7%8D%E0%A6%B0%E0%A7%80%E0%A6%B6%E0%A7%8D%E0%A6%B0%E0%A7%80%E0%A6%B0%E0%A6%BE%E0%A6%AE%E0%A6%95%E0%A7%83%E0%A6%B7%E0%A7%8D%E0%A6%A3_%E0%A6%95%E0%A6%A5%E0%A6%BE%E0%A6%AE%E0%A7%83%E0%A6%A4_%E0%A6%9A%E0%A6%A4%E0%A7%81%E0%A6%B0%E0%A7%8D%E0%A6%A5_%E0%A6%AD%E0%A6%BE%E0%A6%97.djvu/%E0%A7%A7%E0%A7%AB%E0%A7%AD,https://www.ramakrishnavivekananda.info/kathamrita/unicodekathamrita/14_a_at_dakshineshwar_196_197.html
s0076,song,আপনাতে আপনি থেকো মন যেও নাকো কারু ঘরে।,Safe,,,,True,4,1883-06-04,14.4,Kathamrita Unicode edition (own copy),"Wikisource scan, unproofread",4,188,0.952,https://bn.wikisource.org/wiki/%E0%A6%AA%E0%A6%BE%E0%A6%A4%E0%A6%BE%3A%E0%A6%B6%E0%A7%8D%E0%A6%B0%E0%A7%80%E0%A6%B6%E0%A7%8D%E0%A6%B0%E0%A7%80%E0%A6%B0%E0%A6%BE%E0%A6%AE%E0%A6%95%E0%A7%83%E0%A6%B7%E0%A7%8D%E0%A6%A3_%E0%A6%95%E0%A6%A5%E0%A6%BE%E0%A6%AE%E0%A7%83%E0%A6%A4_%E0%A6%9A%E0%A6%A4%E0%A7%81%E0%A6%B0%E0%A7%8D%E0%A6%A5_%E0%A6%AD%E0%A6%BE%E0%A6%97.djvu/%E0%A7%A7%E0%A7%AE%E0%A7%AE,https://www.ramakrishnavivekananda.info/kathamrita/unicodekathamrita/14_d_with_manilal_b_200_202.html
s0077,song,"কে রণে নাচিছে বামা নীরদবরণী,",Safe,,,,False,3,1883-06-10,14.8,Kathamrita Unicode edition (own copy),"Wikisource scan, unproofread",4,100,0.98,https://bn.wikisource.org/wiki/%E0%A6%AA%E0%A6%BE%E0%A6%A4%E0%A6%BE%3A%E0%A6%B6%E0%A7%8D%E0%A6%B0%E0%A7%80%E0%A6%B6%E0%A7%8D%E0%A6%B0%E0%A7%80%E0%A6%B0%E0%A6%BE%E0%A6%AE%E0%A6%95%E0%A7%83%E0%A6%B7%E0%A7%8D%E0%A6%A3_%E0%A6%95%E0%A6%A5%E0%A6%BE%E0%A6%AE%E0%A7%83%E0%A6%A4_%E0%A6%9A%E0%A6%A4%E0%A7%81%E0%A6%B0%E0%A7%8D%E0%A6%A5_%E0%A6%AD%E0%A6%BE%E0%A6%97.djvu/%E0%A7%A7%E0%A7%A6%E0%A7%A6,https://www.ramakrishnavivekananda.info/kathamrita/unicodekathamrita/14_h_with_manirampur_devotees_a_207_209.html
s0078,song,"কি করলে হে কান্ত! অবলারি প্রাণ কান্ত,",Safe,,,,False,1,1883-06-10,14.8,Kathamrita Unicode edition (own copy),"Wikisource scan, unproofread",5,71,0.891,https://bn.wikisource.org/wiki/%E0%A6%AA%E0%A6%BE%E0%A6%A4%E0%A6%BE%3A%E0%A6%B6%E0%A7%8D%E0%A6%B0%E0%A7%80%E0%A6%B6%E0%A7%8D%E0%A6%B0%E0%A7%80%E0%A6%B0%E0%A6%BE%E0%A6%AE%E0%A6%95%E0%A7%83%E0%A6%B7%E0%A7%8D%E0%A6%A3_%E0%A6%95%E0%A6%A5%E0%A6%BE%E0%A6%AE%E0%A7%83%E0%A6%A4_%E0%A6%AA%E0%A6%9E%E0%A7%8D%E0%A6%9A%E0%A6%AE_%E0%A6%AD%E0%A6%BE%E0%A6%97.djvu/%E0%A7%AD%E0%A7%A7,https://www.ramakrishnavivekananda.info/kathamrita/unicodekathamrita/14_h_with_manirampur_devotees_a_207_209.html
s0079,song,"শুনেছি রাম তারক ব্রহ্ম, মানুষ নয় রাম জটাধারী ৷",Safe,,,,False,1,1883-06-10,14.8,Kathamrita Unicode edition (own copy),"Wikisource scan, unproofread",5,72,0.968,https://bn.wikisource.org/wiki/%E0%A6%AA%E0%A6%BE%E0%A6%A4%E0%A6%BE%3A%E0%A6%B6%E0%A7%8D%E0%A6%B0%E0%A7%80%E0%A6%B6%E0%A7%8D%E0%A6%B0%E0%A7%80%E0%A6%B0%E0%A6%BE%E0%A6%AE%E0%A6%95%E0%A7%83%E0%A6%B7%E0%A7%8D%E0%A6%A3_%E0%A6%95%E0%A6%A5%E0%A6%BE%E0%A6%AE%E0%A7%83%E0%A6%A4_%E0%A6%AA%E0%A6%9E%E0%A7%8D%E0%A6%9A%E0%A6%AE_%E0%A6%AD%E0%A6%BE%E0%A6%97.djvu/%E0%A7%AD%E0%A7%A8,https://www.ramakrishnavivekananda.info/kathamrita/unicodekathamrita/14_h_with_manirampur_devotees_a_207_209.html
s0080,song,মন রে কৃষি কাজ জানো না।,Safe,,Ramprasad Sen,ভণিতা: “রামপ্রসাদ”,True,4,1883-06-17,14.14,Kathamrita Unicode edition (own copy),"Wikisource scan, unproofread",1,140,0.792,https://bn.wikisource.org/wiki/%E0%A6%AA%E0%A6%BE%E0%A6%A4%E0%A6%BE%3A%E0%A6%B6%E0%A7%8D%E0%A6%B0%E0%A7%80%E0%A6%B6%E0%A7%8D%E0%A6%B0%E0%A7%80%E0%A6%B0%E0%A6%BE%E0%A6%AE%E0%A6%95%E0%A7%83%E0%A6%B7%E0%A7%8D%E0%A6%A3_%E0%A6%95%E0%A6%A5%E0%A6%BE%E0%A6%AE%E0%A7%83%E0%A6%A4_%E0%A6%AA%E0%A7%8D%E0%A6%B0%E0%A6%A5%E0%A6%AE_%E0%A6%AD%E0%A6%BE%E0%A6%97.djvu/%E0%A7%A7%E0%A7%AA%E0%A7%A6,https://www.ramakrishnavivekananda.info/kathamrita/unicodekathamrita/14_n_at_dakshineshwar_219_222.html
s0081,song,"শমন আসবার পথ ঘুচেছে, আমার মনের সন্দ ঘুচে গেছে।",Safe,,,,False,1,1883-06-17,14.14,Kathamrita Unicode edition (own copy),"Wikisource scan, unproofread",5,85,0.986,https://bn.wikisource.org/wiki/%E0%A6%AA%E0%A6%BE%E0%A6%A4%E0%A6%BE%3A%E0%A6%B6%E0%A7%8D%E0%A6%B0%E0%A7%80%E0%A6%B6%E0%A7%8D%E0%A6%B0%E0%A7%80%E0%A6%B0%E0%A6%BE%E0%A6%AE%E0%A6%95%E0%A7%83%E0%A6%B7%E0%A7%8D%E0%A6%A3_%E0%A6%95%E0%A6%A5%E0%A6%BE%E0%A6%AE%E0%A7%83%E0%A6%A4_%E0%A6%AA%E0%A6%9E%E0%A7%8D%E0%A6%9A%E0%A6%AE_%E0%A6%AD%E0%A6%BE%E0%A6%97.djvu/%E0%A7%AE%E0%A7%AB,https://www.ramakrishnavivekananda.info/kathamrita/unicodekathamrita/14_n_at_dakshineshwar_219_222.html
s0082,song,"ত্রিসন্ধ্যা যে বলে কালী, পূজা সন্ধ্যা সে কি চায় ৷",Safe,,,,True,2,1883-06-17,14.14,Kathamrita Unicode edition (own copy),"Wikisource scan, unproofread",3,143,0.97,https://bn.wikisource.org/wiki/%E0%A6%AA%E0%A6%BE%E0%A6%A4%E0%A6%BE%3A%E0%A6%B6%E0%A7%8D%E0%A6%B0%E0%A7%80%E0%A6%B6%E0%A7%8D%E0%A6%B0%E0%A7%80%E0%A6%B0%E0%A6%BE%E0%A6%AE%E0%A6%95%E0%A7%83%E0%A6%B7%E0%A7%8D%E0%A6%A3_%E0%A6%95%E0%A6%A5%E0%A6%BE%E0%A6%AE%E0%A7%83%E0%A6%A4_%E0%A6%A4%E0%A7%83%E0%A6%A4%E0%A7%80%E0%A6%AF%E0%A6%BC_%E0%A6%AD%E0%A6%BE%E0%A6%97.djvu/%E0%A7%A7%E0%A7%AA%E0%A7%A9,https://www.ramakrishnavivekananda.info/kathamrita/unicodekathamrita/14_n_at_dakshineshwar_219_222.html
s0083,song,"যাদের হরি বলতে নয়ন ঝরে, ওই তারা তারা দুভাই এসেছে রে।",Safe,,,,True,9,1883-06-18,15.1,Kathamrita Unicode edition (own copy),"Wikisource scan, unproofread",4,54,0.814,https://bn.wikisource.org/wiki/%E0%A6%AA%E0%A6%BE%E0%A6%A4%E0%A6%BE%3A%E0%A6%B6%E0%A7%8D%E0%A6%B0%E0%A7%80%E0%A6%B6%E0%A7%8D%E0%A6%B0%E0%A7%80%E0%A6%B0%E0%A6%BE%E0%A6%AE%E0%A6%95%E0%A7%83%E0%A6%B7%E0%A7%8D%E0%A6%A3_%E0%A6%95%E0%A6%A5%E0%A6%BE%E0%A6%AE%E0%A7%83%E0%A6%A4_%E0%A6%9A%E0%A6%A4%E0%A7%81%E0%A6%B0%E0%A7%8D%E0%A6%A5_%E0%A6%AD%E0%A6%BE%E0%A6%97.djvu/%E0%A7%AB%E0%A7%AA,https://www.ramakrishnavivekananda.info/kathamrita/unicodekathamrita/15_a_divine_bliss_223_224.html
s0084,song,নদে টলমল টলমল করে — গৌরপ্রেমের হিল্লোলে রে।,Safe,,,,True,5,1883-06-18,15.1,Kathamrita Unicode edition (own copy),"Wikisource scan, unproofread",4,256,0.943,https://bn.wikisource.org/wiki/%E0%A6%AA%E0%A6%BE%E0%A6%A4%E0%A6%BE%3A%E0%A6%B6%E0%A7%8D%E0%A6%B0%E0%A7%80%E0%A6%B6%E0%A7%8D%E0%A6%B0%E0%A7%80%E0%A6%B0%E0%A6%BE%E0%A6%AE%E0%A6%95%E0%A7%83%E0%A6%B7%E0%A7%8D%E0%A6%A3_%E0%A6%95%E0%A6%A5%E0%A6%BE%E0%A6%AE%E0%A7%83%E0%A6%A4_%E0%A6%9A%E0%A6%A4%E0%A7%81%E0%A6%B0%E0%A7%8D%E0%A6%A5_%E0%A6%AD%E0%A6%BE%E0%A6%97.djvu/%E0%A7%A8%E0%A7%AB%E0%A7%AC,https://www.ramakrishnavivekananda.info/kathamrita/unicodekathamrita/15_a_divine_bliss_223_224.html
s0085,song,অভয় পদে প্রাণ সঁপেছি ৷,Safe,,Ramprasad Sen,ভণিতা: “রামপ্রসাদ”,True,4,1883-06,16.2,Kathamrita Unicode edition (own copy),"Wikisource scan, unproofread",3,121,0.971,https://bn.wikisource.org/wiki/%E0%A6%AA%E0%A6%BE%E0%A6%A4%E0%A6%BE%3A%E0%A6%B6%E0%A7%8D%E0%A6%B0%E0%A7%80%E0%A6%B6%E0%A7%8D%E0%A6%B0%E0%A7%80%E0%A6%B0%E0%A6%BE%E0%A6%AE%E0%A6%95%E0%A7%83%E0%A6%B7%E0%A7%8D%E0%A6%A3_%E0%A6%95%E0%A6%A5%E0%A6%BE%E0%A6%AE%E0%A7%83%E0%A6%A4_%E0%A6%A4%E0%A7%83%E0%A6%A4%E0%A7%80%E0%A6%AF%E0%A6%BC_%E0%A6%AD%E0%A6%BE%E0%A6%97.djvu/%E0%A7%A7%E0%A7%A8%E0%A7%A7,https://www.ramakrishnavivekananda.info/kathamrita/unicodekathamrita/16_b_at_dakshineshwar_229_231.html
s0086,song,রণে এসেছ কার কামিনী,Safe,,,,False,1,1883-06,16.2,Kathamrita Unicode edition (own copy),"Wikisource scan, unproofread",5,92,0.783,https://bn.wikisource.org/wiki/%E0%A6%AA%E0%A6%BE%E0%A6%A4%E0%A6%BE%3A%E0%A6%B6%E0%A7%8D%E0%A6%B0%E0%A7%80%E0%A6%B6%E0%A7%8D%E0%A6%B0%E0%A7%80%E0%A6%B0%E0%A6%BE%E0%A6%AE%E0%A6%95%E0%A7%83%E0%A6%B7%E0%A7%8D%E0%A6%A3_%E0%A6%95%E0%A6%A5%E0%A6%BE%E0%A6%AE%E0%A7%83%E0%A6%A4_%E0%A6%AA%E0%A6%9E%E0%A7%8D%E0%A6%9A%E0%A6%AE_%E0%A6%AD%E0%A6%BE%E0%A6%97.djvu/%E0%A7%AF%E0%A7%A8,https://www.ramakrishnavivekananda.info/kathamrita/unicodekathamrita/16_b_at_dakshineshwar_229_231.html
s0087,song,"ভুবন ভুলাইলি মা, হরমোহিনী।",Safe,,,,False,2,1883-07-21,16.4,Kathamrita Unicode edition (own copy),"Wikisource scan, unproofread",3,68,1.0,https://bn.wikisource.org/wiki/%E0%A6%AA%E0%A6%BE%E0%A6%A4%E0%A6%BE%3A%E0%A6%B6%E0%A7%8D%E0%A6%B0%E0%A7%80%E0%A6%B6%E0%A7%8D%E0%A6%B0%E0%A7%80%E0%A6%B0%E0%A6%BE%E0%A6%AE%E0%A6%95%E0%A7%83%E0%A6%B7%E0%A7%8D%E0%A6%A3_%E0%A6%95%E0%A6%A5%E0%A6%BE%E0%A6%AE%E0%A7%83%E0%A6%A4_%E0%A6%A4%E0%A7%83%E0%A6%A4%E0%A7%80%E0%A6%AF%E0%A6%BC_%E0%A6%AD%E0%A6%BE%E0%A6%97.djvu/%E0%A7%AC%E0%A7%AE,https://www.ramakrishnavivekananda.info/kathamrita/unicodekathamrita/16_d_at_adhar_sens_234_236.html
s0088,song,"ভবদারা ভয়হরা নাম শুনেছি তোমার,",Safe,,,,False,1,1883-07-21,16.4,Kathamrita Unicode edition (own copy),"Wikisource scan, unproofread",3,68,0.984,https://bn.wikisource.org/wiki/%E0%A6%AA%E0%A6%BE%E0%A6%A4%E0%A6%BE%3A%E0%A6%B6%E0%A7%8D%E0%A6%B0%E0%A7%80%E0%A6%B6%E0%A7%8D%E0%A6%B0%E0%A7%80%E0%A6%B0%E0%A6%BE%E0%A6%AE%E0%A6%95%E0%A7%83%E0%A6%B7%E0%A7%8D%E0%A6%A3_%E0%A6%95%E0%A6%A5%E0%A6%BE%E0%A6%AE%E0%A7%83%E0%A6%A4_%E0%A6%A4%E0%A7%83%E0%A6%A4%E0%A7%80%E0%A6%AF%E0%A6%BC_%E0%A6%AD%E0%A6%BE%E0%A6%97.djvu/%E0%A7%AC%E0%A7%AE,https://www.ramakrishnavivekananda.info/kathamrita/unicodekathamrita/16_d_at_adhar_sens_234_236.html
s0089,song,"তদূর্ধ্বেতে আছে মাগো নাম কণ্ঠস্থল,",Safe,,,,False,1,1883-07-21,16.4,Kathamrita Unicode edition (own copy),"Wikisource scan, unproofread",3,69,0.98,https://bn.wikisource.org/wiki/%E0%A6%AA%E0%A6%BE%E0%A6%A4%E0%A6%BE%3A%E0%A6%B6%E0%A7%8D%E0%A6%B0%E0%A7%80%E0%A6%B6%E0%A7%8D%E0%A6%B0%E0%A7%80%E0%A6%B0%E0%A6%BE%E0%A6%AE%E0%A6%95%E0%A7%83%E0%A6%B7%E0%A7%8D%E0%A6%A3_%E0%A6%95%E0%A6%A5%E0%A6%BE%E0%A6%AE%E0%A7%83%E0%A6%A4_%E0%A6%A4%E0%A7%83%E0%A6%A4%E0%A7%80%E0%A6%AF%E0%A6%BC_%E0%A6%AD%E0%A6%BE%E0%A6%97.djvu/%E0%A7%AC%E0%A7%AF,https://www.ramakrishnavivekananda.info/kathamrita/unicodekathamrita/16_d_at_adhar_sens_234_236.html
s0090,song,মা আমি কি আটাশে ছেলে।,Safe,,Ramprasad Sen,ভণিতা: “রামপ্রসাদ”,True,1,1883-07-21,16.5,Kathamrita Unicode edition (own copy),"Wikisource scan, unproofread",3,72,0.972,https://bn.wikisource.org/wiki/%E0%A6%AA%E0%A6%BE%E0%A6%A4%E0%A6%BE%3A%E0%A6%B6%E0%A7%8D%E0%A6%B0%E0%A7%80%E0%A6%B6%E0%A7%8D%E0%A6%B0%E0%A7%80%E0%A6%B0%E0%A6%BE%E0%A6%AE%E0%A6%95%E0%A7%83%E0%A6%B7%E0%A7%8D%E0%A6%A3_%E0%A6%95%E0%A6%A5%E0%A6%BE%E0%A6%AE%E0%A7%83%E0%A6%A4_%E0%A6%A4%E0%A7%83%E0%A6%A4%E0%A7%80%E0%A6%AF%E0%A6%BC_%E0%A6%AD%E0%A6%BE%E0%A6%97.djvu/%E0%A7%AD%E0%A7%A8,https://www.ramakrishnavivekananda.info/kathamrita/unicodekathamrita/16_e_at_jadu_mallicks_237_238.html
s0091,song,"তার তারিণী। এবার তারো ত্বরিত করিয়ে,",Safe,,,,False,2,1883-10-10,16.30,Kathamrita Unicode edition (own copy),"Wikisource scan, unproofread",5,118,0.964,https://bn.wikisource.org/wiki/%E0%A6%AA%E0%A6%BE%E0%A6%A4%E0%A6%BE%3A%E0%A6%B6%E0%A7%8D%E0%A6%B0%E0%A7%80%E0%A6%B6%E0%A7%8D%E0%A6%B0%E0%A7%80%E0%A6%B0%E0%A6%BE%E0%A6%AE%E0%A6%95%E0%A7%83%E0%A6%B7%E0%A7%8D%E0%A6%A3_%E0%A6%95%E0%A6%A5%E0%A6%BE%E0%A6%AE%E0%A7%83%E0%A6%A4_%E0%A6%AA%E0%A6%9E%E0%A7%8D%E0%A6%9A%E0%A6%AE_%E0%A6%AD%E0%A6%BE%E0%A6%97.djvu/%E0%A7%A7%E0%A7%A7%E0%A7%AE,https://www.ramakrishnavivekananda.info/kathamrita/unicodekathamrita/16_zd_at_adhars_284_287.html
s0092,song,ভাব কি ভেবে পরাণ গেল।,Safe,,Ramprasad Sen,ভণিতা: “প্রসাদ বলে”,False,1,1883-10-10,16.30,Kathamrita Unicode edition (own copy),"Wikisource scan, unproofread",5,120,1.0,https://bn.wikisource.org/wiki/%E0%A6%AA%E0%A6%BE%E0%A6%A4%E0%A6%BE%3A%E0%A6%B6%E0%A7%8D%E0%A6%B0%E0%A7%80%E0%A6%B6%E0%A7%8D%E0%A6%B0%E0%A7%80%E0%A6%B0%E0%A6%BE%E0%A6%AE%E0%A6%95%E0%A7%83%E0%A6%B7%E0%A7%8D%E0%A6%A3_%E0%A6%95%E0%A6%A5%E0%A6%BE%E0%A6%AE%E0%A7%83%E0%A6%A4_%E0%A6%AA%E0%A6%9E%E0%A7%8D%E0%A6%9A%E0%A6%AE_%E0%A6%AD%E0%A6%BE%E0%A6%97.djvu/%E0%A7%A7%E0%A7%A8%E0%A7%A6,https://www.ramakrishnavivekananda.info/kathamrita/unicodekathamrita/16_zd_at_adhars_284_287.html
s0093,song,আমার অঙ্গ কেন গৌর হল।,Safe,,,,True,3,1883-10-10,16.30,Kathamrita Unicode edition (own copy),"Wikisource scan, unproofread",4,209,0.873,https://bn.wikisource.org/wiki/%E0%A6%AA%E0%A6%BE%E0%A6%A4%E0%A6%BE%3A%E0%A6%B6%E0%A7%8D%E0%A6%B0%E0%A7%80%E0%A6%B6%E0%A7%8D%E0%A6%B0%E0%A7%80%E0%A6%B0%E0%A6%BE%E0%A6%AE%E0%A6%95%E0%A7%83%E0%A6%B7%E0%A7%8D%E0%A6%A3_%E0%A6%95%E0%A6%A5%E0%A6%BE%E0%A6%AE%E0%A7%83%E0%A6%A4_%E0%A6%9A%E0%A6%A4%E0%A7%81%E0%A6%B0%E0%A7%8D%E0%A6%A5_%E0%A6%AD%E0%A6%BE%E0%A6%97.djvu/%E0%A7%A8%E0%A7%A6%E0%A7%AF,https://www.ramakrishnavivekananda.info/kathamrita/unicodekathamrita/16_zd_at_adhars_284_287.html
s0094,song,"পাড়ার লোকে গোল করে মা,",Safe,,,,False,1,1883-10-10,16.30,Kathamrita Unicode edition (own copy),"Wikisource scan, unproofread",5,121,0.973,https://bn.wikisource.org/wiki/%E0%A6%AA%E0%A6%BE%E0%A6%A4%E0%A6%BE%3A%E0%A6%B6%E0%A7%8D%E0%A6%B0%E0%A7%80%E0%A6%B6%E0%A7%8D%E0%A6%B0%E0%A7%80%E0%A6%B0%E0%A6%BE%E0%A6%AE%E0%A6%95%E0%A7%83%E0%A6%B7%E0%A7%8D%E0%A6%A3_%E0%A6%95%E0%A6%A5%E0%A6%BE%E0%A6%AE%E0%A7%83%E0%A6%A4_%E0%A6%AA%E0%A6%9E%E0%A7%8D%E0%A6%9A%E0%A6%AE_%E0%A6%AD%E0%A6%BE%E0%A6%97.djvu/%E0%A7%A7%E0%A7%A8%E0%A7%A7,https://www.ramakrishnavivekananda.info/kathamrita/unicodekathamrita/16_zd_at_adhars_284_287.html
s0095,song,শ্যামের নাগাল পেলাম না গো সই।,Safe,,,,True,2,1883-10-10,16.30,Kathamrita Unicode edition (own copy),"Wikisource scan, unproofread",5,122,0.974,https://bn.wikisource.org/wiki/%E0%A6%AA%E0%A6%BE%E0%A6%A4%E0%A6%BE%3A%E0%A6%B6%E0%A7%8D%E0%A6%B0%E0%A7%80%E0%A6%B6%E0%A7%8D%E0%A6%B0%E0%A7%80%E0%A6%B0%E0%A6%BE%E0%A6%AE%E0%A6%95%E0%A7%83%E0%A6%B7%E0%A7%8D%E0%A6%A3_%E0%A6%95%E0%A6%A5%E0%A6%BE%E0%A6%AE%E0%A7%83%E0%A6%A4_%E0%A6%AA%E0%A6%9E%E0%A7%8D%E0%A6%9A%E0%A6%AE_%E0%A6%AD%E0%A6%BE%E0%A6%97.djvu/%E0%A7%A7%E0%A7%A8%E0%A7%A8,https://www.ramakrishnavivekananda.info/kathamrita/unicodekathamrita/16_zd_at_adhars_284_287.html
s0096,song,হলাম যার জন্য পাগল তারে কই পেলাম সই,Safe,,,,True,2,1883-10-16,16.32,Kathamrita Unicode edition (own copy),"Wikisource scan, unproofread",4,294,0.981,https://bn.wikisource.org/wiki/%E0%A6%AA%E0%A6%BE%E0%A6%A4%E0%A6%BE%3A%E0%A6%B6%E0%A7%8D%E0%A6%B0%E0%A7%80%E0%A6%B6%E0%A7%8D%E0%A6%B0%E0%A7%80%E0%A6%B0%E0%A6%BE%E0%A6%AE%E0%A6%95%E0%A7%83%E0%A6%B7%E0%A7%8D%E0%A6%A3_%E0%A6%95%E0%A6%A5%E0%A6%BE%E0%A6%AE%E0%A7%83%E0%A6%A4_%E0%A6%9A%E0%A6%A4%E0%A7%81%E0%A6%B0%E0%A7%8D%E0%A6%A5_%E0%A6%AD%E0%A6%BE%E0%A6%97.djvu/%E0%A7%A8%E0%A7%AF%E0%A7%AA,https://www.ramakrishnavivekananda.info/kathamrita/unicodekathamrita/16_zf_at_dakshineshwar_290_293.html
s0097,song,ভাব হবে বইকি রে ভাবনিধি শ্রীগৌরাঙ্গের।,Safe,,,,True,3,1883-10-10,16.30,Kathamrita Unicode edition (own copy),"Wikisource scan, unproofread",5,121,0.86,https://bn.wikisource.org/wiki/%E0%A6%AA%E0%A6%BE%E0%A6%A4%E0%A6%BE%3A%E0%A6%B6%E0%A7%8D%E0%A6%B0%E0%A7%80%E0%A6%B6%E0%A7%8D%E0%A6%B0%E0%A7%80%E0%A6%B0%E0%A6%BE%E0%A6%AE%E0%A6%95%E0%A7%83%E0%A6%B7%E0%A7%8D%E0%A6%A3_%E0%A6%95%E0%A6%A5%E0%A6%BE%E0%A6%AE%E0%A7%83%E0%A6%A4_%E0%A6%AA%E0%A6%9E%E0%A7%8D%E0%A6%9A%E0%A6%AE_%E0%A6%AD%E0%A6%BE%E0%A6%97.djvu/%E0%A7%A7%E0%A7%A8%E0%A7%A7,https://www.ramakrishnavivekananda.info/kathamrita/unicodekathamrita/16_zd_at_adhars_284_287.html
s0098,song,সেদিন কবে বা হবে?,Safe,,,,True,1,1883-11-26,17.3,Kathamrita Unicode edition (own copy),"Wikisource scan, unproofread",1,136,0.913,https://bn.wikisource.org/wiki/%E0%A6%AA%E0%A6%BE%E0%A6%A4%E0%A6%BE%3A%E0%A6%B6%E0%A7%8D%E0%A6%B0%E0%A7%80%E0%A6%B6%E0%A7%8D%E0%A6%B0%E0%A7%80%E0%A6%B0%E0%A6%BE%E0%A6%AE%E0%A6%95%E0%A7%83%E0%A6%B7%E0%A7%8D%E0%A6%A3_%E0%A6%95%E0%A6%A5%E0%A6%BE%E0%A6%AE%E0%A7%83%E0%A6%A4_%E0%A6%AA%E0%A7%8D%E0%A6%B0%E0%A6%A5%E0%A6%AE_%E0%A6%AD%E0%A6%BE%E0%A6%97.djvu/%E0%A7%A7%E0%A7%A9%E0%A7%AC,https://www.ramakrishnavivekananda.info/kathamrita/unicodekathamrita/17_c_vijaya_goswami_298_301.html
s0099,song,"ভেবে দেখ মন কেউ কারু নয়, মিছে ভ্রম ভূমণ্ডলে।",Safe,,,,True,3,1883-11-26,17.4,Kathamrita Unicode edition (own copy),"Wikisource scan, unproofread",4,254,0.951,https://bn.wikisource.org/wiki/%E0%A6%AA%E0%A6%BE%E0%A6%A4%E0%A6%BE%3A%E0%A6%B6%E0%A7%8D%E0%A6%B0%E0%A7%80%E0%A6%B6%E0%A7%8D%E0%A6%B0%E0%A7%80%E0%A6%B0%E0%A6%BE%E0%A6%AE%E0%A6%95%E0%A7%83%E0%A6%B7%E0%A7%8D%E0%A6%A3_%E0%A6%95%E0%A6%A5%E0%A6%BE%E0%A6%AE%E0%A7%83%E0%A6%A4_%E0%A6%9A%E0%A6%A4%E0%A7%81%E0%A6%B0%E0%A7%8D%E0%A6%A5_%E0%A6%AD%E0%A6%BE%E0%A6%97.djvu/%E0%A7%A8%E0%A7%AB%E0%A7%AA,https://www.ramakrishnavivekananda.info/kathamrita/unicodekathamrita/17_d_vijaya_goswami_301_302.html
s0100,verse,"সকলই তোমার ইচ্ছা, ইচ্ছাময়ী তারা তুমি।",Check,not a song,,,False,1,1883-11-28,17.9,Kathamrita Unicode edition (own copy),"Wikisource scan, unproofread",3,301,0.95,https://bn.wikisource.org/wiki/%E0%A6%AA%E0%A6%BE%E0%A6%A4%E0%A6%BE%3A%E0%A6%B6%E0%A7%8D%E0%A6%B0%E0%A7%80%E0%A6%B6%E0%A7%8D%E0%A6%B0%E0%A7%80%E0%A6%B0%E0%A6%BE%E0%A6%AE%E0%A6%95%E0%A7%83%E0%A6%B7%E0%A7%8D%E0%A6%A3_%E0%A6%95%E0%A6%A5%E0%A6%BE%E0%A6%AE%E0%A7%83%E0%A6%A4_%E0%A6%A4%E0%A7%83%E0%A6%A4%E0%A7%80%E0%A6%AF%E0%A6%BC_%E0%A6%AD%E0%A6%BE%E0%A6%97.djvu/%E0%A7%A9%E0%A7%A6%E0%A7%A7,https://www.ramakrishnavivekananda.info/kathamrita/unicodekathamrita/17_i_with_keshab_307_309.html
s0101,verse,১. বাহ্যদশা — তখন স্থূল আর সূক্ষ্ম তাঁর মন থাকত।,Check,not a song,,,False,1,1883-12-09,18.1,Kathamrita Unicode edition (own copy),"not found on Wikisource (Part 2, or scan text too noisy)",,,,,https://www.ramakrishnavivekananda.info/kathamrita/unicodekathamrita/18_a_at_dakshineshwar_317_318.html
s0102,verse,চরিত্র শ্রীমহারাজ শ্রীজয়মল,Check,not a song,,,False,1,1883-12-09,18.3,Kathamrita Unicode edition (own copy),"not found on Wikisource (Part 2, or scan text too noisy)",,,,,https://www.ramakrishnavivekananda.info/kathamrita/unicodekathamrita/18_c_harikatha_320_321.html
s0103,verse,নয়নে গলয়ে ধারা মনে উতরোল। চমকি চাহিয়া রহে নাহি আইসে বোল ॥,Check,not a song,,,False,1,1883-12-14,18.5,Kathamrita Unicode edition (own copy),"not found on Wikisource (Part 2, or scan text too noisy)",,,,,https://www.ramakrishnavivekananda.info/kathamrita/unicodekathamrita/18_e_mani_others_322_325.html
s0104,verse,গুহ বলে ভাল ভাল তুমি মোর মিতে। তোমাতে সঁপিনু দেহ পরাণ সহিতে ॥,Check,not a song,,,False,1,1883-12-14,18.5,Kathamrita Unicode edition (own copy),"not found on Wikisource (Part 2, or scan text too noisy)",,,,,https://www.ramakrishnavivekananda.info/kathamrita/unicodekathamrita/18_e_mani_others_322_325.html
s0105,verse,"দয়াল পরমানন্দ, প্রেমাধীন রামচন্দ্র, ভক্তবৎসল গুণধাম।",Check,not a song,,,False,1,1883-12-14,18.5,Kathamrita Unicode edition (own copy),"not found on Wikisource (Part 2, or scan text too noisy)",,,,,https://www.ramakrishnavivekananda.info/kathamrita/unicodekathamrita/18_e_mani_others_322_325.html
s0106,song,"রাধার দেখা কি পায় সকলে,",Safe,,Ramprasad Sen,কথামৃতের বর্ণনা: “প্রসাদের গান”,False,2,1883-12-14,18.7,Kathamrita Unicode edition (own copy),"not found on Wikisource (Part 2, or scan text too noisy)",,,,,https://www.ramakrishnavivekananda.info/kathamrita/unicodekathamrita/18_g_love_of_god_327_329.html
s0107,song,"গৌর নিতাই তোমরা দুভাই, পরম দয়াল হে প্রভু",Safe,,,,False,6,1883-12-14,18.7,Kathamrita Unicode edition (own copy),"Wikisource scan, unproofread",5,185,0.981,https://bn.wikisource.org/wiki/%E0%A6%AA%E0%A6%BE%E0%A6%A4%E0%A6%BE%3A%E0%A6%B6%E0%A7%8D%E0%A6%B0%E0%A7%80%E0%A6%B6%E0%A7%8D%E0%A6%B0%E0%A7%80%E0%A6%B0%E0%A6%BE%E0%A6%AE%E0%A6%95%E0%A7%83%E0%A6%B7%E0%A7%8D%E0%A6%A3_%E0%A6%95%E0%A6%A5%E0%A6%BE%E0%A6%AE%E0%A7%83%E0%A6%A4_%E0%A6%AA%E0%A6%9E%E0%A7%8D%E0%A6%9A%E0%A6%AE_%E0%A6%AD%E0%A6%BE%E0%A6%97.djvu/%E0%A7%A7%E0%A7%AE%E0%A7%AB,https://www.ramakrishnavivekananda.info/kathamrita/unicodekathamrita/18_g_love_of_god_327_329.html
s0108,song,"সুরধনীর তীরে হরি বলে কে, বুঝি প্রেমদাতা নিতাই এসেছে।",Safe,,,,True,1,1883-12-15,18.8,Kathamrita Unicode edition (own copy),"Wikisource scan, unproofread",4,61,0.969,https://bn.wikisource.org/wiki/%E0%A6%AA%E0%A6%BE%E0%A6%A4%E0%A6%BE%3A%E0%A6%B6%E0%A7%8D%E0%A6%B0%E0%A7%80%E0%A6%B6%E0%A7%8D%E0%A6%B0%E0%A7%80%E0%A6%B0%E0%A6%BE%E0%A6%AE%E0%A6%95%E0%A7%83%E0%A6%B7%E0%A7%8D%E0%A6%A3_%E0%A6%95%E0%A6%A5%E0%A6%BE%E0%A6%AE%E0%A7%83%E0%A6%A4_%E0%A6%9A%E0%A6%A4%E0%A7%81%E0%A6%B0%E0%A7%8D%E0%A6%A5_%E0%A6%AD%E0%A6%BE%E0%A6%97.djvu/%E0%A7%AC%E0%A7%A7,https://www.ramakrishnavivekananda.info/kathamrita/unicodekathamrita/18_h_at_dakshineshwar_329_331.html
s0109,song,ভবহারা ভয়হারা নাম শুনেছি তোমার।,Safe,,,,False,1,1883-12-15,18.8,Kathamrita Unicode edition (own copy),"Wikisource scan, unproofread",3,68,0.953,https://bn.wikisource.org/wiki/%E0%A6%AA%E0%A6%BE%E0%A6%A4%E0%A6%BE%3A%E0%A6%B6%E0%A7%8D%E0%A6%B0%E0%A7%80%E0%A6%B6%E0%A7%8D%E0%A6%B0%E0%A7%80%E0%A6%B0%E0%A6%BE%E0%A6%AE%E0%A6%95%E0%A7%83%E0%A6%B7%E0%A7%8D%E0%A6%A3_%E0%A6%95%E0%A6%A5%E0%A6%BE%E0%A6%AE%E0%A7%83%E0%A6%A4_%E0%A6%A4%E0%A7%83%E0%A6%A4%E0%A7%80%E0%A6%AF%E0%A6%BC_%E0%A6%AD%E0%A6%BE%E0%A6%97.djvu/%E0%A7%AC%E0%A7%AE,https://www.ramakrishnavivekananda.info/kathamrita/unicodekathamrita/18_h_at_dakshineshwar_329_331.html
s0110,song,তারিতে হবে মা তারা হয়েছি শরণাগত।,Safe,,,,True,1,1883-12-16,18.9,Kathamrita Unicode edition (own copy),"Wikisource scan, unproofread",4,63,0.944,https://bn.wikisource.org/wiki/%E0%A6%AA%E0%A6%BE%E0%A6%A4%E0%A6%BE%3A%E0%A6%B6%E0%A7%8D%E0%A6%B0%E0%A7%80%E0%A6%B6%E0%A7%8D%E0%A6%B0%E0%A7%80%E0%A6%B0%E0%A6%BE%E0%A6%AE%E0%A6%95%E0%A7%83%E0%A6%B7%E0%A7%8D%E0%A6%A3_%E0%A6%95%E0%A6%A5%E0%A6%BE%E0%A6%AE%E0%A7%83%E0%A6%A4_%E0%A6%9A%E0%A6%A4%E0%A7%81%E0%A6%B0%E0%A7%8D%E0%A6%A5_%E0%A6%AD%E0%A6%BE%E0%A6%97.djvu/%E0%A7%AC%E0%A7%A9,https://www.ramakrishnavivekananda.info/kathamrita/unicodekathamrita/18_i_rakhal_others_331_334.html
s0111,song,ঘরে যাবই যে না গো!,Safe,,,,False,1,1883-12-18,18.12,Kathamrita Unicode edition (own copy),"Wikisource scan, unproofread",5,136,0.952,https://bn.wikisource.org/wiki/%E0%A6%AA%E0%A6%BE%E0%A6%A4%E0%A6%BE%3A%E0%A6%B6%E0%A7%8D%E0%A6%B0%E0%A7%80%E0%A6%B6%E0%A7%8D%E0%A6%B0%E0%A7%80%E0%A6%B0%E0%A6%BE%E0%A6%AE%E0%A6%95%E0%A7%83%E0%A6%B7%E0%A7%8D%E0%A6%A3_%E0%A6%95%E0%A6%A5%E0%A6%BE%E0%A6%AE%E0%A7%83%E0%A6%A4_%E0%A6%AA%E0%A6%9E%E0%A7%8D%E0%A6%9A%E0%A6%AE_%E0%A6%AD%E0%A6%BE%E0%A6%97.djvu/%E0%A7%A7%E0%A7%A9%E0%A7%AC,https://www.ramakrishnavivekananda.info/kathamrita/unicodekathamrita/18_l_at_dakshineshwar_338_339.html
s0112,song,গৌর হে আমি সাধন-ভজনহীন,Safe,,,,False,1,1883-12-19,18.15,Kathamrita Unicode edition (own copy),"Wikisource scan, unproofread",5,140,0.951,https://bn.wikisource.org/wiki/%E0%A6%AA%E0%A6%BE%E0%A6%A4%E0%A6%BE%3A%E0%A6%B6%E0%A7%8D%E0%A6%B0%E0%A7%80%E0%A6%B6%E0%A7%8D%E0%A6%B0%E0%A7%80%E0%A6%B0%E0%A6%BE%E0%A6%AE%E0%A6%95%E0%A7%83%E0%A6%B7%E0%A7%8D%E0%A6%A3_%E0%A6%95%E0%A6%A5%E0%A6%BE%E0%A6%AE%E0%A7%83%E0%A6%A4_%E0%A6%AA%E0%A6%9E%E0%A7%8D%E0%A6%9A%E0%A6%AE_%E0%A6%AD%E0%A6%BE%E0%A6%97.djvu/%E0%A7%A7%E0%A7%AA%E0%A7%A6,https://www.ramakrishnavivekananda.info/kathamrita/unicodekathamrita/18_o_with_mani_342_344.html
s0113,song,আমি গেরুয়া বসন অঙ্গেতে পরিব,Safe,,,,False,1,1883-12-19,18.15,Kathamrita Unicode edition (own copy),"Wikisource scan, unproofread",5,141,0.971,https://bn.wikisource.org/wiki/%E0%A6%AA%E0%A6%BE%E0%A6%A4%E0%A6%BE%3A%E0%A6%B6%E0%A7%8D%E0%A6%B0%E0%A7%80%E0%A6%B6%E0%A7%8D%E0%A6%B0%E0%A7%80%E0%A6%B0%E0%A6%BE%E0%A6%AE%E0%A6%95%E0%A7%83%E0%A6%B7%E0%A7%8D%E0%A6%A3_%E0%A6%95%E0%A6%A5%E0%A6%BE%E0%A6%AE%E0%A7%83%E0%A6%A4_%E0%A6%AA%E0%A6%9E%E0%A7%8D%E0%A6%9A%E0%A6%AE_%E0%A6%AD%E0%A6%BE%E0%A6%97.djvu/%E0%A7%A7%E0%A7%AA%E0%A7%A7,https://www.ramakrishnavivekananda.info/kathamrita/unicodekathamrita/18_o_with_mani_342_344.html
s0114,verse,‘সে যে কোঠার ভিতর চোরকুঠরি,Check,not a song,,,False,1,1883-12-22,18.16,Kathamrita Unicode edition (own copy),"Wikisource scan, unproofread",5,145,0.9,https://bn.wikisource.org/wiki/%E0%A6%AA%E0%A6%BE%E0%A6%A4%E0%A6%BE%3A%E0%A6%B6%E0%A7%8D%E0%A6%B0%E0%A7%80%E0%A6%B6%E0%A7%8D%E0%A6%B0%E0%A7%80%E0%A6%B0%E0%A6%BE%E0%A6%AE%E0%A6%95%E0%A7%83%E0%A6%B7%E0%A7%8D%E0%A6%A3_%E0%A6%95%E0%A6%A5%E0%A6%BE%E0%A6%AE%E0%A7%83%E0%A6%A4_%E0%A6%AA%E0%A6%9E%E0%A7%8D%E0%A6%9A%E0%A6%AE_%E0%A6%AD%E0%A6%BE%E0%A6%97.djvu/%E0%A7%A7%E0%A7%AA%E0%A7%AB,https://www.ramakrishnavivekananda.info/kathamrita/unicodekathamrita/18_p_at_dakshineshwar_344_347.html
s0115,verse,"‘পঞ্চভূতের ফাঁদে, ব্রহ্ম পড়ে কাঁদে।’",Check,not a song,,,False,1,1883-12-22,18.16,Kathamrita Unicode edition (own copy),"Wikisource scan, unproofread",5,145,1.0,https://bn.wikisource.org/wiki/%E0%A6%AA%E0%A6%BE%E0%A6%A4%E0%A6%BE%3A%E0%A6%B6%E0%A7%8D%E0%A6%B0%E0%A7%80%E0%A6%B6%E0%A7%8D%E0%A6%B0%E0%A7%80%E0%A6%B0%E0%A6%BE%E0%A6%AE%E0%A6%95%E0%A7%83%E0%A6%B7%E0%A7%8D%E0%A6%A3_%E0%A6%95%E0%A6%A5%E0%A6%BE%E0%A6%AE%E0%A7%83%E0%A6%A4_%E0%A6%AA%E0%A6%9E%E0%A7%8D%E0%A6%9A%E0%A6%AE_%E0%A6%AD%E0%A6%BE%E0%A6%97.djvu/%E0%A7%A7%E0%A7%AA%E0%A7%AB,https://www.ramakrishnavivekananda.info/kathamrita/unicodekathamrita/18_p_at_dakshineshwar_344_347.html
s0116,song,শ্যাম তুমি পরাণের পরাণ।,Safe,,,,False,1,1883-12-22,18.17,Kathamrita Unicode edition (own copy),"Wikisource scan, unproofread",5,146,0.953,https://bn.wikisource.org/wiki/%E0%A6%AA%E0%A6%BE%E0%A6%A4%E0%A6%BE%3A%E0%A6%B6%E0%A7%8D%E0%A6%B0%E0%A7%80%E0%A6%B6%E0%A7%8D%E0%A6%B0%E0%A7%80%E0%A6%B0%E0%A6%BE%E0%A6%AE%E0%A6%95%E0%A7%83%E0%A6%B7%E0%A7%8D%E0%A6%A3_%E0%A6%95%E0%A6%A5%E0%A6%BE%E0%A6%AE%E0%A7%83%E0%A6%A4_%E0%A6%AA%E0%A6%9E%E0%A7%8D%E0%A6%9A%E0%A6%AE_%E0%A6%AD%E0%A6%BE%E0%A6%97.djvu/%E0%A7%A7%E0%A7%AA%E0%A7%AC,https://www.ramakrishnavivekananda.info/kathamrita/unicodekathamrita/18_q_with_bhavanath_347_347.html
s0117,song,"ধরো না ধরো না রথচক্র, রথ কি চক্রে চলে!",Safe,,,,True,1,1883-12-22,18.17,Kathamrita Unicode edition (own copy),"Wikisource scan, unproofread",5,72,0.943,https://bn.wikisource.org/wiki/%E0%A6%AA%E0%A6%BE%E0%A6%A4%E0%A6%BE%3A%E0%A6%B6%E0%A7%8D%E0%A6%B0%E0%A7%80%E0%A6%B6%E0%A7%8D%E0%A6%B0%E0%A7%80%E0%A6%B0%E0%A6%BE%E0%A6%AE%E0%A6%95%E0%A7%83%E0%A6%B7%E0%A7%8D%E0%A6%A3_%E0%A6%95%E0%A6%A5%E0%A6%BE%E0%A6%AE%E0%A7%83%E0%A6%A4_%E0%A6%AA%E0%A6%9E%E0%A7%8D%E0%A6%9A%E0%A6%AE_%E0%A6%AD%E0%A6%BE%E0%A6%97.djvu/%E0%A7%AD%E0%A7%A8,https://www.ramakrishnavivekananda.info/kathamrita/unicodekathamrita/18_q_with_bhavanath_347_347.html
s0118,song,শ্রীগৌরাঙ্গসুন্দর নব-নটবর তপতকাঞ্চন কায়।,Safe,,Nilkantha Mukhopadhyay,ভণিতা: “নীলকণ্ঠ”,False,5,1883-12-23,19.1,Kathamrita Unicode edition (own copy),"Wikisource scan, unproofread",4,75,0.985,https://bn.wikisource.org/wiki/%E0%A6%AA%E0%A6%BE%E0%A6%A4%E0%A6%BE%3A%E0%A6%B6%E0%A7%8D%E0%A6%B0%E0%A7%80%E0%A6%B6%E0%A7%8D%E0%A6%B0%E0%A7%80%E0%A6%B0%E0%A6%BE%E0%A6%AE%E0%A6%95%E0%A7%83%E0%A6%B7%E0%A7%8D%E0%A6%A3_%E0%A6%95%E0%A6%A5%E0%A6%BE%E0%A6%AE%E0%A7%83%E0%A6%A4_%E0%A6%9A%E0%A6%A4%E0%A7%81%E0%A6%B0%E0%A7%8D%E0%A6%A5_%E0%A6%AD%E0%A6%BE%E0%A6%97.djvu/%E0%A7%AD%E0%A7%AB,https://www.ramakrishnavivekananda.info/kathamrita/unicodekathamrita/19_a_samadhi_348_350.html
s0119,song,"‘জাগো মা কুলকুণ্ডলিনী! তুমি নিত্যানন্দ স্বরূপিণী,",Safe,,,,False,1,1883-12-24,19.4,Kathamrita Unicode edition (own copy),"Wikisource scan, unproofread",4,86,0.954,https://bn.wikisource.org/wiki/%E0%A6%AA%E0%A6%BE%E0%A6%A4%E0%A6%BE%3A%E0%A6%B6%E0%A7%8D%E0%A6%B0%E0%A7%80%E0%A6%B6%E0%A7%8D%E0%A6%B0%E0%A7%80%E0%A6%B0%E0%A6%BE%E0%A6%AE%E0%A6%95%E0%A7%83%E0%A6%B7%E0%A7%8D%E0%A6%A3_%E0%A6%95%E0%A6%A5%E0%A6%BE%E0%A6%AE%E0%A7%83%E0%A6%A4_%E0%A6%9A%E0%A6%A4%E0%A7%81%E0%A6%B0%E0%A7%8D%E0%A6%A5_%E0%A6%AD%E0%A6%BE%E0%A6%97.djvu/%E0%A7%AE%E0%A7%AC,https://www.ramakrishnavivekananda.info/kathamrita/unicodekathamrita/19_d_yoga_356_357.html
s0120,song,"প্রসাদ বলে ভুক্তি মুক্তি উভয় মাথায় রেখেছি,",Safe,,Ramprasad Sen,ভণিতা: “প্রসাদ বলে”,False,2,1883-12-27,19.6,Kathamrita Unicode edition (own copy),"Wikisource scan, unproofread",3,99,0.955,https://bn.wikisource.org/wiki/%E0%A6%AA%E0%A6%BE%E0%A6%A4%E0%A6%BE%3A%E0%A6%B6%E0%A7%8D%E0%A6%B0%E0%A7%80%E0%A6%B6%E0%A7%8D%E0%A6%B0%E0%A7%80%E0%A6%B0%E0%A6%BE%E0%A6%AE%E0%A6%95%E0%A7%83%E0%A6%B7%E0%A7%8D%E0%A6%A3_%E0%A6%95%E0%A6%A5%E0%A6%BE%E0%A6%AE%E0%A7%83%E0%A6%A4_%E0%A6%A4%E0%A7%83%E0%A6%A4%E0%A7%80%E0%A6%AF%E0%A6%BC_%E0%A6%AD%E0%A6%BE%E0%A6%97.djvu/%E0%A7%AF%E0%A7%AF,https://www.ramakrishnavivekananda.info/kathamrita/unicodekathamrita/19_f_at_kolkata_359_363.html
s0121,song,"বাঁচলাম সখি, শুনি কৃষ্ণনাম (ভাল কথার মন্দও ভাল)।",Safe,,,,True,1,1884-01-05,20.5,Kathamrita Unicode edition (own copy),"Wikisource scan, unproofread",4,97,0.971,https://bn.wikisource.org/wiki/%E0%A6%AA%E0%A6%BE%E0%A6%A4%E0%A6%BE%3A%E0%A6%B6%E0%A7%8D%E0%A6%B0%E0%A7%80%E0%A6%B6%E0%A7%8D%E0%A6%B0%E0%A7%80%E0%A6%B0%E0%A6%BE%E0%A6%AE%E0%A6%95%E0%A7%83%E0%A6%B7%E0%A7%8D%E0%A6%A3_%E0%A6%95%E0%A6%A5%E0%A6%BE%E0%A6%AE%E0%A7%83%E0%A6%A4_%E0%A6%9A%E0%A6%A4%E0%A7%81%E0%A6%B0%E0%A7%8D%E0%A6%A5_%E0%A6%AD%E0%A6%BE%E0%A6%97.djvu/%E0%A7%AF%E0%A7%AD,https://www.ramakrishnavivekananda.info/kathamrita/unicodekathamrita/20_e_guru_377_380.html
s0122,song,সমর আলো করে কার কামিনী।,Safe,,Kamalakanta Bhattacharya,ভণিতা: “কমলাকান্ত”,False,2,1884-01-05,20.5,Kathamrita Unicode edition (own copy),"Wikisource scan, unproofread",5,92,0.96,https://bn.wikisource.org/wiki/%E0%A6%AA%E0%A6%BE%E0%A6%A4%E0%A6%BE%3A%E0%A6%B6%E0%A7%8D%E0%A6%B0%E0%A7%80%E0%A6%B6%E0%A7%8D%E0%A6%B0%E0%A7%80%E0%A6%B0%E0%A6%BE%E0%A6%AE%E0%A6%95%E0%A7%83%E0%A6%B7%E0%A7%8D%E0%A6%A3_%E0%A6%95%E0%A6%A5%E0%A6%BE%E0%A6%AE%E0%A7%83%E0%A6%A4_%E0%A6%AA%E0%A6%9E%E0%A7%8D%E0%A6%9A%E0%A6%AE_%E0%A6%AD%E0%A6%BE%E0%A6%97.djvu/%E0%A7%AF%E0%A7%A8,https://www.ramakrishnavivekananda.info/kathamrita/unicodekathamrita/20_e_guru_377_380.html
s0123,song,"কি দেখিলাম রে, কেশব ভারতীর কুটিরে, অপরূপ জ্যোতিঃ,",Safe,,,,True,5,1883-10-16,16.32,Kathamrita Unicode edition (own copy),"Wikisource scan, unproofread",5,130,1.0,https://bn.wikisource.org/wiki/%E0%A6%AA%E0%A6%BE%E0%A6%A4%E0%A6%BE%3A%E0%A6%B6%E0%A7%8D%E0%A6%B0%E0%A7%80%E0%A6%B6%E0%A7%8D%E0%A6%B0%E0%A7%80%E0%A6%B0%E0%A6%BE%E0%A6%AE%E0%A6%95%E0%A7%83%E0%A6%B7%E0%A7%8D%E0%A6%A3_%E0%A6%95%E0%A6%A5%E0%A6%BE%E0%A6%AE%E0%A7%83%E0%A6%A4_%E0%A6%AA%E0%A6%9E%E0%A7%8D%E0%A6%9A%E0%A6%AE_%E0%A6%AD%E0%A6%BE%E0%A6%97.djvu/%E0%A7%A7%E0%A7%A9%E0%A7%A6,https://www.ramakrishnavivekananda.info/kathamrita/unicodekathamrita/16_zf_at_dakshineshwar_290_293.html
s0124,song,গৌর প্রেমের ঢেউ লেগেছে গায়।,Safe,,,,True,4,1884-01-05,20.5,Kathamrita Unicode edition (own copy),"Wikisource scan, unproofread",4,256,0.875,https://bn.wikisource.org/wiki/%E0%A6%AA%E0%A6%BE%E0%A6%A4%E0%A6%BE%3A%E0%A6%B6%E0%A7%8D%E0%A6%B0%E0%A7%80%E0%A6%B6%E0%A7%8D%E0%A6%B0%E0%A7%80%E0%A6%B0%E0%A6%BE%E0%A6%AE%E0%A6%95%E0%A7%83%E0%A6%B7%E0%A7%8D%E0%A6%A3_%E0%A6%95%E0%A6%A5%E0%A6%BE%E0%A6%AE%E0%A7%83%E0%A6%A4_%E0%A6%9A%E0%A6%A4%E0%A7%81%E0%A6%B0%E0%A7%8D%E0%A6%A5_%E0%A6%AD%E0%A6%BE%E0%A6%97.djvu/%E0%A7%A8%E0%A7%AB%E0%A7%AC,https://www.ramakrishnavivekananda.info/kathamrita/unicodekathamrita/20_e_guru_377_380.html
s0125,verse,যদেকং নিষ্কলং ব্রহ্ম ব্যোমাতীতং নিরঞ্জনম্‌।,Check,not a song,,,False,1,1884-02-02,20.10,Kathamrita Unicode edition (own copy),"Wikisource scan, unproofread",4,109,0.966,https://bn.wikisource.org/wiki/%E0%A6%AA%E0%A6%BE%E0%A6%A4%E0%A6%BE%3A%E0%A6%B6%E0%A7%8D%E0%A6%B0%E0%A7%80%E0%A6%B6%E0%A7%8D%E0%A6%B0%E0%A7%80%E0%A6%B0%E0%A6%BE%E0%A6%AE%E0%A6%95%E0%A7%83%E0%A6%B7%E0%A7%8D%E0%A6%A3_%E0%A6%95%E0%A6%A5%E0%A6%BE%E0%A6%AE%E0%A7%83%E0%A6%A4_%E0%A6%9A%E0%A6%A4%E0%A7%81%E0%A6%B0%E0%A7%8D%E0%A6%A5_%E0%A6%AD%E0%A6%BE%E0%A6%97.djvu/%E0%A7%A7%E0%A7%A6%E0%A7%AF,https://www.ramakrishnavivekananda.info/kathamrita/unicodekathamrita/20_j_mahimacharan_386_387.html
s0126,verse,অগ্নির্দেবো দ্বিজাতীনাং মুনীনাং হৃদি দৈবতম্‌।,Check,not a song,,,False,1,1884-02-02,20.10,Kathamrita Unicode edition (own copy),"Wikisource scan, unproofread",4,109,0.985,https://bn.wikisource.org/wiki/%E0%A6%AA%E0%A6%BE%E0%A6%A4%E0%A6%BE%3A%E0%A6%B6%E0%A7%8D%E0%A6%B0%E0%A7%80%E0%A6%B6%E0%A7%8D%E0%A6%B0%E0%A7%80%E0%A6%B0%E0%A6%BE%E0%A6%AE%E0%A6%95%E0%A7%83%E0%A6%B7%E0%A7%8D%E0%A6%A3_%E0%A6%95%E0%A6%A5%E0%A6%BE%E0%A6%AE%E0%A7%83%E0%A6%A4_%E0%A6%9A%E0%A6%A4%E0%A7%81%E0%A6%B0%E0%A7%8D%E0%A6%A5_%E0%A6%AD%E0%A6%BE%E0%A6%97.djvu/%E0%A7%A7%E0%A7%A6%E0%A7%AF,https://www.ramakrishnavivekananda.info/kathamrita/unicodekathamrita/20_j_mahimacharan_386_387.html
s0127,verse,অন্তর্বহির্যদিহরিস্তপসা ততঃ কিম্‌।,Check,not a song,,,False,2,1884-02-02,20.10,Kathamrita Unicode edition (own copy),"Wikisource scan, unproofread",3,263,0.872,https://bn.wikisource.org/wiki/%E0%A6%AA%E0%A6%BE%E0%A6%A4%E0%A6%BE%3A%E0%A6%B6%E0%A7%8D%E0%A6%B0%E0%A7%80%E0%A6%B6%E0%A7%8D%E0%A6%B0%E0%A7%80%E0%A6%B0%E0%A6%BE%E0%A6%AE%E0%A6%95%E0%A7%83%E0%A6%B7%E0%A7%8D%E0%A6%A3_%E0%A6%95%E0%A6%A5%E0%A6%BE%E0%A6%AE%E0%A7%83%E0%A6%A4_%E0%A6%A4%E0%A7%83%E0%A6%A4%E0%A7%80%E0%A6%AF%E0%A6%BC_%E0%A6%AD%E0%A6%BE%E0%A6%97.djvu/%E0%A7%A8%E0%A7%AC%E0%A7%A9,https://www.ramakrishnavivekananda.info/kathamrita/unicodekathamrita/20_j_mahimacharan_386_387.html
s0128,verse,"যস্যামিদং কল্পিতমিন্দ্রজালং, চরাচরং ভাতি মনোবিলাসম্‌।",Check,not a song,,,False,1,1884-02-02,20.10,Kathamrita Unicode edition (own copy),"Wikisource scan, unproofread",4,110,0.957,https://bn.wikisource.org/wiki/%E0%A6%AA%E0%A6%BE%E0%A6%A4%E0%A6%BE%3A%E0%A6%B6%E0%A7%8D%E0%A6%B0%E0%A7%80%E0%A6%B6%E0%A7%8D%E0%A6%B0%E0%A7%80%E0%A6%B0%E0%A6%BE%E0%A6%AE%E0%A6%95%E0%A7%83%E0%A6%B7%E0%A7%8D%E0%A6%A3_%E0%A6%95%E0%A6%A5%E0%A6%BE%E0%A6%AE%E0%A7%83%E0%A6%A4_%E0%A6%9A%E0%A6%A4%E0%A7%81%E0%A6%B0%E0%A7%8D%E0%A6%A5_%E0%A6%AD%E0%A6%BE%E0%A6%97.djvu/%E0%A7%A7%E0%A7%A7%E0%A7%A6,https://www.ramakrishnavivekananda.info/kathamrita/unicodekathamrita/20_j_mahimacharan_386_387.html
s0129,verse,ঊর্ধ্বপূর্ণমধঃপূর্ণং মধ্যপূর্ণং যদাত্মকম্‌।,Check,not a song,,,False,1,1884-02-02,20.10,Kathamrita Unicode edition (own copy),"Wikisource scan, unproofread",4,111,0.946,https://bn.wikisource.org/wiki/%E0%A6%AA%E0%A6%BE%E0%A6%A4%E0%A6%BE%3A%E0%A6%B6%E0%A7%8D%E0%A6%B0%E0%A7%80%E0%A6%B6%E0%A7%8D%E0%A6%B0%E0%A7%80%E0%A6%B0%E0%A6%BE%E0%A6%AE%E0%A6%95%E0%A7%83%E0%A6%B7%E0%A7%8D%E0%A6%A3_%E0%A6%95%E0%A6%A5%E0%A6%BE%E0%A6%AE%E0%A7%83%E0%A6%A4_%E0%A6%9A%E0%A6%A4%E0%A7%81%E0%A6%B0%E0%A7%8D%E0%A6%A5_%E0%A6%AD%E0%A6%BE%E0%A6%97.djvu/%E0%A7%A7%E0%A7%A7%E0%A7%A7,https://www.ramakrishnavivekananda.info/kathamrita/unicodekathamrita/20_j_mahimacharan_386_387.html
s0130,song,তোর কোলে লুকায়ে থাকি (মা)।,Safe,,,,False,1,1884-03-02,20.14,Kathamrita Unicode edition (own copy),"Wikisource scan, unproofread",3,109,0.98,https://bn.wikisource.org/wiki/%E0%A6%AA%E0%A6%BE%E0%A6%A4%E0%A6%BE%3A%E0%A6%B6%E0%A7%8D%E0%A6%B0%E0%A7%80%E0%A6%B6%E0%A7%8D%E0%A6%B0%E0%A7%80%E0%A6%B0%E0%A6%BE%E0%A6%AE%E0%A6%95%E0%A7%83%E0%A6%B7%E0%A7%8D%E0%A6%A3_%E0%A6%95%E0%A6%A5%E0%A6%BE%E0%A6%AE%E0%A7%83%E0%A6%A4_%E0%A6%A4%E0%A7%83%E0%A6%A4%E0%A7%80%E0%A6%AF%E0%A6%BC_%E0%A6%AD%E0%A6%BE%E0%A6%97.djvu/%E0%A7%A7%E0%A7%A6%E0%A7%AF,https://www.ramakrishnavivekananda.info/kathamrita/unicodekathamrita/20_n_at_dakshineshwar_391_395.html
s0131,song,লজ্জা নিবারণ হরি আমার।,Safe,,,,False,1,1884-03-02,20.14,Kathamrita Unicode edition (own copy),"Wikisource scan, unproofread",3,110,0.978,https://bn.wikisource.org/wiki/%E0%A6%AA%E0%A6%BE%E0%A6%A4%E0%A6%BE%3A%E0%A6%B6%E0%A7%8D%E0%A6%B0%E0%A7%80%E0%A6%B6%E0%A7%8D%E0%A6%B0%E0%A7%80%E0%A6%B0%E0%A6%BE%E0%A6%AE%E0%A6%95%E0%A7%83%E0%A6%B7%E0%A7%8D%E0%A6%A3_%E0%A6%95%E0%A6%A5%E0%A6%BE%E0%A6%AE%E0%A7%83%E0%A6%A4_%E0%A6%A4%E0%A7%83%E0%A6%A4%E0%A7%80%E0%A6%AF%E0%A6%BC_%E0%A6%AD%E0%A6%BE%E0%A6%97.djvu/%E0%A7%A7%E0%A7%A7%E0%A7%A6,https://www.ramakrishnavivekananda.info/kathamrita/unicodekathamrita/20_n_at_dakshineshwar_391_395.html
s0132,song,‘যশ অপযশ কুরস সুরস সকল রস তোমারি।,Safe,,,,True,1,1884-03-02,20.14,Kathamrita Unicode edition (own copy),"Wikisource scan, unproofread",3,111,0.939,https://bn.wikisource.org/wiki/%E0%A6%AA%E0%A6%BE%E0%A6%A4%E0%A6%BE%3A%E0%A6%B6%E0%A7%8D%E0%A6%B0%E0%A7%80%E0%A6%B6%E0%A7%8D%E0%A6%B0%E0%A7%80%E0%A6%B0%E0%A6%BE%E0%A6%AE%E0%A6%95%E0%A7%83%E0%A6%B7%E0%A7%8D%E0%A6%A3_%E0%A6%95%E0%A6%A5%E0%A6%BE%E0%A6%AE%E0%A7%83%E0%A6%A4_%E0%A6%A4%E0%A7%83%E0%A6%A4%E0%A7%80%E0%A6%AF%E0%A6%BC_%E0%A6%AD%E0%A6%BE%E0%A6%97.djvu/%E0%A7%A7%E0%A7%A7%E0%A7%A7,https://www.ramakrishnavivekananda.info/kathamrita/unicodekathamrita/20_n_at_dakshineshwar_391_395.html
s0133,song,"(হরি) আপনি নাচ, আপনি গাও, আপনি বাজাও তালে তালে,",Safe,,,,False,1,1884-03-02,20.14,Kathamrita Unicode edition (own copy),"Wikisource scan, unproofread",3,111,0.971,https://bn.wikisource.org/wiki/%E0%A6%AA%E0%A6%BE%E0%A6%A4%E0%A6%BE%3A%E0%A6%B6%E0%A7%8D%E0%A6%B0%E0%A7%80%E0%A6%B6%E0%A7%8D%E0%A6%B0%E0%A7%80%E0%A6%B0%E0%A6%BE%E0%A6%AE%E0%A6%95%E0%A7%83%E0%A6%B7%E0%A7%8D%E0%A6%A3_%E0%A6%95%E0%A6%A5%E0%A6%BE%E0%A6%AE%E0%A7%83%E0%A6%A4_%E0%A6%A4%E0%A7%83%E0%A6%A4%E0%A7%80%E0%A6%AF%E0%A6%BC_%E0%A6%AD%E0%A6%BE%E0%A6%97.djvu/%E0%A7%A7%E0%A7%A7%E0%A7%A7,https://www.ramakrishnavivekananda.info/kathamrita/unicodekathamrita/20_n_at_dakshineshwar_391_395.html
s0134,song,"প্রেম গিরি-কন্দরে, যোগী হয়ে রহিব।",Safe,,,,True,1,1884-03-23,20.19,Kathamrita Unicode edition (own copy),"Wikisource scan, unproofread",4,122,0.98,https://bn.wikisource.org/wiki/%E0%A6%AA%E0%A6%BE%E0%A6%A4%E0%A6%BE%3A%E0%A6%B6%E0%A7%8D%E0%A6%B0%E0%A7%80%E0%A6%B6%E0%A7%8D%E0%A6%B0%E0%A7%80%E0%A6%B0%E0%A6%BE%E0%A6%AE%E0%A6%95%E0%A7%83%E0%A6%B7%E0%A7%8D%E0%A6%A3_%E0%A6%95%E0%A6%A5%E0%A6%BE%E0%A6%AE%E0%A7%83%E0%A6%A4_%E0%A6%9A%E0%A6%A4%E0%A7%81%E0%A6%B0%E0%A7%8D%E0%A6%A5_%E0%A6%AD%E0%A6%BE%E0%A6%97.djvu/%E0%A7%A7%E0%A7%A8%E0%A7%A8,https://www.ramakrishnavivekananda.info/kathamrita/unicodekathamrita/20_s_advice_to_thakurdada_407_411.html
s0135,verse,বিরম বিরম ব্রহ্মন্‌ কিং তপস্যাসু বৎস।,Check,not a song,,,False,1,1884-03-23,20.19,Kathamrita Unicode edition (own copy),"Wikisource scan, unproofread",4,123,0.981,https://bn.wikisource.org/wiki/%E0%A6%AA%E0%A6%BE%E0%A6%A4%E0%A6%BE%3A%E0%A6%B6%E0%A7%8D%E0%A6%B0%E0%A7%80%E0%A6%B6%E0%A7%8D%E0%A6%B0%E0%A7%80%E0%A6%B0%E0%A6%BE%E0%A6%AE%E0%A6%95%E0%A7%83%E0%A6%B7%E0%A7%8D%E0%A6%A3_%E0%A6%95%E0%A6%A5%E0%A6%BE%E0%A6%AE%E0%A7%83%E0%A6%A4_%E0%A6%9A%E0%A6%A4%E0%A7%81%E0%A6%B0%E0%A7%8D%E0%A6%A5_%E0%A6%AD%E0%A6%BE%E0%A6%97.djvu/%E0%A7%A7%E0%A7%A8%E0%A7%A9,https://www.ramakrishnavivekananda.info/kathamrita/unicodekathamrita/20_s_advice_to_thakurdada_407_411.html
s0136,song,প্রেমের বাজারে আনন্দের মালা।,Safe,,,,False,1,1884-04-05,20.23,Kathamrita Unicode edition (own copy),"not found on Wikisource (Part 2, or scan text too noisy)",,,,,https://www.ramakrishnavivekananda.info/kathamrita/unicodekathamrita/20_w_keshab_419_423.html
s0137,song,আমি ওই খেদে খেদ করি শ্যামা।,Safe,,,,True,2,1884-05-25,20.30,Kathamrita Unicode edition (own copy),"Wikisource scan, unproofread",4,132,0.906,https://bn.wikisource.org/wiki/%E0%A6%AA%E0%A6%BE%E0%A6%A4%E0%A6%BE%3A%E0%A6%B6%E0%A7%8D%E0%A6%B0%E0%A7%80%E0%A6%B6%E0%A7%8D%E0%A6%B0%E0%A7%80%E0%A6%B0%E0%A6%BE%E0%A6%AE%E0%A6%95%E0%A7%83%E0%A6%B7%E0%A7%8D%E0%A6%A3_%E0%A6%95%E0%A6%A5%E0%A6%BE%E0%A6%AE%E0%A7%83%E0%A6%A4_%E0%A6%9A%E0%A6%A4%E0%A7%81%E0%A6%B0%E0%A7%8D%E0%A6%A5_%E0%A6%AD%E0%A6%BE%E0%A6%97.djvu/%E0%A7%A7%E0%A7%A9%E0%A7%A8,https://www.ramakrishnavivekananda.info/kathamrita/unicodekathamrita/20_zd_at_dakshineshwar_438_440.html
s0138,verse,অখণ্ডমণ্ডলাকারং ব্যাপ্তং যেন চরাচরম্‌।,Check,not a song,,,False,1,1884-05-25,20.32,Kathamrita Unicode edition (own copy),"Wikisource scan, unproofread",4,136,0.98,https://bn.wikisource.org/wiki/%E0%A6%AA%E0%A6%BE%E0%A6%A4%E0%A6%BE%3A%E0%A6%B6%E0%A7%8D%E0%A6%B0%E0%A7%80%E0%A6%B6%E0%A7%8D%E0%A6%B0%E0%A7%80%E0%A6%B0%E0%A6%BE%E0%A6%AE%E0%A6%95%E0%A7%83%E0%A6%B7%E0%A7%8D%E0%A6%A3_%E0%A6%95%E0%A6%A5%E0%A6%BE%E0%A6%AE%E0%A7%83%E0%A6%A4_%E0%A6%9A%E0%A6%A4%E0%A7%81%E0%A6%B0%E0%A7%8D%E0%A6%A5_%E0%A6%AD%E0%A6%BE%E0%A6%97.djvu/%E0%A7%A7%E0%A7%A9%E0%A7%AC,https://www.ramakrishnavivekananda.info/kathamrita/unicodekathamrita/20_zf_kirtanwithvijayandothers_442_444.html
s0139,song,হরি বলিতে ধারা বেয়ে পড়বে। (সে দিন কবে বা হবে),Safe,,,,False,1,1884-05-25,20.32,Kathamrita Unicode edition (own copy),"Wikisource scan, unproofread",4,137,0.982,https://bn.wikisource.org/wiki/%E0%A6%AA%E0%A6%BE%E0%A6%A4%E0%A6%BE%3A%E0%A6%B6%E0%A7%8D%E0%A6%B0%E0%A7%80%E0%A6%B6%E0%A7%8D%E0%A6%B0%E0%A7%80%E0%A6%B0%E0%A6%BE%E0%A6%AE%E0%A6%95%E0%A7%83%E0%A6%B7%E0%A7%8D%E0%A6%A3_%E0%A6%95%E0%A6%A5%E0%A6%BE%E0%A6%AE%E0%A7%83%E0%A6%A4_%E0%A6%9A%E0%A6%A4%E0%A7%81%E0%A6%B0%E0%A7%8D%E0%A6%A5_%E0%A6%AD%E0%A6%BE%E0%A6%97.djvu/%E0%A7%A7%E0%A7%A9%E0%A7%AD,https://www.ramakrishnavivekananda.info/kathamrita/unicodekathamrita/20_zf_kirtanwithvijayandothers_442_444.html
s0140,song,প্রেমধন বিলায় গোরারায়।,Safe,,,,False,1,1884-05-25,20.33,Kathamrita Unicode edition (own copy),"Wikisource scan, unproofread",4,138,0.844,https://bn.wikisource.org/wiki/%E0%A6%AA%E0%A6%BE%E0%A6%A4%E0%A6%BE%3A%E0%A6%B6%E0%A7%8D%E0%A6%B0%E0%A7%80%E0%A6%B6%E0%A7%8D%E0%A6%B0%E0%A7%80%E0%A6%B0%E0%A6%BE%E0%A6%AE%E0%A6%95%E0%A7%83%E0%A6%B7%E0%A7%8D%E0%A6%A3_%E0%A6%95%E0%A6%A5%E0%A6%BE%E0%A6%AE%E0%A7%83%E0%A6%A4_%E0%A6%9A%E0%A6%A4%E0%A7%81%E0%A6%B0%E0%A7%8D%E0%A6%A5_%E0%A6%AD%E0%A6%BE%E0%A6%97.djvu/%E0%A7%A7%E0%A7%A9%E0%A7%AE,https://www.ramakrishnavivekananda.info/kathamrita/unicodekathamrita/20_zg_toughvowsofsannyasi_444_445.html
s0141,song,শীতল তছু অঙ্গ হেরি সঙ্গসুখ লালসে (হে)।,Safe,,,,False,2,1883-05-27,13.8,Kathamrita Unicode edition (own copy),"Wikisource scan, unproofread",5,65,0.926,https://bn.wikisource.org/wiki/%E0%A6%AA%E0%A6%BE%E0%A6%A4%E0%A6%BE%3A%E0%A6%B6%E0%A7%8D%E0%A6%B0%E0%A7%80%E0%A6%B6%E0%A7%8D%E0%A6%B0%E0%A7%80%E0%A6%B0%E0%A6%BE%E0%A6%AE%E0%A6%95%E0%A7%83%E0%A6%B7%E0%A7%8D%E0%A6%A3_%E0%A6%95%E0%A6%A5%E0%A6%BE%E0%A6%AE%E0%A7%83%E0%A6%A4_%E0%A6%AA%E0%A6%9E%E0%A7%8D%E0%A6%9A%E0%A6%AE_%E0%A6%AD%E0%A6%BE%E0%A6%97.djvu/%E0%A7%AC%E0%A7%AB,https://www.ramakrishnavivekananda.info/kathamrita/unicodekathamrita/13_h_with_devotees_187_190.html
s0142,song,"মরিব মরিব সখি, নিশ্চয় মরিব,",Safe,,,,False,1,1884-06-15,21.1,Kathamrita Unicode edition (own copy),"Wikisource scan, unproofread",1,148,0.918,https://bn.wikisource.org/wiki/%E0%A6%AA%E0%A6%BE%E0%A6%A4%E0%A6%BE%3A%E0%A6%B6%E0%A7%8D%E0%A6%B0%E0%A7%80%E0%A6%B6%E0%A7%8D%E0%A6%B0%E0%A7%80%E0%A6%B0%E0%A6%BE%E0%A6%AE%E0%A6%95%E0%A7%83%E0%A6%B7%E0%A7%8D%E0%A6%A3_%E0%A6%95%E0%A6%A5%E0%A6%BE%E0%A6%AE%E0%A7%83%E0%A6%A4_%E0%A6%AA%E0%A7%8D%E0%A6%B0%E0%A6%A5%E0%A6%AE_%E0%A6%AD%E0%A6%BE%E0%A6%97.djvu/%E0%A7%A7%E0%A7%AA%E0%A7%AE,https://www.ramakrishnavivekananda.info/kathamrita/unicodekathamrita/21_a_surendra_gardenhouse_446_449.html
s0143,song,ধনি দাঁড়ালো রে,Safe,,,,False,1,1884-06-15,21.1,Kathamrita Unicode edition (own copy),"Wikisource scan, unproofread",1,150,0.971,https://bn.wikisource.org/wiki/%E0%A6%AA%E0%A6%BE%E0%A6%A4%E0%A6%BE%3A%E0%A6%B6%E0%A7%8D%E0%A6%B0%E0%A7%80%E0%A6%B6%E0%A7%8D%E0%A6%B0%E0%A7%80%E0%A6%B0%E0%A6%BE%E0%A6%AE%E0%A6%95%E0%A7%83%E0%A6%B7%E0%A7%8D%E0%A6%A3_%E0%A6%95%E0%A6%A5%E0%A6%BE%E0%A6%AE%E0%A7%83%E0%A6%A4_%E0%A6%AA%E0%A7%8D%E0%A6%B0%E0%A6%A5%E0%A6%AE_%E0%A6%AD%E0%A6%BE%E0%A6%97.djvu/%E0%A7%A7%E0%A7%AB%E0%A7%A6,https://www.ramakrishnavivekananda.info/kathamrita/unicodekathamrita/21_a_surendra_gardenhouse_446_449.html
s0144,song,মা কি এমনি মায়ের মেয়ে।,Safe,,,,True,1,1884-06-30,24.1,Kathamrita Unicode edition (own copy),"Wikisource scan, unproofread",3,120,0.979,https://bn.wikisource.org/wiki/%E0%A6%AA%E0%A6%BE%E0%A6%A4%E0%A6%BE%3A%E0%A6%B6%E0%A7%8D%E0%A6%B0%E0%A7%80%E0%A6%B6%E0%A7%8D%E0%A6%B0%E0%A7%80%E0%A6%B0%E0%A6%BE%E0%A6%AE%E0%A6%95%E0%A7%83%E0%A6%B7%E0%A7%8D%E0%A6%A3_%E0%A6%95%E0%A6%A5%E0%A6%BE%E0%A6%AE%E0%A7%83%E0%A6%A4_%E0%A6%A4%E0%A7%83%E0%A6%A4%E0%A7%80%E0%A6%AF%E0%A6%BC_%E0%A6%AD%E0%A6%BE%E0%A6%97.djvu/%E0%A7%A7%E0%A7%A8%E0%A7%A6,https://www.ramakrishnavivekananda.info/kathamrita/unicodekathamrita/24_a_brahmashakti_476_478.html
s0145,song,মা কি শুধুই শিবের সতী।,Safe,,Ramprasad Sen,ভণিতা: “প্রসাদ বলে”,True,1,1884-06-30,24.1,Kathamrita Unicode edition (own copy),"Wikisource scan, unproofread",3,120,0.973,https://bn.wikisource.org/wiki/%E0%A6%AA%E0%A6%BE%E0%A6%A4%E0%A6%BE%3A%E0%A6%B6%E0%A7%8D%E0%A6%B0%E0%A7%80%E0%A6%B6%E0%A7%8D%E0%A6%B0%E0%A7%80%E0%A6%B0%E0%A6%BE%E0%A6%AE%E0%A6%95%E0%A7%83%E0%A6%B7%E0%A7%8D%E0%A6%A3_%E0%A6%95%E0%A6%A5%E0%A6%BE%E0%A6%AE%E0%A7%83%E0%A6%A4_%E0%A6%A4%E0%A7%83%E0%A6%A4%E0%A7%80%E0%A6%AF%E0%A6%BC_%E0%A6%AD%E0%A6%BE%E0%A6%97.djvu/%E0%A7%A7%E0%A7%A8%E0%A7%A6,https://www.ramakrishnavivekananda.info/kathamrita/unicodekathamrita/24_a_brahmashakti_476_478.html
s0146,song,"আমি সুরা পান করি না, সুধা খাই জয় কালী বলে,",Safe,,Ramprasad Sen,ভণিতা: “প্রসাদ বলে”,True,1,1884-06-30,24.1,Kathamrita Unicode edition (own copy),"Wikisource scan, unproofread",3,120,0.984,https://bn.wikisource.org/wiki/%E0%A6%AA%E0%A6%BE%E0%A6%A4%E0%A6%BE%3A%E0%A6%B6%E0%A7%8D%E0%A6%B0%E0%A7%80%E0%A6%B6%E0%A7%8D%E0%A6%B0%E0%A7%80%E0%A6%B0%E0%A6%BE%E0%A6%AE%E0%A6%95%E0%A7%83%E0%A6%B7%E0%A7%8D%E0%A6%A3_%E0%A6%95%E0%A6%A5%E0%A6%BE%E0%A6%AE%E0%A7%83%E0%A6%A4_%E0%A6%A4%E0%A7%83%E0%A6%A4%E0%A7%80%E0%A6%AF%E0%A6%BC_%E0%A6%AD%E0%A6%BE%E0%A6%97.djvu/%E0%A7%A7%E0%A7%A8%E0%A7%A6,https://www.ramakrishnavivekananda.info/kathamrita/unicodekathamrita/24_a_brahmashakti_476_478.html
s0147,song,"কালীনাম কল্পতরু, হৃদয়ে রোপণ করেছি।",Safe,,Ramprasad Sen,ভণিতা: “রামপ্রসাদ”,True,1,1884-06-30,24.1,Kathamrita Unicode edition (own copy),"Wikisource scan, unproofread",5,120,0.983,https://bn.wikisource.org/wiki/%E0%A6%AA%E0%A6%BE%E0%A6%A4%E0%A6%BE%3A%E0%A6%B6%E0%A7%8D%E0%A6%B0%E0%A7%80%E0%A6%B6%E0%A7%8D%E0%A6%B0%E0%A7%80%E0%A6%B0%E0%A6%BE%E0%A6%AE%E0%A6%95%E0%A7%83%E0%A6%B7%E0%A7%8D%E0%A6%A3_%E0%A6%95%E0%A6%A5%E0%A6%BE%E0%A6%AE%E0%A7%83%E0%A6%A4_%E0%A6%AA%E0%A6%9E%E0%A7%8D%E0%A6%9A%E0%A6%AE_%E0%A6%AD%E0%A6%BE%E0%A6%97.djvu/%E0%A7%A7%E0%A7%A8%E0%A7%A6,https://www.ramakrishnavivekananda.info/kathamrita/unicodekathamrita/24_a_brahmashakti_476_478.html
s0148,verse,"‘নির্গুণ মেরা বাপ, সগুণ মাহতারি,",Check,not a song,,,False,1,1884-07-03,25.1,Kathamrita Unicode edition (own copy),"Wikisource scan, unproofread",4,149,0.965,https://bn.wikisource.org/wiki/%E0%A6%AA%E0%A6%BE%E0%A6%A4%E0%A6%BE%3A%E0%A6%B6%E0%A7%8D%E0%A6%B0%E0%A7%80%E0%A6%B6%E0%A7%8D%E0%A6%B0%E0%A7%80%E0%A6%B0%E0%A6%BE%E0%A6%AE%E0%A6%95%E0%A7%83%E0%A6%B7%E0%A7%8D%E0%A6%A3_%E0%A6%95%E0%A6%A5%E0%A6%BE%E0%A6%AE%E0%A7%83%E0%A6%A4_%E0%A6%9A%E0%A6%A4%E0%A7%81%E0%A6%B0%E0%A7%8D%E0%A6%A5_%E0%A6%AD%E0%A6%BE%E0%A6%97.djvu/%E0%A7%A7%E0%A7%AA%E0%A7%AF,https://www.ramakrishnavivekananda.info/kathamrita/unicodekathamrita/25_a_balaramhome_493_494.html
s0149,song,শিব সঙ্গে সদারঙ্গে আনন্দে মগনা।,Safe,,,,True,5,1884-07-03,25.4,Kathamrita Unicode edition (own copy),"Wikisource scan, unproofread",3,359,0.98,https://bn.wikisource.org/wiki/%E0%A6%AA%E0%A6%BE%E0%A6%A4%E0%A6%BE%3A%E0%A6%B6%E0%A7%8D%E0%A6%B0%E0%A7%80%E0%A6%B6%E0%A7%8D%E0%A6%B0%E0%A7%80%E0%A6%B0%E0%A6%BE%E0%A6%AE%E0%A6%95%E0%A7%83%E0%A6%B7%E0%A7%8D%E0%A6%A3_%E0%A6%95%E0%A6%A5%E0%A6%BE%E0%A6%AE%E0%A7%83%E0%A6%A4_%E0%A6%A4%E0%A7%83%E0%A6%A4%E0%A7%80%E0%A6%AF%E0%A6%BC_%E0%A6%AD%E0%A6%BE%E0%A6%97.djvu/%E0%A7%A9%E0%A7%AB%E0%A7%AF,https://www.ramakrishnavivekananda.info/kathamrita/unicodekathamrita/25_d_balaramhome_499_501.html
s0150,song,"দুর্গানাম জপ সদা রসনা আমার,",Safe,,,,False,2,1884-07-03,25.4,Kathamrita Unicode edition (own copy),"Wikisource scan, unproofread",4,290,1.0,https://bn.wikisource.org/wiki/%E0%A6%AA%E0%A6%BE%E0%A6%A4%E0%A6%BE%3A%E0%A6%B6%E0%A7%8D%E0%A6%B0%E0%A7%80%E0%A6%B6%E0%A7%8D%E0%A6%B0%E0%A7%80%E0%A6%B0%E0%A6%BE%E0%A6%AE%E0%A6%95%E0%A7%83%E0%A6%B7%E0%A7%8D%E0%A6%A3_%E0%A6%95%E0%A6%A5%E0%A6%BE%E0%A6%AE%E0%A7%83%E0%A6%A4_%E0%A6%9A%E0%A6%A4%E0%A7%81%E0%A6%B0%E0%A7%8D%E0%A6%A5_%E0%A6%AD%E0%A6%BE%E0%A6%97.djvu/%E0%A7%A8%E0%A7%AF%E0%A7%A6,https://www.ramakrishnavivekananda.info/kathamrita/unicodekathamrita/25_d_balaramhome_499_501.html
s0151,song,"যশোদা নাচাতো শ্যামা বলে নীলমণি,",Safe,,,,True,1,1884-07-03,25.4,Kathamrita Unicode edition (own copy),"Wikisource scan, unproofread",4,157,0.961,https://bn.wikisource.org/wiki/%E0%A6%AA%E0%A6%BE%E0%A6%A4%E0%A6%BE%3A%E0%A6%B6%E0%A7%8D%E0%A6%B0%E0%A7%80%E0%A6%B6%E0%A7%8D%E0%A6%B0%E0%A7%80%E0%A6%B0%E0%A6%BE%E0%A6%AE%E0%A6%95%E0%A7%83%E0%A6%B7%E0%A7%8D%E0%A6%A3_%E0%A6%95%E0%A6%A5%E0%A6%BE%E0%A6%AE%E0%A7%83%E0%A6%A4_%E0%A6%9A%E0%A6%A4%E0%A7%81%E0%A6%B0%E0%A7%8D%E0%A6%A5_%E0%A6%AD%E0%A6%BE%E0%A6%97.djvu/%E0%A7%A7%E0%A7%AB%E0%A7%AD,https://www.ramakrishnavivekananda.info/kathamrita/unicodekathamrita/25_d_balaramhome_499_501.html
s0152,song,আমার গৌর নাচে।,Safe,,,,False,2,1884-07-03,25.5,Kathamrita Unicode edition (own copy),"Wikisource scan, unproofread",4,160,0.953,https://bn.wikisource.org/wiki/%E0%A6%AA%E0%A6%BE%E0%A6%A4%E0%A6%BE%3A%E0%A6%B6%E0%A7%8D%E0%A6%B0%E0%A7%80%E0%A6%B6%E0%A7%8D%E0%A6%B0%E0%A7%80%E0%A6%B0%E0%A6%BE%E0%A6%AE%E0%A6%95%E0%A7%83%E0%A6%B7%E0%A7%8D%E0%A6%A3_%E0%A6%95%E0%A6%A5%E0%A6%BE%E0%A6%AE%E0%A7%83%E0%A6%A4_%E0%A6%9A%E0%A6%A4%E0%A7%81%E0%A6%B0%E0%A7%8D%E0%A6%A5_%E0%A6%AD%E0%A6%BE%E0%A6%97.djvu/%E0%A7%A7%E0%A7%AC%E0%A7%A6,https://www.ramakrishnavivekananda.info/kathamrita/unicodekathamrita/25_e_sriramakrishnadance_501_503.html
s0153,song,নাচে সংকীর্তনে (শচীর দুলাল নাচে রে)।,Safe,,,,False,1,1884-07-03,25.5,Kathamrita Unicode edition (own copy),"Wikisource scan, unproofread",4,160,0.931,https://bn.wikisource.org/wiki/%E0%A6%AA%E0%A6%BE%E0%A6%A4%E0%A6%BE%3A%E0%A6%B6%E0%A7%8D%E0%A6%B0%E0%A7%80%E0%A6%B6%E0%A7%8D%E0%A6%B0%E0%A7%80%E0%A6%B0%E0%A6%BE%E0%A6%AE%E0%A6%95%E0%A7%83%E0%A6%B7%E0%A7%8D%E0%A6%A3_%E0%A6%95%E0%A6%A5%E0%A6%BE%E0%A6%AE%E0%A7%83%E0%A6%A4_%E0%A6%9A%E0%A6%A4%E0%A7%81%E0%A6%B0%E0%A7%8D%E0%A6%A5_%E0%A6%AD%E0%A6%BE%E0%A6%97.djvu/%E0%A7%A7%E0%A7%AC%E0%A7%A6,https://www.ramakrishnavivekananda.info/kathamrita/unicodekathamrita/25_e_sriramakrishnadance_501_503.html
s0154,song,হরিনাম মদিরায় মত্ত হও —,Safe,,,,False,1,1884-08-03,26.1,Kathamrita Unicode edition (own copy),"Wikisource scan, unproofread",4,163,0.867,https://bn.wikisource.org/wiki/%E0%A6%AA%E0%A6%BE%E0%A6%A4%E0%A6%BE%3A%E0%A6%B6%E0%A7%8D%E0%A6%B0%E0%A7%80%E0%A6%B6%E0%A7%8D%E0%A6%B0%E0%A7%80%E0%A6%B0%E0%A6%BE%E0%A6%AE%E0%A6%95%E0%A7%83%E0%A6%B7%E0%A7%8D%E0%A6%A3_%E0%A6%95%E0%A6%A5%E0%A6%BE%E0%A6%AE%E0%A7%83%E0%A6%A4_%E0%A6%9A%E0%A6%A4%E0%A7%81%E0%A6%B0%E0%A7%8D%E0%A6%A5_%E0%A6%AD%E0%A6%BE%E0%A6%97.djvu/%E0%A7%A7%E0%A7%AC%E0%A7%A9,https://www.ramakrishnavivekananda.info/kathamrita/unicodekathamrita/26_a_shibpurdevotees_504_506.html
s0155,song,কৌপিন দাও কাঙালবেশে ব্রজে যাই হে ভারতী।,Safe,,,,False,1,1884-08-03,26.1,Kathamrita Unicode edition (own copy),"Wikisource scan, unproofread",4,164,0.969,https://bn.wikisource.org/wiki/%E0%A6%AA%E0%A6%BE%E0%A6%A4%E0%A6%BE%3A%E0%A6%B6%E0%A7%8D%E0%A6%B0%E0%A7%80%E0%A6%B6%E0%A7%8D%E0%A6%B0%E0%A7%80%E0%A6%B0%E0%A6%BE%E0%A6%AE%E0%A6%95%E0%A7%83%E0%A6%B7%E0%A7%8D%E0%A6%A3_%E0%A6%95%E0%A6%A5%E0%A6%BE%E0%A6%AE%E0%A7%83%E0%A6%A4_%E0%A6%9A%E0%A6%A4%E0%A7%81%E0%A6%B0%E0%A7%8D%E0%A6%A5_%E0%A6%AD%E0%A6%BE%E0%A6%97.djvu/%E0%A7%A7%E0%A7%AC%E0%A7%AA,https://www.ramakrishnavivekananda.info/kathamrita/unicodekathamrita/26_a_shibpurdevotees_504_506.html
s0156,song,দেখসে আয় গৌরবরণ রূপখানি (গো সজানী)।,Safe,,,,False,1,1884-08-03,26.1,Kathamrita Unicode edition (own copy),"Wikisource scan, unproofread",4,164,0.966,https://bn.wikisource.org/wiki/%E0%A6%AA%E0%A6%BE%E0%A6%A4%E0%A6%BE%3A%E0%A6%B6%E0%A7%8D%E0%A6%B0%E0%A7%80%E0%A6%B6%E0%A7%8D%E0%A6%B0%E0%A7%80%E0%A6%B0%E0%A6%BE%E0%A6%AE%E0%A6%95%E0%A7%83%E0%A6%B7%E0%A7%8D%E0%A6%A3_%E0%A6%95%E0%A6%A5%E0%A6%BE%E0%A6%AE%E0%A7%83%E0%A6%A4_%E0%A6%9A%E0%A6%A4%E0%A7%81%E0%A6%B0%E0%A7%8D%E0%A6%A5_%E0%A6%AD%E0%A6%BE%E0%A6%97.djvu/%E0%A7%A7%E0%A7%AC%E0%A7%AA,https://www.ramakrishnavivekananda.info/kathamrita/unicodekathamrita/26_a_shibpurdevotees_504_506.html
s0157,song,শ্যামা ধন কি সবাই পায়। অবোধ মন বোঝে না একি দায় ॥,Safe,,Kamalakanta Bhattacharya,ভণিতা: “কমলাকান্ত”,True,4,1884-06-30,24.1,Kathamrita Unicode edition (own copy),"Wikisource scan, unproofread",3,173,0.98,https://bn.wikisource.org/wiki/%E0%A6%AA%E0%A6%BE%E0%A6%A4%E0%A6%BE%3A%E0%A6%B6%E0%A7%8D%E0%A6%B0%E0%A7%80%E0%A6%B6%E0%A7%8D%E0%A6%B0%E0%A7%80%E0%A6%B0%E0%A6%BE%E0%A6%AE%E0%A6%95%E0%A7%83%E0%A6%B7%E0%A7%8D%E0%A6%A3_%E0%A6%95%E0%A6%A5%E0%A6%BE%E0%A6%AE%E0%A7%83%E0%A6%A4_%E0%A6%A4%E0%A7%83%E0%A6%A4%E0%A7%80%E0%A6%AF%E0%A6%BC_%E0%A6%AD%E0%A6%BE%E0%A6%97.djvu/%E0%A7%A7%E0%A7%AD%E0%A7%A9,https://www.ramakrishnavivekananda.info/kathamrita/unicodekathamrita/24_a_brahmashakti_476_478.html
s0158,song,"শ্যামা মা কি কল করেছে, কালী মা কি কল করেছে,",Safe,,,,False,1,1884-08-03,26.1,Kathamrita Unicode edition (own copy),"Wikisource scan, unproofread",4,164,0.984,https://bn.wikisource.org/wiki/%E0%A6%AA%E0%A6%BE%E0%A6%A4%E0%A6%BE%3A%E0%A6%B6%E0%A7%8D%E0%A6%B0%E0%A7%80%E0%A6%B6%E0%A7%8D%E0%A6%B0%E0%A7%80%E0%A6%B0%E0%A6%BE%E0%A6%AE%E0%A6%95%E0%A7%83%E0%A6%B7%E0%A7%8D%E0%A6%A3_%E0%A6%95%E0%A6%A5%E0%A6%BE%E0%A6%AE%E0%A7%83%E0%A6%A4_%E0%A6%9A%E0%A6%A4%E0%A7%81%E0%A6%B0%E0%A7%8D%E0%A6%A5_%E0%A6%AD%E0%A6%BE%E0%A6%97.djvu/%E0%A7%A7%E0%A7%AC%E0%A7%AA,https://www.ramakrishnavivekananda.info/kathamrita/unicodekathamrita/26_a_shibpurdevotees_504_506.html
s0159,song,সুন্দর তোমার নাম দীনশরণ হে।,Safe,,,,False,4,1884-09-06,27.1,Kathamrita Unicode edition (own copy),"Wikisource scan, unproofread",1,282,1.0,https://bn.wikisource.org/wiki/%E0%A6%AA%E0%A6%BE%E0%A6%A4%E0%A6%BE%3A%E0%A6%B6%E0%A7%8D%E0%A6%B0%E0%A7%80%E0%A6%B6%E0%A7%8D%E0%A6%B0%E0%A7%80%E0%A6%B0%E0%A6%BE%E0%A6%AE%E0%A6%95%E0%A7%83%E0%A6%B7%E0%A7%8D%E0%A6%A3_%E0%A6%95%E0%A6%A5%E0%A6%BE%E0%A6%AE%E0%A7%83%E0%A6%A4_%E0%A6%AA%E0%A7%8D%E0%A6%B0%E0%A6%A5%E0%A6%AE_%E0%A6%AD%E0%A6%BE%E0%A6%97.djvu/%E0%A7%A8%E0%A7%AE%E0%A7%A8,https://www.ramakrishnavivekananda.info/kathamrita/unicodekathamrita/27_a_kirtannarendra_515_518.html
s0160,song,যাবে কি হে দিন আমার বিফলে চলিয়ে।,Safe,,,,False,4,1884-09-06,27.1,Kathamrita Unicode edition (own copy),"Wikisource scan, unproofread",3,402,1.0,https://bn.wikisource.org/wiki/%E0%A6%AA%E0%A6%BE%E0%A6%A4%E0%A6%BE%3A%E0%A6%B6%E0%A7%8D%E0%A6%B0%E0%A7%80%E0%A6%B6%E0%A7%8D%E0%A6%B0%E0%A7%80%E0%A6%B0%E0%A6%BE%E0%A6%AE%E0%A6%95%E0%A7%83%E0%A6%B7%E0%A7%8D%E0%A6%A3_%E0%A6%95%E0%A6%A5%E0%A6%BE%E0%A6%AE%E0%A7%83%E0%A6%A4_%E0%A6%A4%E0%A7%83%E0%A6%A4%E0%A7%80%E0%A6%AF%E0%A6%BC_%E0%A6%AD%E0%A6%BE%E0%A6%97.djvu/%E0%A7%AA%E0%A7%A6%E0%A7%A8,https://www.ramakrishnavivekananda.info/kathamrita/unicodekathamrita/27_a_kirtannarendra_515_518.html
s0161,song,"চিনিব কেমনে হে তোমায় (হরি),",Safe,,,,False,2,1884-09-06,27.1,Kathamrita Unicode edition (own copy),"Wikisource scan, unproofread",4,292,0.953,https://bn.wikisource.org/wiki/%E0%A6%AA%E0%A6%BE%E0%A6%A4%E0%A6%BE%3A%E0%A6%B6%E0%A7%8D%E0%A6%B0%E0%A7%80%E0%A6%B6%E0%A7%8D%E0%A6%B0%E0%A7%80%E0%A6%B0%E0%A6%BE%E0%A6%AE%E0%A6%95%E0%A7%83%E0%A6%B7%E0%A7%8D%E0%A6%A3_%E0%A6%95%E0%A6%A5%E0%A6%BE%E0%A6%AE%E0%A7%83%E0%A6%A4_%E0%A6%9A%E0%A6%A4%E0%A7%81%E0%A6%B0%E0%A7%8D%E0%A6%A5_%E0%A6%AD%E0%A6%BE%E0%A6%97.djvu/%E0%A7%A8%E0%A7%AF%E0%A7%A8,https://www.ramakrishnavivekananda.info/kathamrita/unicodekathamrita/27_a_kirtannarendra_515_518.html
s0162,song,হরি হরি বল রে বীণে!,Safe,,,,True,4,1884-09-06,27.1,Kathamrita Unicode edition (own copy),"Wikisource scan, unproofread",4,175,0.951,https://bn.wikisource.org/wiki/%E0%A6%AA%E0%A6%BE%E0%A6%A4%E0%A6%BE%3A%E0%A6%B6%E0%A7%8D%E0%A6%B0%E0%A7%80%E0%A6%B6%E0%A7%8D%E0%A6%B0%E0%A7%80%E0%A6%B0%E0%A6%BE%E0%A6%AE%E0%A6%95%E0%A7%83%E0%A6%B7%E0%A7%8D%E0%A6%A3_%E0%A6%95%E0%A6%A5%E0%A6%BE%E0%A6%AE%E0%A7%83%E0%A6%A4_%E0%A6%9A%E0%A6%A4%E0%A7%81%E0%A6%B0%E0%A7%8D%E0%A6%A5_%E0%A6%AD%E0%A6%BE%E0%A6%97.djvu/%E0%A7%A7%E0%A7%AD%E0%A7%AB,https://www.ramakrishnavivekananda.info/kathamrita/unicodekathamrita/27_a_kirtannarendra_515_518.html
s0163,song,"‘হরিনাম বিনে আর কি ধন আছে সংসারে, বল মাধাই মধুর স্বরে।’",Safe,,,,False,1,1884-09-06,27.1,Kathamrita Unicode edition (own copy),"Wikisource scan, unproofread",4,175,0.974,https://bn.wikisource.org/wiki/%E0%A6%AA%E0%A6%BE%E0%A6%A4%E0%A6%BE%3A%E0%A6%B6%E0%A7%8D%E0%A6%B0%E0%A7%80%E0%A6%B6%E0%A7%8D%E0%A6%B0%E0%A7%80%E0%A6%B0%E0%A6%BE%E0%A6%AE%E0%A6%95%E0%A7%83%E0%A6%B7%E0%A7%8D%E0%A6%A3_%E0%A6%95%E0%A6%A5%E0%A6%BE%E0%A6%AE%E0%A7%83%E0%A6%A4_%E0%A6%9A%E0%A6%A4%E0%A7%81%E0%A6%B0%E0%A7%8D%E0%A6%A5_%E0%A6%AD%E0%A6%BE%E0%A6%97.djvu/%E0%A7%A7%E0%A7%AD%E0%A7%AB,https://www.ramakrishnavivekananda.info/kathamrita/unicodekathamrita/27_a_kirtannarendra_515_518.html
s0164,song,হরে কৃষ্ণ হরে কৃষ্ণ কৃষ্ণ কৃষ্ণ হরে হরে।,Safe,,,,False,1,1884-09-06,27.1,Kathamrita Unicode edition (own copy),"Wikisource scan, unproofread",4,175,0.981,https://bn.wikisource.org/wiki/%E0%A6%AA%E0%A6%BE%E0%A6%A4%E0%A6%BE%3A%E0%A6%B6%E0%A7%8D%E0%A6%B0%E0%A7%80%E0%A6%B6%E0%A7%8D%E0%A6%B0%E0%A7%80%E0%A6%B0%E0%A6%BE%E0%A6%AE%E0%A6%95%E0%A7%83%E0%A6%B7%E0%A7%8D%E0%A6%A3_%E0%A6%95%E0%A6%A5%E0%A6%BE%E0%A6%AE%E0%A7%83%E0%A6%A4_%E0%A6%9A%E0%A6%A4%E0%A7%81%E0%A6%B0%E0%A7%8D%E0%A6%A5_%E0%A6%AD%E0%A6%BE%E0%A6%97.djvu/%E0%A7%A7%E0%A7%AD%E0%A7%AB,https://www.ramakrishnavivekananda.info/kathamrita/unicodekathamrita/27_a_kirtannarendra_515_518.html
s0165,song,হরি বলে আমার গৌর নাচে।,Safe,,,,False,3,1884-09-06,27.1,Kathamrita Unicode edition (own copy),"Wikisource scan, unproofread",4,175,0.957,https://bn.wikisource.org/wiki/%E0%A6%AA%E0%A6%BE%E0%A6%A4%E0%A6%BE%3A%E0%A6%B6%E0%A7%8D%E0%A6%B0%E0%A7%80%E0%A6%B6%E0%A7%8D%E0%A6%B0%E0%A7%80%E0%A6%B0%E0%A6%BE%E0%A6%AE%E0%A6%95%E0%A7%83%E0%A6%B7%E0%A7%8D%E0%A6%A3_%E0%A6%95%E0%A6%A5%E0%A6%BE%E0%A6%AE%E0%A7%83%E0%A6%A4_%E0%A6%9A%E0%A6%A4%E0%A7%81%E0%A6%B0%E0%A7%8D%E0%A6%A5_%E0%A6%AD%E0%A6%BE%E0%A6%97.djvu/%E0%A7%A7%E0%A7%AD%E0%A7%AB,https://www.ramakrishnavivekananda.info/kathamrita/unicodekathamrita/27_a_kirtannarendra_515_518.html
s0166,song,চিদানন্দ সিন্ধুনীরে প্রেমানন্দের লহরী।,Safe,,,,False,4,1884-09-06,27.1,Kathamrita Unicode edition (own copy),"Wikisource scan, unproofread",1,279,0.963,https://bn.wikisource.org/wiki/%E0%A6%AA%E0%A6%BE%E0%A6%A4%E0%A6%BE%3A%E0%A6%B6%E0%A7%8D%E0%A6%B0%E0%A7%80%E0%A6%B6%E0%A7%8D%E0%A6%B0%E0%A7%80%E0%A6%B0%E0%A6%BE%E0%A6%AE%E0%A6%95%E0%A7%83%E0%A6%B7%E0%A7%8D%E0%A6%A3_%E0%A6%95%E0%A6%A5%E0%A6%BE%E0%A6%AE%E0%A7%83%E0%A6%A4_%E0%A6%AA%E0%A7%8D%E0%A6%B0%E0%A6%A5%E0%A6%AE_%E0%A6%AD%E0%A6%BE%E0%A6%97.djvu/%E0%A7%A8%E0%A7%AD%E0%A7%AF,https://www.ramakrishnavivekananda.info/kathamrita/unicodekathamrita/27_a_kirtannarendra_515_518.html
s0167,song,"লুটায়ে অবনীতল, হরি হরি বলি কাঁদ রে ॥",Safe,,,,False,1,1884-09-06,27.1,Kathamrita Unicode edition (own copy),"Wikisource scan, unproofread",4,177,1.0,https://bn.wikisource.org/wiki/%E0%A6%AA%E0%A6%BE%E0%A6%A4%E0%A6%BE%3A%E0%A6%B6%E0%A7%8D%E0%A6%B0%E0%A7%80%E0%A6%B6%E0%A7%8D%E0%A6%B0%E0%A7%80%E0%A6%B0%E0%A6%BE%E0%A6%AE%E0%A6%95%E0%A7%83%E0%A6%B7%E0%A7%8D%E0%A6%A3_%E0%A6%95%E0%A6%A5%E0%A6%BE%E0%A6%AE%E0%A7%83%E0%A6%A4_%E0%A6%9A%E0%A6%A4%E0%A7%81%E0%A6%B0%E0%A7%8D%E0%A6%A5_%E0%A6%AD%E0%A6%BE%E0%A6%97.djvu/%E0%A7%A7%E0%A7%AD%E0%A7%AD,https://www.ramakrishnavivekananda.info/kathamrita/unicodekathamrita/27_a_kirtannarendra_515_518.html
s0168,song,"প্রেমে মত্ত হয়ে, হরি হরি বলি কাঁদ রে।",Safe,,,,False,1,1884-09-06,27.1,Kathamrita Unicode edition (own copy),"Wikisource scan, unproofread",4,177,0.957,https://bn.wikisource.org/wiki/%E0%A6%AA%E0%A6%BE%E0%A6%A4%E0%A6%BE%3A%E0%A6%B6%E0%A7%8D%E0%A6%B0%E0%A7%80%E0%A6%B6%E0%A7%8D%E0%A6%B0%E0%A7%80%E0%A6%B0%E0%A6%BE%E0%A6%AE%E0%A6%95%E0%A7%83%E0%A6%B7%E0%A7%8D%E0%A6%A3_%E0%A6%95%E0%A6%A5%E0%A6%BE%E0%A6%AE%E0%A7%83%E0%A6%A4_%E0%A6%9A%E0%A6%A4%E0%A7%81%E0%A6%B0%E0%A7%8D%E0%A6%A5_%E0%A6%AD%E0%A6%BE%E0%A6%97.djvu/%E0%A7%A7%E0%A7%AD%E0%A7%AD,https://www.ramakrishnavivekananda.info/kathamrita/unicodekathamrita/27_a_kirtannarendra_515_518.html
s0169,song,ভুবনরঞ্জনরূপ নদে গৌর কে আনিল রে (অলকা আবৃত মুখ),Safe,,,,True,1,1884-09-06,27.1,Kathamrita Unicode edition (own copy),"Wikisource scan, unproofread",4,177,0.985,https://bn.wikisource.org/wiki/%E0%A6%AA%E0%A6%BE%E0%A6%A4%E0%A6%BE%3A%E0%A6%B6%E0%A7%8D%E0%A6%B0%E0%A7%80%E0%A6%B6%E0%A7%8D%E0%A6%B0%E0%A7%80%E0%A6%B0%E0%A6%BE%E0%A6%AE%E0%A6%95%E0%A7%83%E0%A6%B7%E0%A7%8D%E0%A6%A3_%E0%A6%95%E0%A6%A5%E0%A6%BE%E0%A6%AE%E0%A7%83%E0%A6%A4_%E0%A6%9A%E0%A6%A4%E0%A7%81%E0%A6%B0%E0%A7%8D%E0%A6%A5_%E0%A6%AD%E0%A6%BE%E0%A6%97.djvu/%E0%A7%A7%E0%A7%AD%E0%A7%AD,https://www.ramakrishnavivekananda.info/kathamrita/unicodekathamrita/27_a_kirtannarendra_515_518.html
s0170,verse,"ফরে ফৃষ্ট, ফরে ফৃষ্ট, ফৃষ্ট ফৃষ্ট ফরে ফরে!",Check,not a song,,,False,1,1884-09-06,27.2,Kathamrita Unicode edition (own copy),"Wikisource scan, unproofread",4,179,0.923,https://bn.wikisource.org/wiki/%E0%A6%AA%E0%A6%BE%E0%A6%A4%E0%A6%BE%3A%E0%A6%B6%E0%A7%8D%E0%A6%B0%E0%A7%80%E0%A6%B6%E0%A7%8D%E0%A6%B0%E0%A7%80%E0%A6%B0%E0%A6%BE%E0%A6%AE%E0%A6%95%E0%A7%83%E0%A6%B7%E0%A7%8D%E0%A6%A3_%E0%A6%95%E0%A6%A5%E0%A6%BE%E0%A6%AE%E0%A7%83%E0%A6%A4_%E0%A6%9A%E0%A6%A4%E0%A7%81%E0%A6%B0%E0%A7%8D%E0%A6%A5_%E0%A6%AD%E0%A6%BE%E0%A6%97.djvu/%E0%A7%A7%E0%A7%AD%E0%A7%AF,https://www.ramakrishnavivekananda.info/kathamrita/unicodekathamrita/27_b_samadhi_518_520.html
s0171,song,মনের কথা কইবো কি সই কইতে মানা। দরদী নইলে প্রাণ বাঁচে না ॥,Safe,,,,True,3,1883-12-29,19.9,Kathamrita Unicode edition (own copy),"Wikisource scan, unproofread",4,90,0.929,https://bn.wikisource.org/wiki/%E0%A6%AA%E0%A6%BE%E0%A6%A4%E0%A6%BE%3A%E0%A6%B6%E0%A7%8D%E0%A6%B0%E0%A7%80%E0%A6%B6%E0%A7%8D%E0%A6%B0%E0%A7%80%E0%A6%B0%E0%A6%BE%E0%A6%AE%E0%A6%95%E0%A7%83%E0%A6%B7%E0%A7%8D%E0%A6%A3_%E0%A6%95%E0%A6%A5%E0%A6%BE%E0%A6%AE%E0%A7%83%E0%A6%A4_%E0%A6%9A%E0%A6%A4%E0%A7%81%E0%A6%B0%E0%A7%8D%E0%A6%A5_%E0%A6%AD%E0%A6%BE%E0%A6%97.djvu/%E0%A7%AF%E0%A7%A6,https://www.ramakrishnavivekananda.info/kathamrita/unicodekathamrita/19_i_at_dakshineshwar_366_369.html
s0172,song,"দরবেশে দাঁড়ারে, সাধের করোয়া ধারী,",Safe,,,,False,1,1884-09-07,28.1,Kathamrita Unicode edition (own copy),"Wikisource scan, unproofread",4,182,0.956,https://bn.wikisource.org/wiki/%E0%A6%AA%E0%A6%BE%E0%A6%A4%E0%A6%BE%3A%E0%A6%B6%E0%A7%8D%E0%A6%B0%E0%A7%80%E0%A6%B6%E0%A7%8D%E0%A6%B0%E0%A7%80%E0%A6%B0%E0%A6%BE%E0%A6%AE%E0%A6%95%E0%A7%83%E0%A6%B7%E0%A7%8D%E0%A6%A3_%E0%A6%95%E0%A6%A5%E0%A6%BE%E0%A6%AE%E0%A7%83%E0%A6%A4_%E0%A6%9A%E0%A6%A4%E0%A7%81%E0%A6%B0%E0%A7%8D%E0%A6%A5_%E0%A6%AD%E0%A6%BE%E0%A6%97.djvu/%E0%A7%A7%E0%A7%AE%E0%A7%A8,https://www.ramakrishnavivekananda.info/kathamrita/unicodekathamrita/28_a_dakshineshwar_521_523.html
s0173,song,নাথ দরশসুখে ইত্যাদি —,Safe,,,,False,1,1884-09-07,28.3,Kathamrita Unicode edition (own copy),"Wikisource scan, unproofread",4,187,0.945,https://bn.wikisource.org/wiki/%E0%A6%AA%E0%A6%BE%E0%A6%A4%E0%A6%BE%3A%E0%A6%B6%E0%A7%8D%E0%A6%B0%E0%A7%80%E0%A6%B6%E0%A7%8D%E0%A6%B0%E0%A7%80%E0%A6%B0%E0%A6%BE%E0%A6%AE%E0%A6%95%E0%A7%83%E0%A6%B7%E0%A7%8D%E0%A6%A3_%E0%A6%95%E0%A6%A5%E0%A6%BE%E0%A6%AE%E0%A7%83%E0%A6%A4_%E0%A6%9A%E0%A6%A4%E0%A7%81%E0%A6%B0%E0%A7%8D%E0%A6%A5_%E0%A6%AD%E0%A6%BE%E0%A6%97.djvu/%E0%A7%A7%E0%A7%AE%E0%A7%AD,https://www.ramakrishnavivekananda.info/kathamrita/unicodekathamrita/28_c_kirtanwithdevotees_526_528.html
s0174,song,তোদের খ্যাপার হাট বাজার মা (তারা)।,Safe,,Ramprasad Sen,ভণিতা: “রামপ্রসাদ”,False,1,1884-09-07,28.3,Kathamrita Unicode edition (own copy),"Wikisource scan, unproofread",4,187,0.957,https://bn.wikisource.org/wiki/%E0%A6%AA%E0%A6%BE%E0%A6%A4%E0%A6%BE%3A%E0%A6%B6%E0%A7%8D%E0%A6%B0%E0%A7%80%E0%A6%B6%E0%A7%8D%E0%A6%B0%E0%A7%80%E0%A6%B0%E0%A6%BE%E0%A6%AE%E0%A6%95%E0%A7%83%E0%A6%B7%E0%A7%8D%E0%A6%A3_%E0%A6%95%E0%A6%A5%E0%A6%BE%E0%A6%AE%E0%A7%83%E0%A6%A4_%E0%A6%9A%E0%A6%A4%E0%A7%81%E0%A6%B0%E0%A7%8D%E0%A6%A5_%E0%A6%AD%E0%A6%BE%E0%A6%97.djvu/%E0%A7%A7%E0%A7%AE%E0%A7%AD,https://www.ramakrishnavivekananda.info/kathamrita/unicodekathamrita/28_c_kirtanwithdevotees_526_528.html
s0175,verse,"ওঁ নমস্তে সতে তে জগৎকারণায়, নমস্তে চিতে সর্বলোকাশ্রয়ায়।",Check,not a song,,,False,2,1883-05-02,13.6,Kathamrita Unicode edition (own copy),"Wikisource scan, unproofread",4,188,0.914,https://bn.wikisource.org/wiki/%E0%A6%AA%E0%A6%BE%E0%A6%A4%E0%A6%BE%3A%E0%A6%B6%E0%A7%8D%E0%A6%B0%E0%A7%80%E0%A6%B6%E0%A7%8D%E0%A6%B0%E0%A7%80%E0%A6%B0%E0%A6%BE%E0%A6%AE%E0%A6%95%E0%A7%83%E0%A6%B7%E0%A7%8D%E0%A6%A3_%E0%A6%95%E0%A6%A5%E0%A6%BE%E0%A6%AE%E0%A7%83%E0%A6%A4_%E0%A6%9A%E0%A6%A4%E0%A7%81%E0%A6%B0%E0%A7%8D%E0%A6%A5_%E0%A6%AD%E0%A6%BE%E0%A6%97.djvu/%E0%A7%A7%E0%A7%AE%E0%A7%AE,https://www.ramakrishnavivekananda.info/kathamrita/unicodekathamrita/13_f_at_nandanbagan_183_186.html
s0176,song,মলিন পঙ্কিল মনে কেমনে ডাকিব তোমায়।,Safe,,,,False,1,1884-09-14,28.7,Kathamrita Unicode edition (own copy),"Wikisource scan, unproofread",4,201,0.981,https://bn.wikisource.org/wiki/%E0%A6%AA%E0%A6%BE%E0%A6%A4%E0%A6%BE%3A%E0%A6%B6%E0%A7%8D%E0%A6%B0%E0%A7%80%E0%A6%B6%E0%A7%8D%E0%A6%B0%E0%A7%80%E0%A6%B0%E0%A6%BE%E0%A6%AE%E0%A6%95%E0%A7%83%E0%A6%B7%E0%A7%8D%E0%A6%A3_%E0%A6%95%E0%A6%A5%E0%A6%BE%E0%A6%AE%E0%A7%83%E0%A6%A4_%E0%A6%9A%E0%A6%A4%E0%A7%81%E0%A6%B0%E0%A7%8D%E0%A6%A5_%E0%A6%AD%E0%A6%BE%E0%A6%97.djvu/%E0%A7%A8%E0%A7%A6%E0%A7%A7,https://www.ramakrishnavivekananda.info/kathamrita/unicodekathamrita/28_g_naran_535_537.html
s0177,song,"দিবানিশি করিয়া যতন হৃদয়েতে র’চেছি আসন,",Safe,,,,False,1,1884-09-14,28.8,Kathamrita Unicode edition (own copy),"Wikisource scan, unproofread",4,202,0.95,https://bn.wikisource.org/wiki/%E0%A6%AA%E0%A6%BE%E0%A6%A4%E0%A6%BE%3A%E0%A6%B6%E0%A7%8D%E0%A6%B0%E0%A7%80%E0%A6%B6%E0%A7%8D%E0%A6%B0%E0%A7%80%E0%A6%B0%E0%A6%BE%E0%A6%AE%E0%A6%95%E0%A7%83%E0%A6%B7%E0%A7%8D%E0%A6%A3_%E0%A6%95%E0%A6%A5%E0%A6%BE%E0%A6%AE%E0%A7%83%E0%A6%A4_%E0%A6%9A%E0%A6%A4%E0%A7%81%E0%A6%B0%E0%A7%8D%E0%A6%A5_%E0%A6%AD%E0%A6%BE%E0%A6%97.djvu/%E0%A7%A8%E0%A7%A6%E0%A7%A8,https://www.ramakrishnavivekananda.info/kathamrita/unicodekathamrita/28_h_teachingnarendra_537_541.html
s0178,song,"এবার আমি ভাল ভেবেছি, ভাল ভাবীর কাছে ভাব শিখেছি।",Safe,,Ramprasad Sen,ভণিতা: “প্রসাদ বলে”,True,3,1884-06-30,24.1,Kathamrita Unicode edition (own copy),"Wikisource scan, unproofread",5,193,1.0,https://bn.wikisource.org/wiki/%E0%A6%AA%E0%A6%BE%E0%A6%A4%E0%A6%BE%3A%E0%A6%B6%E0%A7%8D%E0%A6%B0%E0%A7%80%E0%A6%B6%E0%A7%8D%E0%A6%B0%E0%A7%80%E0%A6%B0%E0%A6%BE%E0%A6%AE%E0%A6%95%E0%A7%83%E0%A6%B7%E0%A7%8D%E0%A6%A3_%E0%A6%95%E0%A6%A5%E0%A6%BE%E0%A6%AE%E0%A7%83%E0%A6%A4_%E0%A6%AA%E0%A6%9E%E0%A7%8D%E0%A6%9A%E0%A6%AE_%E0%A6%AD%E0%A6%BE%E0%A6%97.djvu/%E0%A7%A7%E0%A7%AF%E0%A7%A9,https://www.ramakrishnavivekananda.info/kathamrita/unicodekathamrita/24_a_brahmashakti_476_478.html
s0179,song,"(আমায়) দে মা পাগল করে, আর কাজ নাই জ্ঞানবিচারে।",Safe,,,,False,1,1884-09-14,28.8,Kathamrita Unicode edition (own copy),"Wikisource scan, unproofread",1,181,0.875,https://bn.wikisource.org/wiki/%E0%A6%AA%E0%A6%BE%E0%A6%A4%E0%A6%BE%3A%E0%A6%B6%E0%A7%8D%E0%A6%B0%E0%A7%80%E0%A6%B6%E0%A7%8D%E0%A6%B0%E0%A7%80%E0%A6%B0%E0%A6%BE%E0%A6%AE%E0%A6%95%E0%A7%83%E0%A6%B7%E0%A7%8D%E0%A6%A3_%E0%A6%95%E0%A6%A5%E0%A6%BE%E0%A6%AE%E0%A7%83%E0%A6%A4_%E0%A6%AA%E0%A7%8D%E0%A6%B0%E0%A6%A5%E0%A6%AE_%E0%A6%AD%E0%A6%BE%E0%A6%97.djvu/%E0%A7%A7%E0%A7%AE%E0%A7%A7,https://www.ramakrishnavivekananda.info/kathamrita/unicodekathamrita/28_h_teachingnarendra_537_541.html
s0180,song,রাই বলিলে বলিতে পারে! (কৃষ্ণের জন্য জেগে আছে।),Safe,,,,False,1,1884-09-14,28.8,Kathamrita Unicode edition (own copy),"not found on Wikisource (Part 2, or scan text too noisy)",,,,,https://www.ramakrishnavivekananda.info/kathamrita/unicodekathamrita/28_h_teachingnarendra_537_541.html
s0181,song,"কেমন করে পরের ঘরে, ছিলি উমা বল মা তাই।",Safe,,,,False,1,1884-09-14,28.9,Kathamrita Unicode edition (own copy),"not found on Wikisource (Part 2, or scan text too noisy)",,,,,https://www.ramakrishnavivekananda.info/kathamrita/unicodekathamrita/28_i_narendradevotion_541_543.html
s0182,song,আমার গৌর রতন।,Safe,,,,False,1,1884-09-14,28.9,Kathamrita Unicode edition (own copy),"Wikisource scan, unproofread",4,160,0.9,https://bn.wikisource.org/wiki/%E0%A6%AA%E0%A6%BE%E0%A6%A4%E0%A6%BE%3A%E0%A6%B6%E0%A7%8D%E0%A6%B0%E0%A7%80%E0%A6%B6%E0%A7%8D%E0%A6%B0%E0%A7%80%E0%A6%B0%E0%A6%BE%E0%A6%AE%E0%A6%95%E0%A7%83%E0%A6%B7%E0%A7%8D%E0%A6%A3_%E0%A6%95%E0%A6%A5%E0%A6%BE%E0%A6%AE%E0%A7%83%E0%A6%A4_%E0%A6%9A%E0%A6%A4%E0%A7%81%E0%A6%B0%E0%A7%8D%E0%A6%A5_%E0%A6%AD%E0%A6%BE%E0%A6%97.djvu/%E0%A7%A7%E0%A7%AC%E0%A7%A6,https://www.ramakrishnavivekananda.info/kathamrita/unicodekathamrita/28_i_narendradevotion_541_543.html
s0183,song,"গৌর চাহে বৃন্দাবনপানে, আর ধারা বহে দুনয়নে।",Safe,,,,False,1,1884-09-14,28.9,Kathamrita Unicode edition (own copy),"Wikisource scan, unproofread",4,208,0.954,https://bn.wikisource.org/wiki/%E0%A6%AA%E0%A6%BE%E0%A6%A4%E0%A6%BE%3A%E0%A6%B6%E0%A7%8D%E0%A6%B0%E0%A7%80%E0%A6%B6%E0%A7%8D%E0%A6%B0%E0%A7%80%E0%A6%B0%E0%A6%BE%E0%A6%AE%E0%A6%95%E0%A7%83%E0%A6%B7%E0%A7%8D%E0%A6%A3_%E0%A6%95%E0%A6%A5%E0%A6%BE%E0%A6%AE%E0%A7%83%E0%A6%A4_%E0%A6%9A%E0%A6%A4%E0%A7%81%E0%A6%B0%E0%A7%8D%E0%A6%A5_%E0%A6%AD%E0%A6%BE%E0%A6%97.djvu/%E0%A7%A8%E0%A7%A6%E0%A7%AE,https://www.ramakrishnavivekananda.info/kathamrita/unicodekathamrita/28_i_narendradevotion_541_543.html
s0184,song,"গোরা চাহে বৃন্দাবনপানে, আর ধারা বহে দুনয়নে ॥",Safe,,,,False,1,1884-09-19,28.13,Kathamrita Unicode edition (own copy),"Wikisource scan, unproofread",4,224,0.985,https://bn.wikisource.org/wiki/%E0%A6%AA%E0%A6%BE%E0%A6%A4%E0%A6%BE%3A%E0%A6%B6%E0%A7%8D%E0%A6%B0%E0%A7%80%E0%A6%B6%E0%A7%8D%E0%A6%B0%E0%A7%80%E0%A6%B0%E0%A6%BE%E0%A6%AE%E0%A6%95%E0%A7%83%E0%A6%B7%E0%A7%8D%E0%A6%A3_%E0%A6%95%E0%A6%A5%E0%A6%BE%E0%A6%AE%E0%A7%83%E0%A6%A4_%E0%A6%9A%E0%A6%A4%E0%A7%81%E0%A6%B0%E0%A7%8D%E0%A6%A5_%E0%A6%AD%E0%A6%BE%E0%A6%97.djvu/%E0%A7%A8%E0%A7%A8%E0%A7%AA,https://www.ramakrishnavivekananda.info/kathamrita/unicodekathamrita/28_m_ramakrishna_radhika_551_555.html
s0185,song,"নয়ন বাঁকা, বাঁকা শিখিপাখা, রাধিকা-হৃদিরঞ্জন’",Safe,,,,False,1,1884-09-21,29.5,Kathamrita Unicode edition (own copy),"Wikisource scan, unproofread",3,313,0.97,https://bn.wikisource.org/wiki/%E0%A6%AA%E0%A6%BE%E0%A6%A4%E0%A6%BE%3A%E0%A6%B6%E0%A7%8D%E0%A6%B0%E0%A7%80%E0%A6%B6%E0%A7%8D%E0%A6%B0%E0%A7%80%E0%A6%B0%E0%A6%BE%E0%A6%AE%E0%A6%95%E0%A7%83%E0%A6%B7%E0%A7%8D%E0%A6%A3_%E0%A6%95%E0%A6%A5%E0%A6%BE%E0%A6%AE%E0%A7%83%E0%A6%A4_%E0%A6%A4%E0%A7%83%E0%A6%A4%E0%A7%80%E0%A6%AF%E0%A6%BC_%E0%A6%AD%E0%A6%BE%E0%A6%97.djvu/%E0%A7%A9%E0%A7%A7%E0%A7%A9,https://www.ramakrishnavivekananda.info/kathamrita/unicodekathamrita/29_e_chaitanyalila_569_570.html
s0186,song,"কাঁহা মেরা বৃন্দাবন, কাঁহা যশোদা মাই।",Safe,,,,False,1,1884-09-21,29.6,Kathamrita Unicode edition (own copy),"not found on Wikisource (Part 2, or scan text too noisy)",,,,,https://www.ramakrishnavivekananda.info/kathamrita/unicodekathamrita/29_f_chaitanyalila_570_573.html
s0187,song,জয় নিত্যানন্দ গৌরচন্দ্র জয় ভবতারণ।,Safe,,,,False,1,1884-09-21,29.6,Kathamrita Unicode edition (own copy),"not found on Wikisource (Part 2, or scan text too noisy)",,,,,https://www.ramakrishnavivekananda.info/kathamrita/unicodekathamrita/29_f_chaitanyalila_570_573.html
s0188,song,দে গো ভিক্ষা দে।,Safe,,,,False,1,1884-09-21,29.6,Kathamrita Unicode edition (own copy),"not found on Wikisource (Part 2, or scan text too noisy)",,,,,https://www.ramakrishnavivekananda.info/kathamrita/unicodekathamrita/29_f_chaitanyalila_570_573.html
s0189,song,"পুরুষগণ — চন্দ্রকিরণ অঙ্গে, নমো বামনরূপধারী।",Safe,,,,False,1,1884-09-21,29.6,Kathamrita Unicode edition (own copy),"not found on Wikisource (Part 2, or scan text too noisy)",,,,,https://www.ramakrishnavivekananda.info/kathamrita/unicodekathamrita/29_f_chaitanyalila_570_573.html
s0190,song,আর ঘুমাইও না মন। মায়াঘোরে কতদিন রবে অচেতন।,Safe,,,,False,1,1884-09-21,29.6,Kathamrita Unicode edition (own copy),"not found on Wikisource (Part 2, or scan text too noisy)",,,,,https://www.ramakrishnavivekananda.info/kathamrita/unicodekathamrita/29_f_chaitanyalila_570_573.html
s0191,verse,"‘যে অবধি গেছে বিশ্বরূপ,",Check,not a song,,,False,1,1884-09-21,29.6,Kathamrita Unicode edition (own copy),"not found on Wikisource (Part 2, or scan text too noisy)",,,,,https://www.ramakrishnavivekananda.info/kathamrita/unicodekathamrita/29_f_chaitanyalila_570_573.html
s0192,verse,"‘আহা দেখ দেখ পাগলের প্রায়,",Check,not a song,,,False,1,1884-09-21,29.6,Kathamrita Unicode edition (own copy),"not found on Wikisource (Part 2, or scan text too noisy)",,,,,https://www.ramakrishnavivekananda.info/kathamrita/unicodekathamrita/29_f_chaitanyalila_570_573.html
s0193,verse,"কই প্রভু কই মম কৃষ্ণভক্তি হলো,",Check,not a song,,,False,1,1884-09-21,29.6,Kathamrita Unicode edition (own copy),"not found on Wikisource (Part 2, or scan text too noisy)",,,,,https://www.ramakrishnavivekananda.info/kathamrita/unicodekathamrita/29_f_chaitanyalila_570_573.html
s0194,verse,"প্রভু কোন্‌ হেতু কিছু নাহি জানি,",Check,not a song,,,False,1,1884-09-21,29.6,Kathamrita Unicode edition (own copy),"not found on Wikisource (Part 2, or scan text too noisy)",,,,,https://www.ramakrishnavivekananda.info/kathamrita/unicodekathamrita/29_f_chaitanyalila_570_573.html
s0195,verse,সার্থক জীবন; সত্য মম ফলেছে স্বপন;,Check,not a song,,,False,1,1884-09-21,29.7,Kathamrita Unicode edition (own copy),"not found on Wikisource (Part 2, or scan text too noisy)",,,,,https://www.ramakrishnavivekananda.info/kathamrita/unicodekathamrita/29_g_nityananda_573_574.html
s0196,song,কই কৃষ্ণ এল কুঞ্জে প্রাণ সই!,Safe,,,,False,1,1884-09-21,29.7,Kathamrita Unicode edition (own copy),"not found on Wikisource (Part 2, or scan text too noisy)",,,,,https://www.ramakrishnavivekananda.info/kathamrita/unicodekathamrita/29_g_nityananda_573_574.html
s0197,song,"প্রাণ ভরে আয় হরি বলি, নেচে আয় জগাই মাধাই।",Safe,,,,False,2,1884-09-21,29.7,Kathamrita Unicode edition (own copy),"not found on Wikisource (Part 2, or scan text too noisy)",,,,,https://www.ramakrishnavivekananda.info/kathamrita/unicodekathamrita/29_g_nityananda_573_574.html
s0198,song,যে-জন প্রেমের ঘাট চেনে না।,Safe,,,,False,1,1884-09-28,31.1,Kathamrita Unicode edition (own copy),"not found on Wikisource (Part 2, or scan text too noisy)",,,,,https://www.ramakrishnavivekananda.info/kathamrita/unicodekathamrita/31_a_mahaashtami_581_585.html
s0199,song,এবার কালী তোমায় খাব। (খাব খাব গো দীন দয়াময়ী)।,Safe,,Ramprasad Sen,ভণিতা: “রামপ্রসাদ”,True,2,1884-09-28,31.1,Kathamrita Unicode edition (own copy),"not found on Wikisource (Part 2, or scan text too noisy)",,,,,https://www.ramakrishnavivekananda.info/kathamrita/unicodekathamrita/31_a_mahaashtami_581_585.html
s0200,song,"আমায় দে মা পাগল করে, আর কাজ নাই জ্ঞানবিচারে।",Safe,,,,True,5,1884-09-06,27.1,Kathamrita Unicode edition (own copy),"Wikisource scan, unproofread",1,181,0.949,https://bn.wikisource.org/wiki/%E0%A6%AA%E0%A6%BE%E0%A6%A4%E0%A6%BE%3A%E0%A6%B6%E0%A7%8D%E0%A6%B0%E0%A7%80%E0%A6%B6%E0%A7%8D%E0%A6%B0%E0%A7%80%E0%A6%B0%E0%A6%BE%E0%A6%AE%E0%A6%95%E0%A7%83%E0%A6%B7%E0%A7%8D%E0%A6%A3_%E0%A6%95%E0%A6%A5%E0%A6%BE%E0%A6%AE%E0%A7%83%E0%A6%A4_%E0%A6%AA%E0%A7%8D%E0%A6%B0%E0%A6%A5%E0%A6%AE_%E0%A6%AD%E0%A6%BE%E0%A6%97.djvu/%E0%A7%A7%E0%A7%AE%E0%A7%A7,https://www.ramakrishnavivekananda.info/kathamrita/unicodekathamrita/27_a_kirtannarendra_515_518.html
s0201,song,"তারে কই পেলুম সই, হলাম যার জন্য পাগল।",Safe,,,,True,1,1884-09-28,31.1,Kathamrita Unicode edition (own copy),"Wikisource scan, unproofread",4,294,0.741,https://bn.wikisource.org/wiki/%E0%A6%AA%E0%A6%BE%E0%A6%A4%E0%A6%BE%3A%E0%A6%B6%E0%A7%8D%E0%A6%B0%E0%A7%80%E0%A6%B6%E0%A7%8D%E0%A6%B0%E0%A7%80%E0%A6%B0%E0%A6%BE%E0%A6%AE%E0%A6%95%E0%A7%83%E0%A6%B7%E0%A7%8D%E0%A6%A3_%E0%A6%95%E0%A6%A5%E0%A6%BE%E0%A6%AE%E0%A7%83%E0%A6%A4_%E0%A6%9A%E0%A6%A4%E0%A7%81%E0%A6%B0%E0%A7%8D%E0%A6%A5_%E0%A6%AD%E0%A6%BE%E0%A6%97.djvu/%E0%A7%A8%E0%A7%AF%E0%A7%AA,https://www.ramakrishnavivekananda.info/kathamrita/unicodekathamrita/31_a_mahaashtami_581_585.html
s0202,song,কখন কি রঙ্গে থাক মা শ্যামা সুধাতরঙ্গিণী!,Safe,,,,True,4,1884-09-28,31.1,Kathamrita Unicode edition (own copy),"Wikisource scan, unproofread",4,291,0.952,https://bn.wikisource.org/wiki/%E0%A6%AA%E0%A6%BE%E0%A6%A4%E0%A6%BE%3A%E0%A6%B6%E0%A7%8D%E0%A6%B0%E0%A7%80%E0%A6%B6%E0%A7%8D%E0%A6%B0%E0%A7%80%E0%A6%B0%E0%A6%BE%E0%A6%AE%E0%A6%95%E0%A7%83%E0%A6%B7%E0%A7%8D%E0%A6%A3_%E0%A6%95%E0%A6%A5%E0%A6%BE%E0%A6%AE%E0%A7%83%E0%A6%A4_%E0%A6%9A%E0%A6%A4%E0%A7%81%E0%A6%B0%E0%A7%8D%E0%A6%A5_%E0%A6%AD%E0%A6%BE%E0%A6%97.djvu/%E0%A7%A8%E0%A7%AF%E0%A7%A7,https://www.ramakrishnavivekananda.info/kathamrita/unicodekathamrita/31_a_mahaashtami_581_585.html
s0203,verse,প্রাণ হে গোবিন্দ মম জীবন!,Check,not a song,,,False,1,1884-09-29,32.1,Kathamrita Unicode edition (own copy),"Wikisource scan, unproofread",4,136,0.944,https://bn.wikisource.org/wiki/%E0%A6%AA%E0%A6%BE%E0%A6%A4%E0%A6%BE%3A%E0%A6%B6%E0%A7%8D%E0%A6%B0%E0%A7%80%E0%A6%B6%E0%A7%8D%E0%A6%B0%E0%A7%80%E0%A6%B0%E0%A6%BE%E0%A6%AE%E0%A6%95%E0%A7%83%E0%A6%B7%E0%A7%8D%E0%A6%A3_%E0%A6%95%E0%A6%A5%E0%A6%BE%E0%A6%AE%E0%A7%83%E0%A6%A4_%E0%A6%9A%E0%A6%A4%E0%A7%81%E0%A6%B0%E0%A7%8D%E0%A6%A5_%E0%A6%AD%E0%A6%BE%E0%A6%97.djvu/%E0%A7%A7%E0%A7%A9%E0%A7%AC,https://www.ramakrishnavivekananda.info/kathamrita/unicodekathamrita/32_a_atdakshineshwar_588_590.html
s0204,song,"আর ভুলালে ভুলব না মা, দেখেছি তোমার রাঙা চরণ।",Safe,,,,False,2,1884-09-29,32.3,Kathamrita Unicode edition (own copy),"Wikisource scan, unproofread",3,167,0.973,https://bn.wikisource.org/wiki/%E0%A6%AA%E0%A6%BE%E0%A6%A4%E0%A6%BE%3A%E0%A6%B6%E0%A7%8D%E0%A6%B0%E0%A7%80%E0%A6%B6%E0%A7%8D%E0%A6%B0%E0%A7%80%E0%A6%B0%E0%A6%BE%E0%A6%AE%E0%A6%95%E0%A7%83%E0%A6%B7%E0%A7%8D%E0%A6%A3_%E0%A6%95%E0%A6%A5%E0%A6%BE%E0%A6%AE%E0%A7%83%E0%A6%A4_%E0%A6%A4%E0%A7%83%E0%A6%A4%E0%A7%80%E0%A6%AF%E0%A6%BC_%E0%A6%AD%E0%A6%BE%E0%A6%97.djvu/%E0%A7%A7%E0%A7%AC%E0%A7%AD,https://www.ramakrishnavivekananda.info/kathamrita/unicodekathamrita/32_c_withbhavanath_591_593.html
s0205,verse,"ঘরে আসবেন চণ্ডী, শুনব কত চণ্ডী,",Check,not a song,,,False,1,1884-09-29,32.4,Kathamrita Unicode edition (own copy),"Wikisource scan, unproofread",4,274,0.933,https://bn.wikisource.org/wiki/%E0%A6%AA%E0%A6%BE%E0%A6%A4%E0%A6%BE%3A%E0%A6%B6%E0%A7%8D%E0%A6%B0%E0%A7%80%E0%A6%B6%E0%A7%8D%E0%A6%B0%E0%A7%80%E0%A6%B0%E0%A6%BE%E0%A6%AE%E0%A6%95%E0%A7%83%E0%A6%B7%E0%A7%8D%E0%A6%A3_%E0%A6%95%E0%A6%A5%E0%A6%BE%E0%A6%AE%E0%A7%83%E0%A6%A4_%E0%A6%9A%E0%A6%A4%E0%A7%81%E0%A6%B0%E0%A7%8D%E0%A6%A5_%E0%A6%AD%E0%A6%BE%E0%A6%97.djvu/%E0%A7%A8%E0%A7%AD%E0%A7%AA,https://www.ramakrishnavivekananda.info/kathamrita/unicodekathamrita/32_d_warning_594_595.html
s0206,song,"এক পুরাতন পুরুষ নিরঞ্জনে, চিত্ত সমাধান কর রে,",Safe,,,,False,1,1884-09-29,32.5,Kathamrita Unicode edition (own copy),"not found on Wikisource (Part 2, or scan text too noisy)",,,,,https://www.ramakrishnavivekananda.info/kathamrita/unicodekathamrita/32_e_ishwarguardian_595_597.html
s0207,song,শ্রীদুর্গানাম জপ সদা রসনা আমার।,Safe,,,,False,1,1884-10-01,33.2,Kathamrita Unicode edition (own copy),"Wikisource scan, unproofread",4,290,0.981,https://bn.wikisource.org/wiki/%E0%A6%AA%E0%A6%BE%E0%A6%A4%E0%A6%BE%3A%E0%A6%B6%E0%A7%8D%E0%A6%B0%E0%A7%80%E0%A6%B6%E0%A7%8D%E0%A6%B0%E0%A7%80%E0%A6%B0%E0%A6%BE%E0%A6%AE%E0%A6%95%E0%A7%83%E0%A6%B7%E0%A7%8D%E0%A6%A3_%E0%A6%95%E0%A6%A5%E0%A6%BE%E0%A6%AE%E0%A7%83%E0%A6%A4_%E0%A6%9A%E0%A6%A4%E0%A7%81%E0%A6%B0%E0%A7%8D%E0%A6%A5_%E0%A6%AD%E0%A6%BE%E0%A6%97.djvu/%E0%A7%A8%E0%A7%AF%E0%A7%A6,https://www.ramakrishnavivekananda.info/kathamrita/unicodekathamrita/33_b_withbhaktas_598_601.html
s0208,song,"চল অচল তুমি মা তুমি সূক্ষ্ম স্থূল,",Safe,,,,True,1,1884-10-01,33.2,Kathamrita Unicode edition (own copy),"Wikisource scan, unproofread",4,157,0.927,https://bn.wikisource.org/wiki/%E0%A6%AA%E0%A6%BE%E0%A6%A4%E0%A6%BE%3A%E0%A6%B6%E0%A7%8D%E0%A6%B0%E0%A7%80%E0%A6%B6%E0%A7%8D%E0%A6%B0%E0%A7%80%E0%A6%B0%E0%A6%BE%E0%A6%AE%E0%A6%95%E0%A7%83%E0%A6%B7%E0%A7%8D%E0%A6%A3_%E0%A6%95%E0%A6%A5%E0%A6%BE%E0%A6%AE%E0%A7%83%E0%A6%A4_%E0%A6%9A%E0%A6%A4%E0%A7%81%E0%A6%B0%E0%A7%8D%E0%A6%A5_%E0%A6%AD%E0%A6%BE%E0%A6%97.djvu/%E0%A7%A7%E0%A7%AB%E0%A7%AD,https://www.ramakrishnavivekananda.info/kathamrita/unicodekathamrita/33_b_withbhaktas_598_601.html
s0209,song,"বায়ু অন্ধকার আদি শূন্য আর আকাশ,",Safe,,,,False,1,1884-10-01,33.2,Kathamrita Unicode edition (own copy),"not found on Wikisource (Part 2, or scan text too noisy)",,,,,https://www.ramakrishnavivekananda.info/kathamrita/unicodekathamrita/33_b_withbhaktas_598_601.html
s0210,song,অমূল্যধন পাবি রে মন হলে খাঁটি!,Safe,,,,True,1,1884-10-02,34.2,Kathamrita Unicode edition (own copy),"Wikisource scan, unproofread",4,241,0.773,https://bn.wikisource.org/wiki/%E0%A6%AA%E0%A6%BE%E0%A6%A4%E0%A6%BE%3A%E0%A6%B6%E0%A7%8D%E0%A6%B0%E0%A7%80%E0%A6%B6%E0%A7%8D%E0%A6%B0%E0%A7%80%E0%A6%B0%E0%A6%BE%E0%A6%AE%E0%A6%95%E0%A7%83%E0%A6%B7%E0%A7%8D%E0%A6%A3_%E0%A6%95%E0%A6%A5%E0%A6%BE%E0%A6%AE%E0%A7%83%E0%A6%A4_%E0%A6%9A%E0%A6%A4%E0%A7%81%E0%A6%B0%E0%A7%8D%E0%A6%A5_%E0%A6%AD%E0%A6%BE%E0%A6%97.djvu/%E0%A7%A8%E0%A7%AA%E0%A7%A7,https://www.ramakrishnavivekananda.info/kathamrita/unicodekathamrita/34_b_lustlucre_605_607.html
s0211,song,তুমি সর্বস্ব আমার (হে নাথ) প্রাণাধার সারাৎসার।,Safe,,,,False,2,1884-10-04,34.6,Kathamrita Unicode edition (own copy),"Wikisource scan, unproofread",3,293,0.985,https://bn.wikisource.org/wiki/%E0%A6%AA%E0%A6%BE%E0%A6%A4%E0%A6%BE%3A%E0%A6%B6%E0%A7%8D%E0%A6%B0%E0%A7%80%E0%A6%B6%E0%A7%8D%E0%A6%B0%E0%A7%80%E0%A6%B0%E0%A6%BE%E0%A6%AE%E0%A6%95%E0%A7%83%E0%A6%B7%E0%A7%8D%E0%A6%A3_%E0%A6%95%E0%A6%A5%E0%A6%BE%E0%A6%AE%E0%A7%83%E0%A6%A4_%E0%A6%A4%E0%A7%83%E0%A6%A4%E0%A7%80%E0%A6%AF%E0%A6%BC_%E0%A6%AD%E0%A6%BE%E0%A6%97.djvu/%E0%A7%A8%E0%A7%AF%E0%A7%A9,https://www.ramakrishnavivekananda.info/kathamrita/unicodekathamrita/34_f_nabinsen_616_618.html
s0212,song,যশোদা নাচাতো গো মা বলে নীলমণি।,Safe,,,,True,2,1884-10-04,34.6,Kathamrita Unicode edition (own copy),"Wikisource scan, unproofread",4,255,0.961,https://bn.wikisource.org/wiki/%E0%A6%AA%E0%A6%BE%E0%A6%A4%E0%A6%BE%3A%E0%A6%B6%E0%A7%8D%E0%A6%B0%E0%A7%80%E0%A6%B6%E0%A7%8D%E0%A6%B0%E0%A7%80%E0%A6%B0%E0%A6%BE%E0%A6%AE%E0%A6%95%E0%A7%83%E0%A6%B7%E0%A7%8D%E0%A6%A3_%E0%A6%95%E0%A6%A5%E0%A6%BE%E0%A6%AE%E0%A7%83%E0%A6%A4_%E0%A6%9A%E0%A6%A4%E0%A7%81%E0%A6%B0%E0%A7%8D%E0%A6%A5_%E0%A6%AD%E0%A6%BE%E0%A6%97.djvu/%E0%A7%A8%E0%A7%AB%E0%A7%AB,https://www.ramakrishnavivekananda.info/kathamrita/unicodekathamrita/34_f_nabinsen_616_618.html
s0213,song,"কত ভালবাস গো মা মানব সন্তানে,",Safe,,Trailokyanath Sanyal,কথামৃতের বর্ণনা: “ত্রৈলোক্যের গান”,True,2,1884-10-04,34.6,Kathamrita Unicode edition (own copy),"Wikisource scan, unproofread",3,232,0.961,https://bn.wikisource.org/wiki/%E0%A6%AA%E0%A6%BE%E0%A6%A4%E0%A6%BE%3A%E0%A6%B6%E0%A7%8D%E0%A6%B0%E0%A7%80%E0%A6%B6%E0%A7%8D%E0%A6%B0%E0%A7%80%E0%A6%B0%E0%A6%BE%E0%A6%AE%E0%A6%95%E0%A7%83%E0%A6%B7%E0%A7%8D%E0%A6%A3_%E0%A6%95%E0%A6%A5%E0%A6%BE%E0%A6%AE%E0%A7%83%E0%A6%A4_%E0%A6%A4%E0%A7%83%E0%A6%A4%E0%A7%80%E0%A6%AF%E0%A6%BC_%E0%A6%AD%E0%A6%BE%E0%A6%97.djvu/%E0%A7%A8%E0%A7%A9%E0%A7%A8,https://www.ramakrishnavivekananda.info/kathamrita/unicodekathamrita/34_f_nabinsen_616_618.html
s0214,song,"অন্তরে জাগিছ গো মা অন্তরযামিনী,",Safe,,,,False,4,1884-10-04,34.6,Kathamrita Unicode edition (own copy),"Wikisource scan, unproofread",4,255,0.958,https://bn.wikisource.org/wiki/%E0%A6%AA%E0%A6%BE%E0%A6%A4%E0%A6%BE%3A%E0%A6%B6%E0%A7%8D%E0%A6%B0%E0%A7%80%E0%A6%B6%E0%A7%8D%E0%A6%B0%E0%A7%80%E0%A6%B0%E0%A6%BE%E0%A6%AE%E0%A6%95%E0%A7%83%E0%A6%B7%E0%A7%8D%E0%A6%A3_%E0%A6%95%E0%A6%A5%E0%A6%BE%E0%A6%AE%E0%A7%83%E0%A6%A4_%E0%A6%9A%E0%A6%A4%E0%A7%81%E0%A6%B0%E0%A7%8D%E0%A6%A5_%E0%A6%AD%E0%A6%BE%E0%A6%97.djvu/%E0%A7%A8%E0%A7%AB%E0%A7%AB,https://www.ramakrishnavivekananda.info/kathamrita/unicodekathamrita/34_f_nabinsen_616_618.html
s0215,song,"কেন রে মন ভাবিস এত দীন হীন কাঙালের মতো,",Safe,,,,False,1,1884-10-04,34.6,Kathamrita Unicode edition (own copy),"Wikisource scan, unproofread",4,255,0.97,https://bn.wikisource.org/wiki/%E0%A6%AA%E0%A6%BE%E0%A6%A4%E0%A6%BE%3A%E0%A6%B6%E0%A7%8D%E0%A6%B0%E0%A7%80%E0%A6%B6%E0%A7%8D%E0%A6%B0%E0%A7%80%E0%A6%B0%E0%A6%BE%E0%A6%AE%E0%A6%95%E0%A7%83%E0%A6%B7%E0%A7%8D%E0%A6%A3_%E0%A6%95%E0%A6%A5%E0%A6%BE%E0%A6%AE%E0%A7%83%E0%A6%A4_%E0%A6%9A%E0%A6%A4%E0%A7%81%E0%A6%B0%E0%A7%8D%E0%A6%A5_%E0%A6%AD%E0%A6%BE%E0%A6%97.djvu/%E0%A7%A8%E0%A7%AB%E0%A7%AB,https://www.ramakrishnavivekananda.info/kathamrita/unicodekathamrita/34_f_nabinsen_616_618.html
s0216,song,"মধুর হরিনাম নসে রে, জীব যদি সুখে থাকবি।",Safe,,,,False,1,1884-10-04,34.6,Kathamrita Unicode edition (own copy),"Wikisource scan, unproofread",4,256,0.967,https://bn.wikisource.org/wiki/%E0%A6%AA%E0%A6%BE%E0%A6%A4%E0%A6%BE%3A%E0%A6%B6%E0%A7%8D%E0%A6%B0%E0%A7%80%E0%A6%B6%E0%A7%8D%E0%A6%B0%E0%A7%80%E0%A6%B0%E0%A6%BE%E0%A6%AE%E0%A6%95%E0%A7%83%E0%A6%B7%E0%A7%8D%E0%A6%A3_%E0%A6%95%E0%A6%A5%E0%A6%BE%E0%A6%AE%E0%A7%83%E0%A6%A4_%E0%A6%9A%E0%A6%A4%E0%A7%81%E0%A6%B0%E0%A7%8D%E0%A6%A5_%E0%A6%AD%E0%A6%BE%E0%A6%97.djvu/%E0%A7%A8%E0%A7%AB%E0%A7%AC,https://www.ramakrishnavivekananda.info/kathamrita/unicodekathamrita/34_f_nabinsen_616_618.html
s0217,song,ব্রজে যাই কাঙ্গালবেশে কৌপিন দাও হে ভারতী।,Safe,,,,False,1,1884-10-04,34.6,Kathamrita Unicode edition (own copy),"Wikisource scan, unproofread",4,256,0.939,https://bn.wikisource.org/wiki/%E0%A6%AA%E0%A6%BE%E0%A6%A4%E0%A6%BE%3A%E0%A6%B6%E0%A7%8D%E0%A6%B0%E0%A7%80%E0%A6%B6%E0%A7%8D%E0%A6%B0%E0%A7%80%E0%A6%B0%E0%A6%BE%E0%A6%AE%E0%A6%95%E0%A7%83%E0%A6%B7%E0%A7%8D%E0%A6%A3_%E0%A6%95%E0%A6%A5%E0%A6%BE%E0%A6%AE%E0%A7%83%E0%A6%A4_%E0%A6%9A%E0%A6%A4%E0%A7%81%E0%A6%B0%E0%A7%8D%E0%A6%A5_%E0%A6%AD%E0%A6%BE%E0%A6%97.djvu/%E0%A7%A8%E0%A7%AB%E0%A7%AC,https://www.ramakrishnavivekananda.info/kathamrita/unicodekathamrita/34_f_nabinsen_616_618.html
s0218,song,কে হরিবোল হরিবোল বলিয়ে যায়। যারে মাধাই জেনে আয়।,Safe,,,,True,2,1884-10-04,34.6,Kathamrita Unicode edition (own copy),"Wikisource scan, unproofread",4,256,0.986,https://bn.wikisource.org/wiki/%E0%A6%AA%E0%A6%BE%E0%A6%A4%E0%A6%BE%3A%E0%A6%B6%E0%A7%8D%E0%A6%B0%E0%A7%80%E0%A6%B6%E0%A7%8D%E0%A6%B0%E0%A7%80%E0%A6%B0%E0%A6%BE%E0%A6%AE%E0%A6%95%E0%A7%83%E0%A6%B7%E0%A7%8D%E0%A6%A3_%E0%A6%95%E0%A6%A5%E0%A6%BE%E0%A6%AE%E0%A7%83%E0%A6%A4_%E0%A6%9A%E0%A6%A4%E0%A7%81%E0%A6%B0%E0%A7%8D%E0%A6%A5_%E0%A6%AD%E0%A6%BE%E0%A6%97.djvu/%E0%A7%A8%E0%A7%AB%E0%A7%AC,https://www.ramakrishnavivekananda.info/kathamrita/unicodekathamrita/34_f_nabinsen_616_618.html
s0219,song,কত দিনে হবে সে প্রেম সঞ্চার।,Safe,,,,False,3,1884-10-04,34.6,Kathamrita Unicode edition (own copy),"Wikisource scan, unproofread",4,256,0.966,https://bn.wikisource.org/wiki/%E0%A6%AA%E0%A6%BE%E0%A6%A4%E0%A6%BE%3A%E0%A6%B6%E0%A7%8D%E0%A6%B0%E0%A7%80%E0%A6%B6%E0%A7%8D%E0%A6%B0%E0%A7%80%E0%A6%B0%E0%A6%BE%E0%A6%AE%E0%A6%95%E0%A7%83%E0%A6%B7%E0%A7%8D%E0%A6%A3_%E0%A6%95%E0%A6%A5%E0%A6%BE%E0%A6%AE%E0%A7%83%E0%A6%A4_%E0%A6%9A%E0%A6%A4%E0%A7%81%E0%A6%B0%E0%A7%8D%E0%A6%A5_%E0%A6%AD%E0%A6%BE%E0%A6%97.djvu/%E0%A7%A8%E0%A7%AB%E0%A7%AC,https://www.ramakrishnavivekananda.info/kathamrita/unicodekathamrita/34_f_nabinsen_616_618.html
s0220,verse,য়ৎ করোষি য়দশ্নাসি য়জ্জুহোষি দদাসি য়ৎ।,Check,not a song,,,False,1,1884-10-05,35.2,Kathamrita Unicode edition (own copy),"Wikisource scan, unproofread",4,261,0.925,https://bn.wikisource.org/wiki/%E0%A6%AA%E0%A6%BE%E0%A6%A4%E0%A6%BE%3A%E0%A6%B6%E0%A7%8D%E0%A6%B0%E0%A7%80%E0%A6%B6%E0%A7%8D%E0%A6%B0%E0%A7%80%E0%A6%B0%E0%A6%BE%E0%A6%AE%E0%A6%95%E0%A7%83%E0%A6%B7%E0%A7%8D%E0%A6%A3_%E0%A6%95%E0%A6%A5%E0%A6%BE%E0%A6%AE%E0%A7%83%E0%A6%A4_%E0%A6%9A%E0%A6%A4%E0%A7%81%E0%A6%B0%E0%A7%8D%E0%A6%A5_%E0%A6%AD%E0%A6%BE%E0%A6%97.djvu/%E0%A7%A8%E0%A7%AC%E0%A7%A7,https://www.ramakrishnavivekananda.info/kathamrita/unicodekathamrita/35_b_sadhus_621_622.html
s0221,song,"শ্যামাপদে আশ, নদীর তীরে বাস।",Safe,,,,False,1,1884-10-05,35.5,Kathamrita Unicode edition (own copy),"Wikisource scan, unproofread",4,272,0.952,https://bn.wikisource.org/wiki/%E0%A6%AA%E0%A6%BE%E0%A6%A4%E0%A6%BE%3A%E0%A6%B6%E0%A7%8D%E0%A6%B0%E0%A7%80%E0%A6%B6%E0%A7%8D%E0%A6%B0%E0%A7%80%E0%A6%B0%E0%A6%BE%E0%A6%AE%E0%A6%95%E0%A7%83%E0%A6%B7%E0%A7%8D%E0%A6%A3_%E0%A6%95%E0%A6%A5%E0%A6%BE%E0%A6%AE%E0%A7%83%E0%A6%A4_%E0%A6%9A%E0%A6%A4%E0%A7%81%E0%A6%B0%E0%A7%8D%E0%A6%A5_%E0%A6%AD%E0%A6%BE%E0%A6%97.djvu/%E0%A7%A8%E0%A7%AD%E0%A7%A8,https://www.ramakrishnavivekananda.info/kathamrita/unicodekathamrita/35_e_nilkantha_629_633.html
s0222,song,মহিষমর্দিনী।,Safe,,,,False,1,1884-10-05,35.5,Kathamrita Unicode edition (own copy),"Wikisource scan, unproofread",4,272,0.7,https://bn.wikisource.org/wiki/%E0%A6%AA%E0%A6%BE%E0%A6%A4%E0%A6%BE%3A%E0%A6%B6%E0%A7%8D%E0%A6%B0%E0%A7%80%E0%A6%B6%E0%A7%8D%E0%A6%B0%E0%A7%80%E0%A6%B0%E0%A6%BE%E0%A6%AE%E0%A6%95%E0%A7%83%E0%A6%B7%E0%A7%8D%E0%A6%A3_%E0%A6%95%E0%A6%A5%E0%A6%BE%E0%A6%AE%E0%A7%83%E0%A6%A4_%E0%A6%9A%E0%A6%A4%E0%A7%81%E0%A6%B0%E0%A7%8D%E0%A6%A5_%E0%A6%AD%E0%A6%BE%E0%A6%97.djvu/%E0%A7%A8%E0%A7%AD%E0%A7%A8,https://www.ramakrishnavivekananda.info/kathamrita/unicodekathamrita/35_e_nilkantha_629_633.html
s0223,song,শিব শিব।,Safe,,,,False,1,1884-10-05,35.5,Kathamrita Unicode edition (own copy),"not found on Wikisource (Part 2, or scan text too noisy)",,,,,https://www.ramakrishnavivekananda.info/kathamrita/unicodekathamrita/35_e_nilkantha_629_633.html
s0224,song,"‘রাধার প্রেমে মাতোয়ারা, তারা দুভাই এসেছে রে।’",Safe,,,,False,1,1884-10-05,35.5,Kathamrita Unicode edition (own copy),"Wikisource scan, unproofread",4,273,0.886,https://bn.wikisource.org/wiki/%E0%A6%AA%E0%A6%BE%E0%A6%A4%E0%A6%BE%3A%E0%A6%B6%E0%A7%8D%E0%A6%B0%E0%A7%80%E0%A6%B6%E0%A7%8D%E0%A6%B0%E0%A7%80%E0%A6%B0%E0%A6%BE%E0%A6%AE%E0%A6%95%E0%A7%83%E0%A6%B7%E0%A7%8D%E0%A6%A3_%E0%A6%95%E0%A6%A5%E0%A6%BE%E0%A6%AE%E0%A7%83%E0%A6%A4_%E0%A6%9A%E0%A6%A4%E0%A7%81%E0%A6%B0%E0%A7%8D%E0%A6%A5_%E0%A6%AD%E0%A6%BE%E0%A6%97.djvu/%E0%A7%A8%E0%A7%AD%E0%A7%A9,https://www.ramakrishnavivekananda.info/kathamrita/unicodekathamrita/35_e_nilkantha_629_633.html
s0225,song,গিরি! গণেশ আমার শুভকারী। —,Safe,,,,False,1,1884-10-05,35.5,Kathamrita Unicode edition (own copy),"Wikisource scan, unproofread",4,274,0.846,https://bn.wikisource.org/wiki/%E0%A6%AA%E0%A6%BE%E0%A6%A4%E0%A6%BE%3A%E0%A6%B6%E0%A7%8D%E0%A6%B0%E0%A7%80%E0%A6%B6%E0%A7%8D%E0%A6%B0%E0%A7%80%E0%A6%B0%E0%A6%BE%E0%A6%AE%E0%A6%95%E0%A7%83%E0%A6%B7%E0%A7%8D%E0%A6%A3_%E0%A6%95%E0%A6%A5%E0%A6%BE%E0%A6%AE%E0%A7%83%E0%A6%A4_%E0%A6%9A%E0%A6%A4%E0%A7%81%E0%A6%B0%E0%A7%8D%E0%A6%A5_%E0%A6%AD%E0%A6%BE%E0%A6%97.djvu/%E0%A7%A8%E0%A7%AD%E0%A7%AA,https://www.ramakrishnavivekananda.info/kathamrita/unicodekathamrita/35_e_nilkantha_629_633.html
s0226,song,মন কর কি তত্ত্ব তাঁরে যেন উন্মত্ত আঁধার ঘরে।,Safe,,Ramprasad Sen,কথামৃতের বর্ণনা: “রামপ্রসাদের গান”,True,2,1884-10-11,35.8,Kathamrita Unicode edition (own copy),"Wikisource scan, unproofread",3,35,0.902,https://bn.wikisource.org/wiki/%E0%A6%AA%E0%A6%BE%E0%A6%A4%E0%A6%BE%3A%E0%A6%B6%E0%A7%8D%E0%A6%B0%E0%A7%80%E0%A6%B6%E0%A7%8D%E0%A6%B0%E0%A7%80%E0%A6%B0%E0%A6%BE%E0%A6%AE%E0%A6%95%E0%A7%83%E0%A6%B7%E0%A7%8D%E0%A6%A3_%E0%A6%95%E0%A6%A5%E0%A6%BE%E0%A6%AE%E0%A7%83%E0%A6%A4_%E0%A6%A4%E0%A7%83%E0%A6%A4%E0%A7%80%E0%A6%AF%E0%A6%BC_%E0%A6%AD%E0%A6%BE%E0%A6%97.djvu/%E0%A7%A9%E0%A7%AB,https://www.ramakrishnavivekananda.info/kathamrita/unicodekathamrita/35_h_purusha_637_642.html
s0227,song,"ষড় দর্শনে না পায় দরশন, আগম নিগম তন্ত্রসারে।",Safe,,Ramprasad Sen,কথামৃতের বর্ণনা: “রামপ্রসাদের গান”,False,1,1884-10-11,35.8,Kathamrita Unicode edition (own copy),"Wikisource scan, unproofread",3,35,0.969,https://bn.wikisource.org/wiki/%E0%A6%AA%E0%A6%BE%E0%A6%A4%E0%A6%BE%3A%E0%A6%B6%E0%A7%8D%E0%A6%B0%E0%A7%80%E0%A6%B6%E0%A7%8D%E0%A6%B0%E0%A7%80%E0%A6%B0%E0%A6%BE%E0%A6%AE%E0%A6%95%E0%A7%83%E0%A6%B7%E0%A7%8D%E0%A6%A3_%E0%A6%95%E0%A6%A5%E0%A6%BE%E0%A6%AE%E0%A7%83%E0%A6%A4_%E0%A6%A4%E0%A7%83%E0%A6%A4%E0%A7%80%E0%A6%AF%E0%A6%BC_%E0%A6%AD%E0%A6%BE%E0%A6%97.djvu/%E0%A7%A9%E0%A7%AB,https://www.ramakrishnavivekananda.info/kathamrita/unicodekathamrita/35_h_purusha_637_642.html
s0228,song,"রামপ্রসাদ বলে ভক্তি মুক্তি উভয়ে মাথায় রেখেছি,",Safe,,Ramprasad Sen,ভণিতা: “রামপ্রসাদ”,False,1,1884-10-11,35.10,Kathamrita Unicode edition (own copy),"Wikisource scan, unproofread",3,99,0.941,https://bn.wikisource.org/wiki/%E0%A6%AA%E0%A6%BE%E0%A6%A4%E0%A6%BE%3A%E0%A6%B6%E0%A7%8D%E0%A6%B0%E0%A7%80%E0%A6%B6%E0%A7%8D%E0%A6%B0%E0%A7%80%E0%A6%B0%E0%A6%BE%E0%A6%AE%E0%A6%95%E0%A7%83%E0%A6%B7%E0%A7%8D%E0%A6%A3_%E0%A6%95%E0%A6%A5%E0%A6%BE%E0%A6%AE%E0%A7%83%E0%A6%A4_%E0%A6%A4%E0%A7%83%E0%A6%A4%E0%A7%80%E0%A6%AF%E0%A6%BC_%E0%A6%AD%E0%A6%BE%E0%A6%97.djvu/%E0%A7%AF%E0%A7%AF,https://www.ramakrishnavivekananda.info/kathamrita/unicodekathamrita/35_j_workrenunciation_643_646.html
s0229,verse,"মায়ে পোয়ে মোকদ্দমা ধুম হবে রামপ্রসাদ বলে,",Check,not a song,,,False,1,1884-10-11,35.10,Kathamrita Unicode edition (own copy),"Wikisource scan, unproofread",3,72,0.776,https://bn.wikisource.org/wiki/%E0%A6%AA%E0%A6%BE%E0%A6%A4%E0%A6%BE%3A%E0%A6%B6%E0%A7%8D%E0%A6%B0%E0%A7%80%E0%A6%B6%E0%A7%8D%E0%A6%B0%E0%A7%80%E0%A6%B0%E0%A6%BE%E0%A6%AE%E0%A6%95%E0%A7%83%E0%A6%B7%E0%A7%8D%E0%A6%A3_%E0%A6%95%E0%A6%A5%E0%A6%BE%E0%A6%AE%E0%A7%83%E0%A6%A4_%E0%A6%A4%E0%A7%83%E0%A6%A4%E0%A7%80%E0%A6%AF%E0%A6%BC_%E0%A6%AD%E0%A6%BE%E0%A6%97.djvu/%E0%A7%AD%E0%A7%A8,https://www.ramakrishnavivekananda.info/kathamrita/unicodekathamrita/35_j_workrenunciation_643_646.html
s0230,verse,আমি কি আটাশে ছেলে আমি ভয় করিনি চোখ রাঙ্গালে।,Check,not a song,,,False,1,1884-10-11,35.10,Kathamrita Unicode edition (own copy),"not found on Wikisource (Part 2, or scan text too noisy)",,,,,https://www.ramakrishnavivekananda.info/kathamrita/unicodekathamrita/35_j_workrenunciation_643_646.html
s0231,verse,ত্বং স্বাহা ত্বং স্বধা ত্বং হি বষট্‌কারঃ স্বরাত্মিকা।,Check,not a song,,,False,1,1884-10-11,35.11,Kathamrita Unicode edition (own copy),"Wikisource scan, unproofread",3,50,0.926,https://bn.wikisource.org/wiki/%E0%A6%AA%E0%A6%BE%E0%A6%A4%E0%A6%BE%3A%E0%A6%B6%E0%A7%8D%E0%A6%B0%E0%A7%80%E0%A6%B6%E0%A7%8D%E0%A6%B0%E0%A7%80%E0%A6%B0%E0%A6%BE%E0%A6%AE%E0%A6%95%E0%A7%83%E0%A6%B7%E0%A7%8D%E0%A6%A3_%E0%A6%95%E0%A6%A5%E0%A6%BE%E0%A6%AE%E0%A7%83%E0%A6%A4_%E0%A6%A4%E0%A7%83%E0%A6%A4%E0%A7%80%E0%A6%AF%E0%A6%BC_%E0%A6%AD%E0%A6%BE%E0%A6%97.djvu/%E0%A7%AB%E0%A7%A6,https://www.ramakrishnavivekananda.info/kathamrita/unicodekathamrita/35_k_desirebhakti_646_648.html
s0232,song,তাই তোমাকে সুধাই কালী।,Safe,,,,True,1,1884-10-18,35.14,Kathamrita Unicode edition (own copy),"not found on Wikisource (Part 2, or scan text too noisy)",,,,,https://www.ramakrishnavivekananda.info/kathamrita/unicodekathamrita/35_n_kalipuja_bhajans_651_653.html
s0233,song,জয় কালী জয় কালী বলে যদি আমার প্রাণ যায়।,Safe,,,,True,1,1884-10-18,35.14,Kathamrita Unicode edition (own copy),"not found on Wikisource (Part 2, or scan text too noisy)",,,,,https://www.ramakrishnavivekananda.info/kathamrita/unicodekathamrita/35_n_kalipuja_bhajans_651_653.html
s0234,song,‘পরম দয়াল হে প্রভু’ —,Safe,,,,False,1,1884-10-18,35.14,Kathamrita Unicode edition (own copy),"Wikisource scan, unproofread",4,256,1.0,https://bn.wikisource.org/wiki/%E0%A6%AA%E0%A6%BE%E0%A6%A4%E0%A6%BE%3A%E0%A6%B6%E0%A7%8D%E0%A6%B0%E0%A7%80%E0%A6%B6%E0%A7%8D%E0%A6%B0%E0%A7%80%E0%A6%B0%E0%A6%BE%E0%A6%AE%E0%A6%95%E0%A7%83%E0%A6%B7%E0%A7%8D%E0%A6%A3_%E0%A6%95%E0%A6%A5%E0%A6%BE%E0%A6%AE%E0%A7%83%E0%A6%A4_%E0%A6%9A%E0%A6%A4%E0%A7%81%E0%A6%B0%E0%A7%8D%E0%A6%A5_%E0%A6%AD%E0%A6%BE%E0%A6%97.djvu/%E0%A7%A8%E0%A7%AB%E0%A7%AC,https://www.ramakrishnavivekananda.info/kathamrita/unicodekathamrita/35_n_kalipuja_bhajans_651_653.html
s0235,verse,কবিং পুরাণমনুশাসিতারমণোরণীয়াংসমনুসমরেদ্‌ যঃ।,Check,not a song,,,False,1,1884-10-19,36.1,Kathamrita Unicode edition (own copy),"Wikisource scan, unproofread",1,181,0.886,https://bn.wikisource.org/wiki/%E0%A6%AA%E0%A6%BE%E0%A6%A4%E0%A6%BE%3A%E0%A6%B6%E0%A7%8D%E0%A6%B0%E0%A7%80%E0%A6%B6%E0%A7%8D%E0%A6%B0%E0%A7%80%E0%A6%B0%E0%A6%BE%E0%A6%AE%E0%A6%95%E0%A7%83%E0%A6%B7%E0%A7%8D%E0%A6%A3_%E0%A6%95%E0%A6%A5%E0%A6%BE%E0%A6%AE%E0%A7%83%E0%A6%A4_%E0%A6%AA%E0%A7%8D%E0%A6%B0%E0%A6%A5%E0%A6%AE_%E0%A6%AD%E0%A6%BE%E0%A6%97.djvu/%E0%A7%A7%E0%A7%AE%E0%A7%A7,https://www.ramakrishnavivekananda.info/kathamrita/unicodekathamrita/36_a_sintheebrahmosamaj_656_657.html
s0236,song,"নাচ মা, ভক্তবৃন্দ বেড়ে বেড়ে;",Safe,,,,False,1,1884-10-19,36.7,Kathamrita Unicode edition (own copy),"Wikisource scan, unproofread",1,194,0.974,https://bn.wikisource.org/wiki/%E0%A6%AA%E0%A6%BE%E0%A6%A4%E0%A6%BE%3A%E0%A6%B6%E0%A7%8D%E0%A6%B0%E0%A7%80%E0%A6%B6%E0%A7%8D%E0%A6%B0%E0%A7%80%E0%A6%B0%E0%A6%BE%E0%A6%AE%E0%A6%95%E0%A7%83%E0%A6%B7%E0%A7%8D%E0%A6%A3_%E0%A6%95%E0%A6%A5%E0%A6%BE%E0%A6%AE%E0%A7%83%E0%A6%A4_%E0%A6%AA%E0%A7%8D%E0%A6%B0%E0%A6%A5%E0%A6%AE_%E0%A6%AD%E0%A6%BE%E0%A6%97.djvu/%E0%A7%A7%E0%A7%AF%E0%A7%AA,https://www.ramakrishnavivekananda.info/kathamrita/unicodekathamrita/36_g_kirtan_666_667.html
s0237,verse,"আমি কালীব্রহ্ম জেনে মর্ম, ধর্মাধর্ম সব ছেড়েছি।",Check,not a song,,,False,1,1884-10-19,36.9,Kathamrita Unicode edition (own copy),"Wikisource scan, unproofread",1,198,0.909,https://bn.wikisource.org/wiki/%E0%A6%AA%E0%A6%BE%E0%A6%A4%E0%A6%BE%3A%E0%A6%B6%E0%A7%8D%E0%A6%B0%E0%A7%80%E0%A6%B6%E0%A7%8D%E0%A6%B0%E0%A7%80%E0%A6%B0%E0%A6%BE%E0%A6%AE%E0%A6%95%E0%A7%83%E0%A6%B7%E0%A7%8D%E0%A6%A3_%E0%A6%95%E0%A6%A5%E0%A6%BE%E0%A6%AE%E0%A7%83%E0%A6%A4_%E0%A6%AA%E0%A7%8D%E0%A6%B0%E0%A6%A5%E0%A6%AE_%E0%A6%AD%E0%A6%BE%E0%A6%97.djvu/%E0%A7%A7%E0%A7%AF%E0%A7%AE,https://www.ramakrishnavivekananda.info/kathamrita/unicodekathamrita/36_i_kali_brahma_668_671.html
s0238,song,"হরিষে লাগি রহ রে ভাই,",Safe,,,,True,1,1884-10-20,36.10,Kathamrita Unicode edition (own copy),"not found on Wikisource (Part 2, or scan text too noisy)",,,,,https://www.ramakrishnavivekananda.info/kathamrita/unicodekathamrita/36_j_burrabazar_671_674.html
s0239,song,তার তারিণি!,Safe,,,,False,1,1884-11-09,37.13,Kathamrita Unicode edition (own copy),"Wikisource scan, unproofread",3,159,0.878,https://bn.wikisource.org/wiki/%E0%A6%AA%E0%A6%BE%E0%A6%A4%E0%A6%BE%3A%E0%A6%B6%E0%A7%8D%E0%A6%B0%E0%A7%80%E0%A6%B6%E0%A7%8D%E0%A6%B0%E0%A7%80%E0%A6%B0%E0%A6%BE%E0%A6%AE%E0%A6%95%E0%A7%83%E0%A6%B7%E0%A7%8D%E0%A6%A3_%E0%A6%95%E0%A6%A5%E0%A6%BE%E0%A6%AE%E0%A7%83%E0%A6%A4_%E0%A6%A4%E0%A7%83%E0%A6%A4%E0%A7%80%E0%A6%AF%E0%A6%BC_%E0%A6%AD%E0%A6%BE%E0%A6%97.djvu/%E0%A7%A7%E0%A7%AB%E0%A7%AF,https://www.ramakrishnavivekananda.info/kathamrita/unicodekathamrita/37_m_kirtanwithdevotees_704_707.html
s0240,song,এ সব ক্ষেপা মেয়ের খেলা।,Safe,,,,False,1,1884-11-09,37.14,Kathamrita Unicode edition (own copy),"Wikisource scan, unproofread",3,166,0.824,https://bn.wikisource.org/wiki/%E0%A6%AA%E0%A6%BE%E0%A6%A4%E0%A6%BE%3A%E0%A6%B6%E0%A7%8D%E0%A6%B0%E0%A7%80%E0%A6%B6%E0%A7%8D%E0%A6%B0%E0%A7%80%E0%A6%B0%E0%A6%BE%E0%A6%AE%E0%A6%95%E0%A7%83%E0%A6%B7%E0%A7%8D%E0%A6%A3_%E0%A6%95%E0%A6%A5%E0%A6%BE%E0%A6%AE%E0%A7%83%E0%A6%A4_%E0%A6%A4%E0%A7%83%E0%A6%A4%E0%A7%80%E0%A6%AF%E0%A6%BC_%E0%A6%AD%E0%A6%BE%E0%A6%97.djvu/%E0%A7%A7%E0%A7%AC%E0%A7%AC,https://www.ramakrishnavivekananda.info/kathamrita/unicodekathamrita/37_n_withdevotees_707_710.html
s0241,song,কালী কে জানে তোমায় মা (তুমি অনন্তরূপিণী!),Safe,,,,False,1,1884-11-09,37.14,Kathamrita Unicode edition (own copy),"Wikisource scan, unproofread",3,166,0.957,https://bn.wikisource.org/wiki/%E0%A6%AA%E0%A6%BE%E0%A6%A4%E0%A6%BE%3A%E0%A6%B6%E0%A7%8D%E0%A6%B0%E0%A7%80%E0%A6%B6%E0%A7%8D%E0%A6%B0%E0%A7%80%E0%A6%B0%E0%A6%BE%E0%A6%AE%E0%A6%95%E0%A7%83%E0%A6%B7%E0%A7%8D%E0%A6%A3_%E0%A6%95%E0%A6%A5%E0%A6%BE%E0%A6%AE%E0%A7%83%E0%A6%A4_%E0%A6%A4%E0%A7%83%E0%A6%A4%E0%A7%80%E0%A6%AF%E0%A6%BC_%E0%A6%AD%E0%A6%BE%E0%A6%97.djvu/%E0%A7%A7%E0%A7%AC%E0%A7%AC,https://www.ramakrishnavivekananda.info/kathamrita/unicodekathamrita/37_n_withdevotees_707_710.html
s0242,song,ভাব শ্রীকান্ত নরকান্তকারীরে।,Safe,,Dasarathi Ray,ভণিতা: “দাশরথি”,True,1,1884-12-14,38.3,Kathamrita Unicode edition (own copy),"Wikisource scan, unproofread",3,176,0.976,https://bn.wikisource.org/wiki/%E0%A6%AA%E0%A6%BE%E0%A6%A4%E0%A6%BE%3A%E0%A6%B6%E0%A7%8D%E0%A6%B0%E0%A7%80%E0%A6%B6%E0%A7%8D%E0%A6%B0%E0%A7%80%E0%A6%B0%E0%A6%BE%E0%A6%AE%E0%A6%95%E0%A7%83%E0%A6%B7%E0%A7%8D%E0%A6%A3_%E0%A6%95%E0%A6%A5%E0%A6%BE%E0%A6%AE%E0%A7%83%E0%A6%A4_%E0%A6%A4%E0%A7%83%E0%A6%A4%E0%A7%80%E0%A6%AF%E0%A6%BC_%E0%A6%AD%E0%A6%BE%E0%A6%97.djvu/%E0%A7%A7%E0%A7%AD%E0%A7%AC,https://www.ramakrishnavivekananda.info/kathamrita/unicodekathamrita/38_c_seeinggod_714_716.html
s0243,verse,তস্মাদসক্তং সততং কার্যং কর্ম সমাচর।,Check,not a song,,,False,1,1884-12-27,39.2,Kathamrita Unicode edition (own copy),"Wikisource scan, unproofread",1,71,0.923,https://bn.wikisource.org/wiki/%E0%A6%AA%E0%A6%BE%E0%A6%A4%E0%A6%BE%3A%E0%A6%B6%E0%A7%8D%E0%A6%B0%E0%A7%80%E0%A6%B6%E0%A7%8D%E0%A6%B0%E0%A7%80%E0%A6%B0%E0%A6%BE%E0%A6%AE%E0%A6%95%E0%A7%83%E0%A6%B7%E0%A7%8D%E0%A6%A3_%E0%A6%95%E0%A6%A5%E0%A6%BE%E0%A6%AE%E0%A7%83%E0%A6%A4_%E0%A6%AA%E0%A7%8D%E0%A6%B0%E0%A6%A5%E0%A6%AE_%E0%A6%AD%E0%A6%BE%E0%A6%97.djvu/%E0%A7%AD%E0%A7%A7,https://www.ramakrishnavivekananda.info/kathamrita/unicodekathamrita/39_b_nomotive_721_723.html
s0244,verse,প্রকৃতেঃ ক্রিয়মাণানি গুণৈঃ কর্মাণি সর্বশঃ।,Check,not a song,,,False,1,1884-12-27,39.2,Kathamrita Unicode edition (own copy),"not found on Wikisource (Part 2, or scan text too noisy)",,,,,https://www.ramakrishnavivekananda.info/kathamrita/unicodekathamrita/39_b_nomotive_721_723.html
s0245,verse,যৎ করোষি যদশ্নাসি যজ্জুহোষি দদাসি যৎ।,Check,not a song,,,False,1,1884-12-27,39.2,Kathamrita Unicode edition (own copy),"Wikisource scan, unproofread",4,261,0.923,https://bn.wikisource.org/wiki/%E0%A6%AA%E0%A6%BE%E0%A6%A4%E0%A6%BE%3A%E0%A6%B6%E0%A7%8D%E0%A6%B0%E0%A7%80%E0%A6%B6%E0%A7%8D%E0%A6%B0%E0%A7%80%E0%A6%B0%E0%A6%BE%E0%A6%AE%E0%A6%95%E0%A7%83%E0%A6%B7%E0%A7%8D%E0%A6%A3_%E0%A6%95%E0%A6%A5%E0%A6%BE%E0%A6%AE%E0%A7%83%E0%A6%A4_%E0%A6%9A%E0%A6%A4%E0%A7%81%E0%A6%B0%E0%A7%8D%E0%A6%A5_%E0%A6%AD%E0%A6%BE%E0%A6%97.djvu/%E0%A7%A8%E0%A7%AC%E0%A7%A7,https://www.ramakrishnavivekananda.info/kathamrita/unicodekathamrita/39_b_nomotive_721_723.html
s0246,verse,যো মাং পশ্যতি সর্বত্র সর্বঞ্চ ময়ি পশ্যতি।,Check,not a song,,,False,1,1884-12-27,39.2,Kathamrita Unicode edition (own copy),"Wikisource scan, unproofread",1,219,0.759,https://bn.wikisource.org/wiki/%E0%A6%AA%E0%A6%BE%E0%A6%A4%E0%A6%BE%3A%E0%A6%B6%E0%A7%8D%E0%A6%B0%E0%A7%80%E0%A6%B6%E0%A7%8D%E0%A6%B0%E0%A7%80%E0%A6%B0%E0%A6%BE%E0%A6%AE%E0%A6%95%E0%A7%83%E0%A6%B7%E0%A7%8D%E0%A6%A3_%E0%A6%95%E0%A6%A5%E0%A6%BE%E0%A6%AE%E0%A7%83%E0%A6%A4_%E0%A6%AA%E0%A7%8D%E0%A6%B0%E0%A6%A5%E0%A6%AE_%E0%A6%AD%E0%A6%BE%E0%A6%97.djvu/%E0%A7%A8%E0%A7%A7%E0%A7%AF,https://www.ramakrishnavivekananda.info/kathamrita/unicodekathamrita/39_b_nomotive_721_723.html
s0247,song,নিবিড় আঁধারে মা তোর চমকে ও রূপরাশি ৷,Safe,,,,False,5,1885-02-22,40.1,Kathamrita Unicode edition (own copy),"Wikisource scan, unproofread",3,255,0.983,https://bn.wikisource.org/wiki/%E0%A6%AA%E0%A6%BE%E0%A6%A4%E0%A6%BE%3A%E0%A6%B6%E0%A7%8D%E0%A6%B0%E0%A7%80%E0%A6%B6%E0%A7%8D%E0%A6%B0%E0%A7%80%E0%A6%B0%E0%A6%BE%E0%A6%AE%E0%A6%95%E0%A7%83%E0%A6%B7%E0%A7%8D%E0%A6%A3_%E0%A6%95%E0%A6%A5%E0%A6%BE%E0%A6%AE%E0%A7%83%E0%A6%A4_%E0%A6%A4%E0%A7%83%E0%A6%A4%E0%A7%80%E0%A6%AF%E0%A6%BC_%E0%A6%AD%E0%A6%BE%E0%A6%97.djvu/%E0%A7%A8%E0%A7%AB%E0%A7%AB,https://www.ramakrishnavivekananda.info/kathamrita/unicodekathamrita/40_a_withnarendra_729_731.html
s0248,song,এই সংসার মজার কুটি।,Safe,,,,True,2,1885-02-22,40.3,Kathamrita Unicode edition (own copy),"Wikisource scan, unproofread",3,127,0.968,https://bn.wikisource.org/wiki/%E0%A6%AA%E0%A6%BE%E0%A6%A4%E0%A6%BE%3A%E0%A6%B6%E0%A7%8D%E0%A6%B0%E0%A7%80%E0%A6%B6%E0%A7%8D%E0%A6%B0%E0%A7%80%E0%A6%B0%E0%A6%BE%E0%A6%AE%E0%A6%95%E0%A7%83%E0%A6%B7%E0%A7%8D%E0%A6%A3_%E0%A6%95%E0%A6%A5%E0%A6%BE%E0%A6%AE%E0%A7%83%E0%A6%A4_%E0%A6%A4%E0%A7%83%E0%A6%A4%E0%A7%80%E0%A6%AF%E0%A6%BC_%E0%A6%AD%E0%A6%BE%E0%A6%97.djvu/%E0%A7%A7%E0%A7%A8%E0%A7%AD,https://www.ramakrishnavivekananda.info/kathamrita/unicodekathamrita/40_c_withdevotees_734_736.html
s0249,song,ভাল ভাবীর কাছে ভাব শিখেছি।,Safe,,Ramprasad Sen,ভণিতা: “প্রসাদ বলে”,False,1,1885-02-22,40.4,Kathamrita Unicode edition (own copy),"Wikisource scan, unproofread",5,193,1.0,https://bn.wikisource.org/wiki/%E0%A6%AA%E0%A6%BE%E0%A6%A4%E0%A6%BE%3A%E0%A6%B6%E0%A7%8D%E0%A6%B0%E0%A7%80%E0%A6%B6%E0%A7%8D%E0%A6%B0%E0%A7%80%E0%A6%B0%E0%A6%BE%E0%A6%AE%E0%A6%95%E0%A7%83%E0%A6%B7%E0%A7%8D%E0%A6%A3_%E0%A6%95%E0%A6%A5%E0%A6%BE%E0%A6%AE%E0%A7%83%E0%A6%A4_%E0%A6%AA%E0%A6%9E%E0%A7%8D%E0%A6%9A%E0%A6%AE_%E0%A6%AD%E0%A6%BE%E0%A6%97.djvu/%E0%A7%A7%E0%A7%AF%E0%A7%A9,https://www.ramakrishnavivekananda.info/kathamrita/unicodekathamrita/40_d_withgirish_736_738.html
s0250,song,আমি দেহ বেচে ভবের হাটে শ্রীদুর্গানাম কিনে এনেছি।,Safe,,,,True,1,1885-02-22,40.4,Kathamrita Unicode edition (own copy),"Wikisource scan, unproofread",3,121,1.0,https://bn.wikisource.org/wiki/%E0%A6%AA%E0%A6%BE%E0%A6%A4%E0%A6%BE%3A%E0%A6%B6%E0%A7%8D%E0%A6%B0%E0%A7%80%E0%A6%B6%E0%A7%8D%E0%A6%B0%E0%A7%80%E0%A6%B0%E0%A6%BE%E0%A6%AE%E0%A6%95%E0%A7%83%E0%A6%B7%E0%A7%8D%E0%A6%A3_%E0%A6%95%E0%A6%A5%E0%A6%BE%E0%A6%AE%E0%A7%83%E0%A6%A4_%E0%A6%A4%E0%A7%83%E0%A6%A4%E0%A7%80%E0%A6%AF%E0%A6%BC_%E0%A6%AD%E0%A6%BE%E0%A6%97.djvu/%E0%A7%A7%E0%A7%A8%E0%A7%A7,https://www.ramakrishnavivekananda.info/kathamrita/unicodekathamrita/40_d_withgirish_736_738.html
s0251,verse,নারাধিতো যদি হরিস্তপসা ততঃ কিম্‌ ॥,Check,not a song,,,False,1,1885-03-01,42.1,Kathamrita Unicode edition (own copy),"Wikisource scan, unproofread",4,123,0.787,https://bn.wikisource.org/wiki/%E0%A6%AA%E0%A6%BE%E0%A6%A4%E0%A6%BE%3A%E0%A6%B6%E0%A7%8D%E0%A6%B0%E0%A7%80%E0%A6%B6%E0%A7%8D%E0%A6%B0%E0%A7%80%E0%A6%B0%E0%A6%BE%E0%A6%AE%E0%A6%95%E0%A7%83%E0%A6%B7%E0%A7%8D%E0%A6%A3_%E0%A6%95%E0%A6%A5%E0%A6%BE%E0%A6%AE%E0%A7%83%E0%A6%A4_%E0%A6%9A%E0%A6%A4%E0%A7%81%E0%A6%B0%E0%A7%8D%E0%A6%A5_%E0%A6%AD%E0%A6%BE%E0%A6%97.djvu/%E0%A7%A7%E0%A7%A8%E0%A7%A9,https://www.ramakrishnavivekananda.info/kathamrita/unicodekathamrita/42_a_dakshineshwar_748_749.html
s0252,verse,"হে চনদ্রচূড় মদনান্তক শূলপাণে, স্থাণো গিরিশ গিরিজেশ মহেশ শম্ভো।",Check,not a song,,,False,1,1885-03-01,42.3,Kathamrita Unicode edition (own copy),"not found on Wikisource (Part 2, or scan text too noisy)",,,,,https://www.ramakrishnavivekananda.info/kathamrita/unicodekathamrita/42_c_doljatra_753_755.html
s0253,song,"কেশব কুরু করুণা দীনে, কুঞ্জকাননচারী।",Safe,,,,False,2,1885-03-11,43.3,Kathamrita Unicode edition (own copy),"Wikisource scan, unproofread",1,236,0.982,https://bn.wikisource.org/wiki/%E0%A6%AA%E0%A6%BE%E0%A6%A4%E0%A6%BE%3A%E0%A6%B6%E0%A7%8D%E0%A6%B0%E0%A7%80%E0%A6%B6%E0%A7%8D%E0%A6%B0%E0%A7%80%E0%A6%B0%E0%A6%BE%E0%A6%AE%E0%A6%95%E0%A7%83%E0%A6%B7%E0%A7%8D%E0%A6%A3_%E0%A6%95%E0%A6%A5%E0%A6%BE%E0%A6%AE%E0%A7%83%E0%A6%A4_%E0%A6%AA%E0%A7%8D%E0%A6%B0%E0%A6%A5%E0%A6%AE_%E0%A6%AD%E0%A6%BE%E0%A6%97.djvu/%E0%A7%A8%E0%A7%A9%E0%A7%AC,https://www.ramakrishnavivekananda.info/kathamrita/unicodekathamrita/43_c_withdevotees_771_774.html
s0254,song,"কিশোরীর প্রেম নিবি আয়, প্রেমের জুয়ার বয়ে যায়।",Safe,,,,False,2,1885-03-11,43.3,Kathamrita Unicode edition (own copy),"Wikisource scan, unproofread",1,236,0.953,https://bn.wikisource.org/wiki/%E0%A6%AA%E0%A6%BE%E0%A6%A4%E0%A6%BE%3A%E0%A6%B6%E0%A7%8D%E0%A6%B0%E0%A7%80%E0%A6%B6%E0%A7%8D%E0%A6%B0%E0%A7%80%E0%A6%B0%E0%A6%BE%E0%A6%AE%E0%A6%95%E0%A7%83%E0%A6%B7%E0%A7%8D%E0%A6%A3_%E0%A6%95%E0%A6%A5%E0%A6%BE%E0%A6%AE%E0%A7%83%E0%A6%A4_%E0%A6%AA%E0%A7%8D%E0%A6%B0%E0%A6%A5%E0%A6%AE_%E0%A6%AD%E0%A6%BE%E0%A6%97.djvu/%E0%A7%A8%E0%A7%A9%E0%A7%AC,https://www.ramakrishnavivekananda.info/kathamrita/unicodekathamrita/43_c_withdevotees_771_774.html
s0255,song,কার ভাবে গৌর বেশে জুড়ালে হে প্রাণ।,Safe,,,,False,1,1885-03-11,43.3,Kathamrita Unicode edition (own copy),"Wikisource scan, unproofread",1,237,0.984,https://bn.wikisource.org/wiki/%E0%A6%AA%E0%A6%BE%E0%A6%A4%E0%A6%BE%3A%E0%A6%B6%E0%A7%8D%E0%A6%B0%E0%A7%80%E0%A6%B6%E0%A7%8D%E0%A6%B0%E0%A7%80%E0%A6%B0%E0%A6%BE%E0%A6%AE%E0%A6%95%E0%A7%83%E0%A6%B7%E0%A7%8D%E0%A6%A3_%E0%A6%95%E0%A6%A5%E0%A6%BE%E0%A6%AE%E0%A7%83%E0%A6%A4_%E0%A6%AA%E0%A7%8D%E0%A6%B0%E0%A6%A5%E0%A6%AE_%E0%A6%AD%E0%A6%BE%E0%A6%97.djvu/%E0%A7%A8%E0%A7%A9%E0%A7%AD,https://www.ramakrishnavivekananda.info/kathamrita/unicodekathamrita/43_c_withdevotees_771_774.html
s0256,verse,"হরি আপনি এসে, যোগীবেশে, করিলে নামসংকীর্তন।",Check,not a song,,,False,1,1885-03-11,43.4,Kathamrita Unicode edition (own copy),"Wikisource scan, unproofread",1,241,0.909,https://bn.wikisource.org/wiki/%E0%A6%AA%E0%A6%BE%E0%A6%A4%E0%A6%BE%3A%E0%A6%B6%E0%A7%8D%E0%A6%B0%E0%A7%80%E0%A6%B6%E0%A7%8D%E0%A6%B0%E0%A7%80%E0%A6%B0%E0%A6%BE%E0%A6%AE%E0%A6%95%E0%A7%83%E0%A6%B7%E0%A7%8D%E0%A6%A3_%E0%A6%95%E0%A6%A5%E0%A6%BE%E0%A6%AE%E0%A7%83%E0%A6%A4_%E0%A6%AA%E0%A7%8D%E0%A6%B0%E0%A6%A5%E0%A6%AE_%E0%A6%AD%E0%A6%BE%E0%A6%97.djvu/%E0%A7%A8%E0%A7%AA%E0%A7%A7,https://www.ramakrishnavivekananda.info/kathamrita/unicodekathamrita/43_d_dusk_774_775.html
s0257,song,সব দুঃখ দূর করিলে দরশন দিয়ে — মোহিলে প্রাণ।,Safe,,,,False,2,1885-03-11,43.9,Kathamrita Unicode edition (own copy),"Wikisource scan, unproofread",1,250,0.983,https://bn.wikisource.org/wiki/%E0%A6%AA%E0%A6%BE%E0%A6%A4%E0%A6%BE%3A%E0%A6%B6%E0%A7%8D%E0%A6%B0%E0%A7%80%E0%A6%B6%E0%A7%8D%E0%A6%B0%E0%A7%80%E0%A6%B0%E0%A6%BE%E0%A6%AE%E0%A6%95%E0%A7%83%E0%A6%B7%E0%A7%8D%E0%A6%A3_%E0%A6%95%E0%A6%A5%E0%A6%BE%E0%A6%AE%E0%A7%83%E0%A6%A4_%E0%A6%AA%E0%A7%8D%E0%A6%B0%E0%A6%A5%E0%A6%AE_%E0%A6%AD%E0%A6%BE%E0%A6%97.djvu/%E0%A7%A8%E0%A7%AB%E0%A7%A6,https://www.ramakrishnavivekananda.info/kathamrita/unicodekathamrita/43_i_samadhi_780_782.html
s0258,song,তোমারেই করিয়াছি জীবনের ধ্রুবতারা।,Safe,,,,False,3,1885-03-11,43.10,Kathamrita Unicode edition (own copy),"Wikisource scan, unproofread",1,251,0.981,https://bn.wikisource.org/wiki/%E0%A6%AA%E0%A6%BE%E0%A6%A4%E0%A6%BE%3A%E0%A6%B6%E0%A7%8D%E0%A6%B0%E0%A7%80%E0%A6%B6%E0%A7%8D%E0%A6%B0%E0%A7%80%E0%A6%B0%E0%A6%BE%E0%A6%AE%E0%A6%95%E0%A7%83%E0%A6%B7%E0%A7%8D%E0%A6%A3_%E0%A6%95%E0%A6%A5%E0%A6%BE%E0%A6%AE%E0%A7%83%E0%A6%A4_%E0%A6%AA%E0%A7%8D%E0%A6%B0%E0%A6%A5%E0%A6%AE_%E0%A6%AD%E0%A6%BE%E0%A6%97.djvu/%E0%A7%A8%E0%A7%AB%E0%A7%A7,https://www.ramakrishnavivekananda.info/kathamrita/unicodekathamrita/43_j_indevoteesheart_782_784.html
s0259,verse,‘পরিত্রাণায় সাধূনাং বিনাশায় চ দুষ্কৃতাম্‌।,Check,not a song,,,False,1,1885-03-11,43.10,Kathamrita Unicode edition (own copy),"Wikisource scan, unproofread",1,252,0.949,https://bn.wikisource.org/wiki/%E0%A6%AA%E0%A6%BE%E0%A6%A4%E0%A6%BE%3A%E0%A6%B6%E0%A7%8D%E0%A6%B0%E0%A7%80%E0%A6%B6%E0%A7%8D%E0%A6%B0%E0%A7%80%E0%A6%B0%E0%A6%BE%E0%A6%AE%E0%A6%95%E0%A7%83%E0%A6%B7%E0%A7%8D%E0%A6%A3_%E0%A6%95%E0%A6%A5%E0%A6%BE%E0%A6%AE%E0%A7%83%E0%A6%A4_%E0%A6%AA%E0%A7%8D%E0%A6%B0%E0%A6%A5%E0%A6%AE_%E0%A6%AD%E0%A6%BE%E0%A6%97.djvu/%E0%A7%A8%E0%A7%AB%E0%A7%A8,https://www.ramakrishnavivekananda.info/kathamrita/unicodekathamrita/43_j_indevoteesheart_782_784.html
s0260,verse,"‘মান কয়লি তো কয়লি, আমরাও তোর মানে আছি।’",Check,not a song,,,False,1,1885-03-11,43.10,Kathamrita Unicode edition (own copy),"Wikisource scan, unproofread",1,248,0.967,https://bn.wikisource.org/wiki/%E0%A6%AA%E0%A6%BE%E0%A6%A4%E0%A6%BE%3A%E0%A6%B6%E0%A7%8D%E0%A6%B0%E0%A7%80%E0%A6%B6%E0%A7%8D%E0%A6%B0%E0%A7%80%E0%A6%B0%E0%A6%BE%E0%A6%AE%E0%A6%95%E0%A7%83%E0%A6%B7%E0%A7%8D%E0%A6%A3_%E0%A6%95%E0%A6%A5%E0%A6%BE%E0%A6%AE%E0%A7%83%E0%A6%A4_%E0%A6%AA%E0%A7%8D%E0%A6%B0%E0%A6%A5%E0%A6%AE_%E0%A6%AD%E0%A6%BE%E0%A6%97.djvu/%E0%A7%A8%E0%A7%AA%E0%A7%AE,https://www.ramakrishnavivekananda.info/kathamrita/unicodekathamrita/43_j_indevoteesheart_782_784.html
s0261,song,রে মাধবী! আমার মাধব দে!,Safe,,,,False,1,1885-04-06,43.13,Kathamrita Unicode edition (own copy),"Wikisource scan, unproofread",3,206,0.966,https://bn.wikisource.org/wiki/%E0%A6%AA%E0%A6%BE%E0%A6%A4%E0%A6%BE%3A%E0%A6%B6%E0%A7%8D%E0%A6%B0%E0%A7%80%E0%A6%B6%E0%A7%8D%E0%A6%B0%E0%A7%80%E0%A6%B0%E0%A6%BE%E0%A6%AE%E0%A6%95%E0%A7%83%E0%A6%B7%E0%A7%8D%E0%A6%A3_%E0%A6%95%E0%A6%A5%E0%A6%BE%E0%A6%AE%E0%A7%83%E0%A6%A4_%E0%A6%A4%E0%A7%83%E0%A6%A4%E0%A7%80%E0%A6%AF%E0%A6%BC_%E0%A6%AD%E0%A6%BE%E0%A6%97.djvu/%E0%A7%A8%E0%A7%A6%E0%A7%AC,https://www.ramakrishnavivekananda.info/kathamrita/unicodekathamrita/43_m_atdebendrashome_789_791.html
s0262,song,সহজ মানুষ না হলে সজকে না যায় চেনা।,Safe,,,,False,1,1885-04-06,43.14,Kathamrita Unicode edition (own copy),"Wikisource scan, unproofread",3,167,0.962,https://bn.wikisource.org/wiki/%E0%A6%AA%E0%A6%BE%E0%A6%A4%E0%A6%BE%3A%E0%A6%B6%E0%A7%8D%E0%A6%B0%E0%A7%80%E0%A6%B6%E0%A7%8D%E0%A6%B0%E0%A7%80%E0%A6%B0%E0%A6%BE%E0%A6%AE%E0%A6%95%E0%A7%83%E0%A6%B7%E0%A7%8D%E0%A6%A3_%E0%A6%95%E0%A6%A5%E0%A6%BE%E0%A6%AE%E0%A7%83%E0%A6%A4_%E0%A6%A4%E0%A7%83%E0%A6%A4%E0%A7%80%E0%A6%AF%E0%A6%BC_%E0%A6%AD%E0%A6%BE%E0%A6%97.djvu/%E0%A7%A7%E0%A7%AC%E0%A7%AD,https://www.ramakrishnavivekananda.info/kathamrita/unicodekathamrita/43_n_atdebendrashome_791_792.html
s0263,song,"দরবেশ দাঁড়ারে, সাধের করওয়া কিস্তিধারী।",Safe,,,,False,1,1885-04-06,43.14,Kathamrita Unicode edition (own copy),"Wikisource scan, unproofread",3,210,1.0,https://bn.wikisource.org/wiki/%E0%A6%AA%E0%A6%BE%E0%A6%A4%E0%A6%BE%3A%E0%A6%B6%E0%A7%8D%E0%A6%B0%E0%A7%80%E0%A6%B6%E0%A7%8D%E0%A6%B0%E0%A7%80%E0%A6%B0%E0%A6%BE%E0%A6%AE%E0%A6%95%E0%A7%83%E0%A6%B7%E0%A7%8D%E0%A6%A3_%E0%A6%95%E0%A6%A5%E0%A6%BE%E0%A6%AE%E0%A7%83%E0%A6%A4_%E0%A6%A4%E0%A7%83%E0%A6%A4%E0%A7%80%E0%A6%AF%E0%A6%BC_%E0%A6%AD%E0%A6%BE%E0%A6%97.djvu/%E0%A7%A8%E0%A7%A7%E0%A7%A6,https://www.ramakrishnavivekananda.info/kathamrita/unicodekathamrita/43_n_atdebendrashome_791_792.html
s0264,song,এসেছেন এক ভাবের ফকির।,Safe,,,,False,1,1885-04-06,43.14,Kathamrita Unicode edition (own copy),"Wikisource scan, unproofread",3,210,0.951,https://bn.wikisource.org/wiki/%E0%A6%AA%E0%A6%BE%E0%A6%A4%E0%A6%BE%3A%E0%A6%B6%E0%A7%8D%E0%A6%B0%E0%A7%80%E0%A6%B6%E0%A7%8D%E0%A6%B0%E0%A7%80%E0%A6%B0%E0%A6%BE%E0%A6%AE%E0%A6%95%E0%A7%83%E0%A6%B7%E0%A7%8D%E0%A6%A3_%E0%A6%95%E0%A6%A5%E0%A6%BE%E0%A6%AE%E0%A7%83%E0%A6%A4_%E0%A6%A4%E0%A7%83%E0%A6%A4%E0%A7%80%E0%A6%AF%E0%A6%BC_%E0%A6%AD%E0%A6%BE%E0%A6%97.djvu/%E0%A7%A8%E0%A7%A7%E0%A7%A6,https://www.ramakrishnavivekananda.info/kathamrita/unicodekathamrita/43_n_atdebendrashome_791_792.html
s0265,song,মন একবার হরি বল হরি বল হরি বল।,Safe,,,,False,3,1885-04-12,44.5,Kathamrita Unicode edition (own copy),"Wikisource scan, unproofread",3,232,1.0,https://bn.wikisource.org/wiki/%E0%A6%AA%E0%A6%BE%E0%A6%A4%E0%A6%BE%3A%E0%A6%B6%E0%A7%8D%E0%A6%B0%E0%A7%80%E0%A6%B6%E0%A7%8D%E0%A6%B0%E0%A7%80%E0%A6%B0%E0%A6%BE%E0%A6%AE%E0%A6%95%E0%A7%83%E0%A6%B7%E0%A7%8D%E0%A6%A3_%E0%A6%95%E0%A6%A5%E0%A6%BE%E0%A6%AE%E0%A7%83%E0%A6%A4_%E0%A6%A4%E0%A7%83%E0%A6%A4%E0%A7%80%E0%A6%AF%E0%A6%BC_%E0%A6%AD%E0%A6%BE%E0%A6%97.djvu/%E0%A7%A8%E0%A7%A9%E0%A7%A8,https://www.ramakrishnavivekananda.info/kathamrita/unicodekathamrita/44_e_kirtanwithdevotees_804_807.html
s0266,song,"জয় শচীনন্দন, গৌর গুণাকার, প্রেম-পরশমণি, ভাব-রস-সাগর।",Safe,,,,False,1,1885-04-12,44.5,Kathamrita Unicode edition (own copy),"Wikisource scan, unproofread",3,234,0.942,https://bn.wikisource.org/wiki/%E0%A6%AA%E0%A6%BE%E0%A6%A4%E0%A6%BE%3A%E0%A6%B6%E0%A7%8D%E0%A6%B0%E0%A7%80%E0%A6%B6%E0%A7%8D%E0%A6%B0%E0%A7%80%E0%A6%B0%E0%A6%BE%E0%A6%AE%E0%A6%95%E0%A7%83%E0%A6%B7%E0%A7%8D%E0%A6%A3_%E0%A6%95%E0%A6%A5%E0%A6%BE%E0%A6%AE%E0%A7%83%E0%A6%A4_%E0%A6%A4%E0%A7%83%E0%A6%A4%E0%A7%80%E0%A6%AF%E0%A6%BC_%E0%A6%AD%E0%A6%BE%E0%A6%97.djvu/%E0%A7%A8%E0%A7%A9%E0%A7%AA,https://www.ramakrishnavivekananda.info/kathamrita/unicodekathamrita/44_e_kirtanwithdevotees_804_807.html
s0267,song,আরে মোর গোরা দ্বিজমণি।,Safe,,,,False,1,1885-04-24,45.4,Kathamrita Unicode edition (own copy),"not found on Wikisource (Part 2, or scan text too noisy)",,,,,https://www.ramakrishnavivekananda.info/kathamrita/unicodekathamrita/45_d_kirtan_815_817.html
s0268,song,কহ কহ সুবদনী রাধে! কি তোর হইল বিরোধে ॥,Safe,,,,False,1,1885-04-24,45.4,Kathamrita Unicode edition (own copy),"not found on Wikisource (Part 2, or scan text too noisy)",,,,,https://www.ramakrishnavivekananda.info/kathamrita/unicodekathamrita/45_d_kirtan_815_817.html
s0269,song,"কদম্বের বনে, থাকে কোন্‌ জনে, কেমন শবদ্‌ আসি।",Safe,,,,False,1,1885-04-24,45.4,Kathamrita Unicode edition (own copy),"not found on Wikisource (Part 2, or scan text too noisy)",,,,,https://www.ramakrishnavivekananda.info/kathamrita/unicodekathamrita/45_d_kirtan_815_817.html
s0270,verse,"পহিলে শুনিনু, অপরূপ ধ্বনি, কদম্ব কানন হৈতে। তারপর দিনে, ভাটের বর্ণনে, শুনি চমকিত চিতে ॥",Check,not a song,,,False,1,1885-04-24,45.4,Kathamrita Unicode edition (own copy),"not found on Wikisource (Part 2, or scan text too noisy)",,,,,https://www.ramakrishnavivekananda.info/kathamrita/unicodekathamrita/45_d_kirtan_815_817.html
s0271,song,যে দেখেছি যমুনাতটে। সেই দেখি এই চিত্রপটে ॥,Safe,,,,False,1,1885-04-24,45.4,Kathamrita Unicode edition (own copy),"not found on Wikisource (Part 2, or scan text too noisy)",,,,,https://www.ramakrishnavivekananda.info/kathamrita/unicodekathamrita/45_d_kirtan_815_817.html
s0272,song,পরবত পাথার।,Safe,,,,False,1,1885-05-09,46.3,Kathamrita Unicode edition (own copy),"Wikisource scan, unproofread",3,253,0.968,https://bn.wikisource.org/wiki/%E0%A6%AA%E0%A6%BE%E0%A6%A4%E0%A6%BE%3A%E0%A6%B6%E0%A7%8D%E0%A6%B0%E0%A7%80%E0%A6%B6%E0%A7%8D%E0%A6%B0%E0%A7%80%E0%A6%B0%E0%A6%BE%E0%A6%AE%E0%A6%95%E0%A7%83%E0%A6%B7%E0%A7%8D%E0%A6%A3_%E0%A6%95%E0%A6%A5%E0%A6%BE%E0%A6%AE%E0%A7%83%E0%A6%A4_%E0%A6%A4%E0%A7%83%E0%A6%A4%E0%A7%80%E0%A6%AF%E0%A6%BC_%E0%A6%AD%E0%A6%BE%E0%A6%97.djvu/%E0%A7%A8%E0%A7%AB%E0%A7%A9,https://www.ramakrishnavivekananda.info/kathamrita/unicodekathamrita/46_c_ramakrishnaandkarma_827_831.html
s0273,song,"বিপদভয় বারণ, যে করে ওরে মন, তাঁরে কেন ডাক না;",Safe,,,,False,1,1885-05-09,46.3,Kathamrita Unicode edition (own copy),"Wikisource scan, unproofread",3,253,0.986,https://bn.wikisource.org/wiki/%E0%A6%AA%E0%A6%BE%E0%A6%A4%E0%A6%BE%3A%E0%A6%B6%E0%A7%8D%E0%A6%B0%E0%A7%80%E0%A6%B6%E0%A7%8D%E0%A6%B0%E0%A7%80%E0%A6%B0%E0%A6%BE%E0%A6%AE%E0%A6%95%E0%A7%83%E0%A6%B7%E0%A7%8D%E0%A6%A3_%E0%A6%95%E0%A6%A5%E0%A6%BE%E0%A6%AE%E0%A7%83%E0%A6%A4_%E0%A6%A4%E0%A7%83%E0%A6%A4%E0%A7%80%E0%A6%AF%E0%A6%BC_%E0%A6%AD%E0%A6%BE%E0%A6%97.djvu/%E0%A7%A8%E0%A7%AB%E0%A7%A9,https://www.ramakrishnavivekananda.info/kathamrita/unicodekathamrita/46_c_ramakrishnaandkarma_827_831.html
s0274,song,কি ভয় সংসার শোক ঘোর বিপদ শাসনে।,Safe,,,,False,1,1885-05-09,46.3,Kathamrita Unicode edition (own copy),"Wikisource scan, unproofread",3,254,0.958,https://bn.wikisource.org/wiki/%E0%A6%AA%E0%A6%BE%E0%A6%A4%E0%A6%BE%3A%E0%A6%B6%E0%A7%8D%E0%A6%B0%E0%A7%80%E0%A6%B6%E0%A7%8D%E0%A6%B0%E0%A7%80%E0%A6%B0%E0%A6%BE%E0%A6%AE%E0%A6%95%E0%A7%83%E0%A6%B7%E0%A7%8D%E0%A6%A3_%E0%A6%95%E0%A6%A5%E0%A6%BE%E0%A6%AE%E0%A7%83%E0%A6%A4_%E0%A6%A4%E0%A7%83%E0%A6%A4%E0%A7%80%E0%A6%AF%E0%A6%BC_%E0%A6%AD%E0%A6%BE%E0%A6%97.djvu/%E0%A7%A8%E0%A7%AB%E0%A7%AA,https://www.ramakrishnavivekananda.info/kathamrita/unicodekathamrita/46_c_ramakrishnaandkarma_827_831.html
s0275,song,"দেখিলে তোমার সেই অতুল প্রেম-আননে,",Safe,,,,False,1,1885-05-09,46.3,Kathamrita Unicode edition (own copy),"Wikisource scan, unproofread",3,254,0.96,https://bn.wikisource.org/wiki/%E0%A6%AA%E0%A6%BE%E0%A6%A4%E0%A6%BE%3A%E0%A6%B6%E0%A7%8D%E0%A6%B0%E0%A7%80%E0%A6%B6%E0%A7%8D%E0%A6%B0%E0%A7%80%E0%A6%B0%E0%A6%BE%E0%A6%AE%E0%A6%95%E0%A7%83%E0%A6%B7%E0%A7%8D%E0%A6%A3_%E0%A6%95%E0%A6%A5%E0%A6%BE%E0%A6%AE%E0%A7%83%E0%A6%A4_%E0%A6%A4%E0%A7%83%E0%A6%A4%E0%A7%80%E0%A6%AF%E0%A6%BC_%E0%A6%AD%E0%A6%BE%E0%A6%97.djvu/%E0%A7%A8%E0%A7%AB%E0%A7%AA,https://www.ramakrishnavivekananda.info/kathamrita/unicodekathamrita/46_c_ramakrishnaandkarma_827_831.html
s0276,song,হরিরসমদিরা পিয়ে মম মানস মাতোরে।,Safe,,,,False,4,1885-05-09,46.3,Kathamrita Unicode edition (own copy),"Wikisource scan, unproofread",3,254,0.926,https://bn.wikisource.org/wiki/%E0%A6%AA%E0%A6%BE%E0%A6%A4%E0%A6%BE%3A%E0%A6%B6%E0%A7%8D%E0%A6%B0%E0%A7%80%E0%A6%B6%E0%A7%8D%E0%A6%B0%E0%A7%80%E0%A6%B0%E0%A6%BE%E0%A6%AE%E0%A6%95%E0%A7%83%E0%A6%B7%E0%A7%8D%E0%A6%A3_%E0%A6%95%E0%A6%A5%E0%A6%BE%E0%A6%AE%E0%A7%83%E0%A6%A4_%E0%A6%A4%E0%A7%83%E0%A6%A4%E0%A7%80%E0%A6%AF%E0%A6%BC_%E0%A6%AD%E0%A6%BE%E0%A6%97.djvu/%E0%A7%A8%E0%A7%AB%E0%A7%AA,https://www.ramakrishnavivekananda.info/kathamrita/unicodekathamrita/46_c_ramakrishnaandkarma_827_831.html
s0277,song,চমৎকার অপার জগৎ রচলা তোমার।,Safe,,,,False,3,1885-05-09,46.3,Kathamrita Unicode edition (own copy),"Wikisource scan, unproofread",1,299,0.974,https://bn.wikisource.org/wiki/%E0%A6%AA%E0%A6%BE%E0%A6%A4%E0%A6%BE%3A%E0%A6%B6%E0%A7%8D%E0%A6%B0%E0%A7%80%E0%A6%B6%E0%A7%8D%E0%A6%B0%E0%A7%80%E0%A6%B0%E0%A6%BE%E0%A6%AE%E0%A6%95%E0%A7%83%E0%A6%B7%E0%A7%8D%E0%A6%A3_%E0%A6%95%E0%A6%A5%E0%A6%BE%E0%A6%AE%E0%A7%83%E0%A6%A4_%E0%A6%AA%E0%A7%8D%E0%A6%B0%E0%A6%A5%E0%A6%AE_%E0%A6%AD%E0%A6%BE%E0%A6%97.djvu/%E0%A7%A8%E0%A7%AF%E0%A7%AF,https://www.ramakrishnavivekananda.info/kathamrita/unicodekathamrita/46_c_ramakrishnaandkarma_827_831.html
s0278,song,"সেই এক পুরাতনে, পুরুষ নিরঞ্জনে, চিত্ত সমাধান কর রে।",Safe,,,,False,1,1885-05-09,46.3,Kathamrita Unicode edition (own copy),"Wikisource scan, unproofread",3,255,0.944,https://bn.wikisource.org/wiki/%E0%A6%AA%E0%A6%BE%E0%A6%A4%E0%A6%BE%3A%E0%A6%B6%E0%A7%8D%E0%A6%B0%E0%A7%80%E0%A6%B6%E0%A7%8D%E0%A6%B0%E0%A7%80%E0%A6%B0%E0%A6%BE%E0%A6%AE%E0%A6%95%E0%A7%83%E0%A6%B7%E0%A7%8D%E0%A6%A3_%E0%A6%95%E0%A6%A5%E0%A6%BE%E0%A6%AE%E0%A7%83%E0%A6%A4_%E0%A6%A4%E0%A7%83%E0%A6%A4%E0%A7%80%E0%A6%AF%E0%A6%BC_%E0%A6%AD%E0%A6%BE%E0%A6%97.djvu/%E0%A7%A8%E0%A7%AB%E0%A7%AB,https://www.ramakrishnavivekananda.info/kathamrita/unicodekathamrita/46_c_ramakrishnaandkarma_827_831.html
s0279,song,"এসো মা এসো মা, ও হৃদয়-রমা, পরাণ-পুতলী গো।",Safe,,,,False,2,1885-05-09,46.3,Kathamrita Unicode edition (own copy),"Wikisource scan, unproofread",4,291,0.917,https://bn.wikisource.org/wiki/%E0%A6%AA%E0%A6%BE%E0%A6%A4%E0%A6%BE%3A%E0%A6%B6%E0%A7%8D%E0%A6%B0%E0%A7%80%E0%A6%B6%E0%A7%8D%E0%A6%B0%E0%A7%80%E0%A6%B0%E0%A6%BE%E0%A6%AE%E0%A6%95%E0%A7%83%E0%A6%B7%E0%A7%8D%E0%A6%A3_%E0%A6%95%E0%A6%A5%E0%A6%BE%E0%A6%AE%E0%A7%83%E0%A6%A4_%E0%A6%9A%E0%A6%A4%E0%A7%81%E0%A6%B0%E0%A7%8D%E0%A6%A5_%E0%A6%AD%E0%A6%BE%E0%A6%97.djvu/%E0%A7%A8%E0%A7%AF%E0%A7%A7,https://www.ramakrishnavivekananda.info/kathamrita/unicodekathamrita/46_c_ramakrishnaandkarma_827_831.html
s0280,song,"তুঝ্‌সে হাম্‌নে দিল্‌কো লাগায়া, যো কুছ্‌ হ্যায় সব্‌ তুঁহি হ্যায় ॥",Safe,,,,False,2,1885-06-13,48.4,Kathamrita Unicode edition (own copy),"Wikisource scan, unproofread",3,293,0.671,https://bn.wikisource.org/wiki/%E0%A6%AA%E0%A6%BE%E0%A6%A4%E0%A6%BE%3A%E0%A6%B6%E0%A7%8D%E0%A6%B0%E0%A7%80%E0%A6%B6%E0%A7%8D%E0%A6%B0%E0%A7%80%E0%A6%B0%E0%A6%BE%E0%A6%AE%E0%A6%95%E0%A7%83%E0%A6%B7%E0%A7%8D%E0%A6%A3_%E0%A6%95%E0%A6%A5%E0%A6%BE%E0%A6%AE%E0%A7%83%E0%A6%A4_%E0%A6%A4%E0%A7%83%E0%A6%A4%E0%A7%80%E0%A6%AF%E0%A6%BC_%E0%A6%AD%E0%A6%BE%E0%A6%97.djvu/%E0%A7%A8%E0%A7%AF%E0%A7%A9,https://www.ramakrishnavivekananda.info/kathamrita/unicodekathamrita/48_d_selfishness_848_854.html
s0281,song,"বিফলে দিন যায় রে বীণে, শ্রীহরির সাধন বিনে।",Safe,,,,True,1,1885-07-14,49.5,Kathamrita Unicode edition (own copy),"Wikisource scan, unproofread",4,290,0.969,https://bn.wikisource.org/wiki/%E0%A6%AA%E0%A6%BE%E0%A6%A4%E0%A6%BE%3A%E0%A6%B6%E0%A7%8D%E0%A6%B0%E0%A7%80%E0%A6%B6%E0%A7%8D%E0%A6%B0%E0%A7%80%E0%A6%B0%E0%A6%BE%E0%A6%AE%E0%A6%95%E0%A7%83%E0%A6%B7%E0%A7%8D%E0%A6%A3_%E0%A6%95%E0%A6%A5%E0%A6%BE%E0%A6%AE%E0%A7%83%E0%A6%A4_%E0%A6%9A%E0%A6%A4%E0%A7%81%E0%A6%B0%E0%A7%8D%E0%A6%A5_%E0%A6%AD%E0%A6%BE%E0%A6%97.djvu/%E0%A7%A8%E0%A7%AF%E0%A7%A6,https://www.ramakrishnavivekananda.info/kathamrita/unicodekathamrita/49_e_balaramsrathajatra_864_866.html
s0282,song,"মা ত্বং হি তারা, তুমি ত্রিগুণধরা পরাৎপরা।",Safe,,,,False,1,1885-07-14,49.6,Kathamrita Unicode edition (own copy),"Wikisource scan, unproofread",4,291,0.971,https://bn.wikisource.org/wiki/%E0%A6%AA%E0%A6%BE%E0%A6%A4%E0%A6%BE%3A%E0%A6%B6%E0%A7%8D%E0%A6%B0%E0%A7%80%E0%A6%B6%E0%A7%8D%E0%A6%B0%E0%A7%80%E0%A6%B0%E0%A6%BE%E0%A6%AE%E0%A6%95%E0%A7%83%E0%A6%B7%E0%A7%8D%E0%A6%A3_%E0%A6%95%E0%A6%A5%E0%A6%BE%E0%A6%AE%E0%A7%83%E0%A6%A4_%E0%A6%9A%E0%A6%A4%E0%A7%81%E0%A6%B0%E0%A7%8D%E0%A6%A5_%E0%A6%AD%E0%A6%BE%E0%A6%97.djvu/%E0%A7%A8%E0%A7%AF%E0%A7%A7,https://www.ramakrishnavivekananda.info/kathamrita/unicodekathamrita/49_f_narendrassong_866_867.html
s0283,song,কভু কমলে কমলে থাকো মা পূর্ণব্রহ্মসনাতনী।,Safe,,,,False,1,1885-07-14,49.6,Kathamrita Unicode edition (own copy),"Wikisource scan, unproofread",4,291,0.938,https://bn.wikisource.org/wiki/%E0%A6%AA%E0%A6%BE%E0%A6%A4%E0%A6%BE%3A%E0%A6%B6%E0%A7%8D%E0%A6%B0%E0%A7%80%E0%A6%B6%E0%A7%8D%E0%A6%B0%E0%A7%80%E0%A6%B0%E0%A6%BE%E0%A6%AE%E0%A6%95%E0%A7%83%E0%A6%B7%E0%A7%8D%E0%A6%A3_%E0%A6%95%E0%A6%A5%E0%A6%BE%E0%A6%AE%E0%A7%83%E0%A6%A4_%E0%A6%9A%E0%A6%A4%E0%A7%81%E0%A6%B0%E0%A7%8D%E0%A6%A5_%E0%A6%AD%E0%A6%BE%E0%A6%97.djvu/%E0%A7%A8%E0%A7%AF%E0%A7%A7,https://www.ramakrishnavivekananda.info/kathamrita/unicodekathamrita/49_f_narendrassong_866_867.html
s0284,song,"সকলি তোমার ইচ্ছা, ইচ্ছাময়ী তারা তুমি।",Safe,,,,True,2,1885-07-28,50.2,Kathamrita Unicode edition (own copy),"Wikisource scan, unproofread",3,301,0.967,https://bn.wikisource.org/wiki/%E0%A6%AA%E0%A6%BE%E0%A6%A4%E0%A6%BE%3A%E0%A6%B6%E0%A7%8D%E0%A6%B0%E0%A7%80%E0%A6%B6%E0%A7%8D%E0%A6%B0%E0%A7%80%E0%A6%B0%E0%A6%BE%E0%A6%AE%E0%A6%95%E0%A7%83%E0%A6%B7%E0%A7%8D%E0%A6%A3_%E0%A6%95%E0%A6%A5%E0%A6%BE%E0%A6%AE%E0%A7%83%E0%A6%A4_%E0%A6%A4%E0%A7%83%E0%A6%A4%E0%A7%80%E0%A6%AF%E0%A6%BC_%E0%A6%AD%E0%A6%BE%E0%A6%97.djvu/%E0%A7%A9%E0%A7%A6%E0%A7%A7,https://www.ramakrishnavivekananda.info/kathamrita/unicodekathamrita/50_b_nandabosu_876_881.html
s0285,song,ভবসিন্ধু মাঝে মন উঠছে ডুবছে কত তরী!,Safe,,,,False,1,1885-07-28,50.2,Kathamrita Unicode edition (own copy),"Wikisource scan, unproofread",3,301,0.962,https://bn.wikisource.org/wiki/%E0%A6%AA%E0%A6%BE%E0%A6%A4%E0%A6%BE%3A%E0%A6%B6%E0%A7%8D%E0%A6%B0%E0%A7%80%E0%A6%B6%E0%A7%8D%E0%A6%B0%E0%A7%80%E0%A6%B0%E0%A6%BE%E0%A6%AE%E0%A6%95%E0%A7%83%E0%A6%B7%E0%A7%8D%E0%A6%A3_%E0%A6%95%E0%A6%A5%E0%A6%BE%E0%A6%AE%E0%A7%83%E0%A6%A4_%E0%A6%A4%E0%A7%83%E0%A6%A4%E0%A7%80%E0%A6%AF%E0%A6%BC_%E0%A6%AD%E0%A6%BE%E0%A6%97.djvu/%E0%A7%A9%E0%A7%A6%E0%A7%A7,https://www.ramakrishnavivekananda.info/kathamrita/unicodekathamrita/50_b_nandabosu_876_881.html
s0286,song,এস মা জীবন উমা — ইত্যাদি।,Safe,,,,False,1,1885-07-28,50.5,Kathamrita Unicode edition (own copy),"Wikisource scan, unproofread",3,313,0.941,https://bn.wikisource.org/wiki/%E0%A6%AA%E0%A6%BE%E0%A6%A4%E0%A6%BE%3A%E0%A6%B6%E0%A7%8D%E0%A6%B0%E0%A7%80%E0%A6%B6%E0%A7%8D%E0%A6%B0%E0%A7%80%E0%A6%B0%E0%A6%BE%E0%A6%AE%E0%A6%95%E0%A7%83%E0%A6%B7%E0%A7%8D%E0%A6%A3_%E0%A6%95%E0%A6%A5%E0%A6%BE%E0%A6%AE%E0%A7%83%E0%A6%A4_%E0%A6%A4%E0%A7%83%E0%A6%A4%E0%A7%80%E0%A6%AF%E0%A6%BC_%E0%A6%AD%E0%A6%BE%E0%A6%97.djvu/%E0%A7%A9%E0%A7%A7%E0%A7%A9,https://www.ramakrishnavivekananda.info/kathamrita/unicodekathamrita/50_e_gonusmother_885_886.html
s0287,song,‘ডুবলো নয়ন ফিরে না এলো।,Safe,,,,False,1,1885-07-28,50.6,Kathamrita Unicode edition (own copy),"Wikisource scan, unproofread",3,316,0.962,https://bn.wikisource.org/wiki/%E0%A6%AA%E0%A6%BE%E0%A6%A4%E0%A6%BE%3A%E0%A6%B6%E0%A7%8D%E0%A6%B0%E0%A7%80%E0%A6%B6%E0%A7%8D%E0%A6%B0%E0%A7%80%E0%A6%B0%E0%A6%BE%E0%A6%AE%E0%A6%95%E0%A7%83%E0%A6%B7%E0%A7%8D%E0%A6%A3_%E0%A6%95%E0%A6%A5%E0%A6%BE%E0%A6%AE%E0%A7%83%E0%A6%A4_%E0%A6%A4%E0%A7%83%E0%A6%A4%E0%A7%80%E0%A6%AF%E0%A6%BC_%E0%A6%AD%E0%A6%BE%E0%A6%97.djvu/%E0%A7%A9%E0%A7%A7%E0%A7%AC,https://www.ramakrishnavivekananda.info/kathamrita/unicodekathamrita/50_f_profoundtruth_886_889.html
s0288,verse,কৃষ্ণ কৃষ্ণ মহাযোগিংস্ত্বমাদ্যঃ পুরুষঃ পরঃ।,Check,not a song,,,False,1,1885-08-27,51.7,Kathamrita Unicode edition (own copy),"Wikisource scan, unproofread",4,315,0.903,https://bn.wikisource.org/wiki/%E0%A6%AA%E0%A6%BE%E0%A6%A4%E0%A6%BE%3A%E0%A6%B6%E0%A7%8D%E0%A6%B0%E0%A7%80%E0%A6%B6%E0%A7%8D%E0%A6%B0%E0%A7%80%E0%A6%B0%E0%A6%BE%E0%A6%AE%E0%A6%95%E0%A7%83%E0%A6%B7%E0%A7%8D%E0%A6%A3_%E0%A6%95%E0%A6%A5%E0%A6%BE%E0%A6%AE%E0%A7%83%E0%A6%A4_%E0%A6%9A%E0%A6%A4%E0%A7%81%E0%A6%B0%E0%A7%8D%E0%A6%A5_%E0%A6%AD%E0%A6%BE%E0%A6%97.djvu/%E0%A7%A9%E0%A7%A7%E0%A7%AB,https://www.ramakrishnavivekananda.info/kathamrita/unicodekathamrita/51_g_atdakshineshwar_901_902.html
s0289,song,"ঘুম ভেঙেছে আর কি ঘুমাই, যোগে-যাগে জেগে আছি।",Safe,,,,False,1,1885-10-22,52.7,Kathamrita Unicode edition (own copy),"Wikisource scan, unproofread",1,267,0.971,https://bn.wikisource.org/wiki/%E0%A6%AA%E0%A6%BE%E0%A6%A4%E0%A6%BE%3A%E0%A6%B6%E0%A7%8D%E0%A6%B0%E0%A7%80%E0%A6%B6%E0%A7%8D%E0%A6%B0%E0%A7%80%E0%A6%B0%E0%A6%BE%E0%A6%AE%E0%A6%95%E0%A7%83%E0%A6%B7%E0%A7%8D%E0%A6%A3_%E0%A6%95%E0%A6%A5%E0%A6%BE%E0%A6%AE%E0%A7%83%E0%A6%A4_%E0%A6%AA%E0%A7%8D%E0%A6%B0%E0%A6%A5%E0%A6%AE_%E0%A6%AD%E0%A6%BE%E0%A6%97.djvu/%E0%A7%A8%E0%A7%AC%E0%A7%AD,https://www.ramakrishnavivekananda.info/kathamrita/unicodekathamrita/52_g_yugadharma_927_933.html
s0290,song,"আমার এই সাধের বীণে, যত্নে গাঁথা তারের হার ৷",Safe,,,,False,2,1885-10-23,52.11,Kathamrita Unicode edition (own copy),"Wikisource scan, unproofread",3,354,1.0,https://bn.wikisource.org/wiki/%E0%A6%AA%E0%A6%BE%E0%A6%A4%E0%A6%BE%3A%E0%A6%B6%E0%A7%8D%E0%A6%B0%E0%A7%80%E0%A6%B6%E0%A7%8D%E0%A6%B0%E0%A7%80%E0%A6%B0%E0%A6%BE%E0%A6%AE%E0%A6%95%E0%A7%83%E0%A6%B7%E0%A7%8D%E0%A6%A3_%E0%A6%95%E0%A6%A5%E0%A6%BE%E0%A6%AE%E0%A7%83%E0%A6%A4_%E0%A6%A4%E0%A7%83%E0%A6%A4%E0%A7%80%E0%A6%AF%E0%A6%BC_%E0%A6%AD%E0%A6%BE%E0%A6%97.djvu/%E0%A7%A9%E0%A7%AB%E0%A7%AA,https://www.ramakrishnavivekananda.info/kathamrita/unicodekathamrita/52_k_completeknowledge_940_942.html
s0291,song,"জুড়াইতে চাই, কোথায় জুড়াই,",Safe,,,,False,4,1885-10-23,52.11,Kathamrita Unicode edition (own copy),"Wikisource scan, unproofread",3,354,1.0,https://bn.wikisource.org/wiki/%E0%A6%AA%E0%A6%BE%E0%A6%A4%E0%A6%BE%3A%E0%A6%B6%E0%A7%8D%E0%A6%B0%E0%A7%80%E0%A6%B6%E0%A7%8D%E0%A6%B0%E0%A7%80%E0%A6%B0%E0%A6%BE%E0%A6%AE%E0%A6%95%E0%A7%83%E0%A6%B7%E0%A7%8D%E0%A6%A3_%E0%A6%95%E0%A6%A5%E0%A6%BE%E0%A6%AE%E0%A7%83%E0%A6%A4_%E0%A6%A4%E0%A7%83%E0%A6%A4%E0%A7%80%E0%A6%AF%E0%A6%BC_%E0%A6%AD%E0%A6%BE%E0%A6%97.djvu/%E0%A7%A9%E0%A7%AB%E0%A7%AA,https://www.ramakrishnavivekananda.info/kathamrita/unicodekathamrita/52_k_completeknowledge_940_942.html
s0292,song,কোঁ কোঁ কোঁ বহরে ঝড়।,Safe,,,,False,1,1885-10-23,52.11,Kathamrita Unicode edition (own copy),"Wikisource scan, unproofread",4,336,0.867,https://bn.wikisource.org/wiki/%E0%A6%AA%E0%A6%BE%E0%A6%A4%E0%A6%BE%3A%E0%A6%B6%E0%A7%8D%E0%A6%B0%E0%A7%80%E0%A6%B6%E0%A7%8D%E0%A6%B0%E0%A7%80%E0%A6%B0%E0%A6%BE%E0%A6%AE%E0%A6%95%E0%A7%83%E0%A6%B7%E0%A7%8D%E0%A6%A3_%E0%A6%95%E0%A6%A5%E0%A6%BE%E0%A6%AE%E0%A7%83%E0%A6%A4_%E0%A6%9A%E0%A6%A4%E0%A7%81%E0%A6%B0%E0%A7%8D%E0%A6%A5_%E0%A6%AD%E0%A6%BE%E0%A6%97.djvu/%E0%A7%A9%E0%A7%A9%E0%A7%AC,https://www.ramakrishnavivekananda.info/kathamrita/unicodekathamrita/52_k_completeknowledge_940_942.html
s0293,song,"দীনতারিণী দূরিতবারিণী, সত্ত্বরজঃতমঃ ত্রিগুণধারিণী,",Safe,,,,False,2,1885-10-23,52.11,Kathamrita Unicode edition (own copy),"Wikisource scan, unproofread",3,358,0.9,https://bn.wikisource.org/wiki/%E0%A6%AA%E0%A6%BE%E0%A6%A4%E0%A6%BE%3A%E0%A6%B6%E0%A7%8D%E0%A6%B0%E0%A7%80%E0%A6%B6%E0%A7%8D%E0%A6%B0%E0%A7%80%E0%A6%B0%E0%A6%BE%E0%A6%AE%E0%A6%95%E0%A7%83%E0%A6%B7%E0%A7%8D%E0%A6%A3_%E0%A6%95%E0%A6%A5%E0%A6%BE%E0%A6%AE%E0%A7%83%E0%A6%A4_%E0%A6%A4%E0%A7%83%E0%A6%A4%E0%A7%80%E0%A6%AF%E0%A6%BC_%E0%A6%AD%E0%A6%BE%E0%A6%97.djvu/%E0%A7%A9%E0%A7%AB%E0%A7%AE,https://www.ramakrishnavivekananda.info/kathamrita/unicodekathamrita/52_k_completeknowledge_940_942.html
s0294,song,"ধরম করম সকলি গেল, শ্যামাপূজা বুঝি হল না!",Safe,,,,False,1,1885-10-23,52.11,Kathamrita Unicode edition (own copy),"Wikisource scan, unproofread",4,336,0.938,https://bn.wikisource.org/wiki/%E0%A6%AA%E0%A6%BE%E0%A6%A4%E0%A6%BE%3A%E0%A6%B6%E0%A7%8D%E0%A6%B0%E0%A7%80%E0%A6%B6%E0%A7%8D%E0%A6%B0%E0%A7%80%E0%A6%B0%E0%A6%BE%E0%A6%AE%E0%A6%95%E0%A7%83%E0%A6%B7%E0%A7%8D%E0%A6%A3_%E0%A6%95%E0%A6%A5%E0%A6%BE%E0%A6%AE%E0%A7%83%E0%A6%A4_%E0%A6%9A%E0%A6%A4%E0%A7%81%E0%A6%B0%E0%A7%8D%E0%A6%A5_%E0%A6%AD%E0%A6%BE%E0%A6%97.djvu/%E0%A7%A9%E0%A7%A9%E0%A7%AC,https://www.ramakrishnavivekananda.info/kathamrita/unicodekathamrita/52_k_completeknowledge_940_942.html
s0295,song,রাঙা জবা কে দিলে তোর পায়ে মুঠো মুঠো।,Safe,,,,False,1,1885-10-23,52.11,Kathamrita Unicode edition (own copy),"Wikisource scan, unproofread",4,336,0.903,https://bn.wikisource.org/wiki/%E0%A6%AA%E0%A6%BE%E0%A6%A4%E0%A6%BE%3A%E0%A6%B6%E0%A7%8D%E0%A6%B0%E0%A7%80%E0%A6%B6%E0%A7%8D%E0%A6%B0%E0%A7%80%E0%A6%B0%E0%A6%BE%E0%A6%AE%E0%A6%95%E0%A7%83%E0%A6%B7%E0%A7%8D%E0%A6%A3_%E0%A6%95%E0%A6%A5%E0%A6%BE%E0%A6%AE%E0%A7%83%E0%A6%A4_%E0%A6%9A%E0%A6%A4%E0%A7%81%E0%A6%B0%E0%A7%8D%E0%A6%A5_%E0%A6%AD%E0%A6%BE%E0%A6%97.djvu/%E0%A7%A9%E0%A7%A9%E0%A7%AC,https://www.ramakrishnavivekananda.info/kathamrita/unicodekathamrita/52_k_completeknowledge_940_942.html
s0296,song,"অহংকারে মত্ত সদা, অপার বাসনা।",Safe,,,,False,1,1885-10-24,52.14,Kathamrita Unicode edition (own copy),"Wikisource scan, unproofread",4,342,0.9,https://bn.wikisource.org/wiki/%E0%A6%AA%E0%A6%BE%E0%A6%A4%E0%A6%BE%3A%E0%A6%B6%E0%A7%8D%E0%A6%B0%E0%A7%80%E0%A6%B6%E0%A7%8D%E0%A6%B0%E0%A7%80%E0%A6%B0%E0%A6%BE%E0%A6%AE%E0%A6%95%E0%A7%83%E0%A6%B7%E0%A7%8D%E0%A6%A3_%E0%A6%95%E0%A6%A5%E0%A6%BE%E0%A6%AE%E0%A7%83%E0%A6%A4_%E0%A6%9A%E0%A6%A4%E0%A7%81%E0%A6%B0%E0%A7%8D%E0%A6%A5_%E0%A6%AD%E0%A6%BE%E0%A6%97.djvu/%E0%A7%A9%E0%A7%AA%E0%A7%A8,https://www.ramakrishnavivekananda.info/kathamrita/unicodekathamrita/52_n_atshyampukur_946_949.html
s0297,song,মহা সিংহাসনে বসি শুনেছি হে বিশ্বপতিঃ,Safe,,,,False,1,1885-10-24,52.14,Kathamrita Unicode edition (own copy),"Wikisource scan, unproofread",4,342,0.945,https://bn.wikisource.org/wiki/%E0%A6%AA%E0%A6%BE%E0%A6%A4%E0%A6%BE%3A%E0%A6%B6%E0%A7%8D%E0%A6%B0%E0%A7%80%E0%A6%B6%E0%A7%8D%E0%A6%B0%E0%A7%80%E0%A6%B0%E0%A6%BE%E0%A6%AE%E0%A6%95%E0%A7%83%E0%A6%B7%E0%A7%8D%E0%A6%A3_%E0%A6%95%E0%A6%A5%E0%A6%BE%E0%A6%AE%E0%A7%83%E0%A6%A4_%E0%A6%9A%E0%A6%A4%E0%A7%81%E0%A6%B0%E0%A7%8D%E0%A6%A5_%E0%A6%AD%E0%A6%BE%E0%A6%97.djvu/%E0%A7%A9%E0%A7%AA%E0%A7%A8,https://www.ramakrishnavivekananda.info/kathamrita/unicodekathamrita/52_n_atshyampukur_946_949.html
s0298,song,তুরীয়ং সচ্চিদানন্দম্‌ দ্বৈতাদ্বৈতবিবর্জিতম্‌।,Safe,,,,False,1,1885-10-25,52.17,Kathamrita Unicode edition (own copy),"Wikisource scan, unproofread",1,278,0.9,https://bn.wikisource.org/wiki/%E0%A6%AA%E0%A6%BE%E0%A6%A4%E0%A6%BE%3A%E0%A6%B6%E0%A7%8D%E0%A6%B0%E0%A7%80%E0%A6%B6%E0%A7%8D%E0%A6%B0%E0%A7%80%E0%A6%B0%E0%A6%BE%E0%A6%AE%E0%A6%95%E0%A7%83%E0%A6%B7%E0%A7%8D%E0%A6%A3_%E0%A6%95%E0%A6%A5%E0%A6%BE%E0%A6%AE%E0%A7%83%E0%A6%A4_%E0%A6%AA%E0%A7%8D%E0%A6%B0%E0%A6%A5%E0%A6%AE_%E0%A6%AD%E0%A6%BE%E0%A6%97.djvu/%E0%A7%A8%E0%A7%AD%E0%A7%AE,https://www.ramakrishnavivekananda.info/kathamrita/unicodekathamrita/52_q_withbijay_952_955.html
s0299,song,জয় জয় পরব্রহ্ম অপার তুমি অগম্য,Safe,,,,False,1,1885-10-25,52.17,Kathamrita Unicode edition (own copy),"Wikisource scan, unproofread",1,278,0.974,https://bn.wikisource.org/wiki/%E0%A6%AA%E0%A6%BE%E0%A6%A4%E0%A6%BE%3A%E0%A6%B6%E0%A7%8D%E0%A6%B0%E0%A7%80%E0%A6%B6%E0%A7%8D%E0%A6%B0%E0%A7%80%E0%A6%B0%E0%A6%BE%E0%A6%AE%E0%A6%95%E0%A7%83%E0%A6%B7%E0%A7%8D%E0%A6%A3_%E0%A6%95%E0%A6%A5%E0%A6%BE%E0%A6%AE%E0%A7%83%E0%A6%A4_%E0%A6%AA%E0%A7%8D%E0%A6%B0%E0%A6%A5%E0%A6%AE_%E0%A6%AD%E0%A6%BE%E0%A6%97.djvu/%E0%A7%A8%E0%A7%AD%E0%A7%AE,https://www.ramakrishnavivekananda.info/kathamrita/unicodekathamrita/52_q_withbijay_952_955.html
s0300,song,"কর তাঁর নাম গান, যতদিন দেহে রহে প্রাণ।",Safe,,,,False,1,1885-10-26,52.21,Kathamrita Unicode edition (own copy),"Wikisource scan, unproofread",1,287,0.912,https://bn.wikisource.org/wiki/%E0%A6%AA%E0%A6%BE%E0%A6%A4%E0%A6%BE%3A%E0%A6%B6%E0%A7%8D%E0%A6%B0%E0%A7%80%E0%A6%B6%E0%A7%8D%E0%A6%B0%E0%A7%80%E0%A6%B0%E0%A6%BE%E0%A6%AE%E0%A6%95%E0%A7%83%E0%A6%B7%E0%A7%8D%E0%A6%A3_%E0%A6%95%E0%A6%A5%E0%A6%BE%E0%A6%AE%E0%A7%83%E0%A6%A4_%E0%A6%AA%E0%A7%8D%E0%A6%B0%E0%A6%A5%E0%A6%AE_%E0%A6%AD%E0%A6%BE%E0%A6%97.djvu/%E0%A7%A8%E0%A7%AE%E0%A7%AD,https://www.ramakrishnavivekananda.info/kathamrita/unicodekathamrita/52_u_masterandoctor_959_962.html
s0301,song,"‘অন্ত কোথা তাঁর, অন্ত কোথা তাঁর, এই সবে সদা জিজ্ঞাসে।’",Safe,,,,False,1,1885-10-26,52.21,Kathamrita Unicode edition (own copy),"Wikisource scan, unproofread",1,287,0.892,https://bn.wikisource.org/wiki/%E0%A6%AA%E0%A6%BE%E0%A6%A4%E0%A6%BE%3A%E0%A6%B6%E0%A7%8D%E0%A6%B0%E0%A7%80%E0%A6%B6%E0%A7%8D%E0%A6%B0%E0%A7%80%E0%A6%B0%E0%A6%BE%E0%A6%AE%E0%A6%95%E0%A7%83%E0%A6%B7%E0%A7%8D%E0%A6%A3_%E0%A6%95%E0%A6%A5%E0%A6%BE%E0%A6%AE%E0%A7%83%E0%A6%A4_%E0%A6%AA%E0%A7%8D%E0%A6%B0%E0%A6%A5%E0%A6%AE_%E0%A6%AD%E0%A6%BE%E0%A6%97.djvu/%E0%A7%A8%E0%A7%AE%E0%A7%AD,https://www.ramakrishnavivekananda.info/kathamrita/unicodekathamrita/52_u_masterandoctor_959_962.html
s0302,song,"কি সুখ জীবনে মম ওহে নাথ দয়াময় হে,",Safe,,,,False,2,1885-10-27,52.25,Kathamrita Unicode edition (own copy),"Wikisource scan, unproofread",1,300,0.945,https://bn.wikisource.org/wiki/%E0%A6%AA%E0%A6%BE%E0%A6%A4%E0%A6%BE%3A%E0%A6%B6%E0%A7%8D%E0%A6%B0%E0%A7%80%E0%A6%B6%E0%A7%8D%E0%A6%B0%E0%A7%80%E0%A6%B0%E0%A6%BE%E0%A6%AE%E0%A6%95%E0%A7%83%E0%A6%B7%E0%A7%8D%E0%A6%A3_%E0%A6%95%E0%A6%A5%E0%A6%BE%E0%A6%AE%E0%A7%83%E0%A6%A4_%E0%A6%AA%E0%A7%8D%E0%A6%B0%E0%A6%A5%E0%A6%AE_%E0%A6%AD%E0%A6%BE%E0%A6%97.djvu/%E0%A7%A9%E0%A7%A6%E0%A7%A6,https://www.ramakrishnavivekananda.info/kathamrita/unicodekathamrita/52_y_atshyampukur_969_972.html
s0303,song,গান - আয় মন বেড়াতে যাবি।,Safe,,,,False,1,1885-11-06,52.42,Kathamrita Unicode edition (own copy),"Wikisource scan, unproofread",1,302,0.941,https://bn.wikisource.org/wiki/%E0%A6%AA%E0%A6%BE%E0%A6%A4%E0%A6%BE%3A%E0%A6%B6%E0%A7%8D%E0%A6%B0%E0%A7%80%E0%A6%B6%E0%A7%8D%E0%A6%B0%E0%A7%80%E0%A6%B0%E0%A6%BE%E0%A6%AE%E0%A6%95%E0%A7%83%E0%A6%B7%E0%A7%8D%E0%A6%A3_%E0%A6%95%E0%A6%A5%E0%A6%BE%E0%A6%AE%E0%A7%83%E0%A6%A4_%E0%A6%AA%E0%A7%8D%E0%A6%B0%E0%A6%A5%E0%A6%AE_%E0%A6%AD%E0%A6%BE%E0%A6%97.djvu/%E0%A7%A9%E0%A7%A6%E0%A7%A8,https://www.ramakrishnavivekananda.info/kathamrita/unicodekathamrita/52_zp_kalipujaday_1002_1003.html
s0304,song,আমায় ধর নিতাই,Safe,,,,False,1,1885-11-06,52.43,Kathamrita Unicode edition (own copy),"Wikisource scan, unproofread",3,355,0.938,https://bn.wikisource.org/wiki/%E0%A6%AA%E0%A6%BE%E0%A6%A4%E0%A6%BE%3A%E0%A6%B6%E0%A7%8D%E0%A6%B0%E0%A7%80%E0%A6%B6%E0%A7%8D%E0%A6%B0%E0%A7%80%E0%A6%B0%E0%A6%BE%E0%A6%AE%E0%A6%95%E0%A7%83%E0%A6%B7%E0%A7%8D%E0%A6%A3_%E0%A6%95%E0%A6%A5%E0%A6%BE%E0%A6%AE%E0%A7%83%E0%A6%A4_%E0%A6%A4%E0%A7%83%E0%A6%A4%E0%A7%80%E0%A6%AF%E0%A6%BC_%E0%A6%AD%E0%A6%BE%E0%A6%97.djvu/%E0%A7%A9%E0%A7%AB%E0%A7%AB,https://www.ramakrishnavivekananda.info/kathamrita/unicodekathamrita/52_zq_kalipujaday_1003_1006.html
s0305,song,কে রে নিবিড় নীল কাদম্বিনী সুরসমাজে।,Safe,,,,False,1,1885-11-06,52.44,Kathamrita Unicode edition (own copy),"Wikisource scan, unproofread",3,358,0.983,https://bn.wikisource.org/wiki/%E0%A6%AA%E0%A6%BE%E0%A6%A4%E0%A6%BE%3A%E0%A6%B6%E0%A7%8D%E0%A6%B0%E0%A7%80%E0%A6%B6%E0%A7%8D%E0%A6%B0%E0%A7%80%E0%A6%B0%E0%A6%BE%E0%A6%AE%E0%A6%95%E0%A7%83%E0%A6%B7%E0%A7%8D%E0%A6%A3_%E0%A6%95%E0%A6%A5%E0%A6%BE%E0%A6%AE%E0%A7%83%E0%A6%A4_%E0%A6%A4%E0%A7%83%E0%A6%A4%E0%A7%80%E0%A6%AF%E0%A6%BC_%E0%A6%AD%E0%A6%BE%E0%A6%97.djvu/%E0%A7%A9%E0%A7%AB%E0%A7%AE,https://www.ramakrishnavivekananda.info/kathamrita/unicodekathamrita/52_zr_kalipujaday_1007_1009.html
s0306,song,"মনেরি বাসনা শ্যামা শবাসনা শোন মা বলি,",Safe,,,,False,1,1885-11-06,52.44,Kathamrita Unicode edition (own copy),"Wikisource scan, unproofread",3,359,0.983,https://bn.wikisource.org/wiki/%E0%A6%AA%E0%A6%BE%E0%A6%A4%E0%A6%BE%3A%E0%A6%B6%E0%A7%8D%E0%A6%B0%E0%A7%80%E0%A6%B6%E0%A7%8D%E0%A6%B0%E0%A7%80%E0%A6%B0%E0%A6%BE%E0%A6%AE%E0%A6%95%E0%A7%83%E0%A6%B7%E0%A7%8D%E0%A6%A3_%E0%A6%95%E0%A6%A5%E0%A6%BE%E0%A6%AE%E0%A7%83%E0%A6%A4_%E0%A6%A4%E0%A7%83%E0%A6%A4%E0%A7%80%E0%A6%AF%E0%A6%BC_%E0%A6%AD%E0%A6%BE%E0%A6%97.djvu/%E0%A7%A9%E0%A7%AB%E0%A7%AF,https://www.ramakrishnavivekananda.info/kathamrita/unicodekathamrita/52_zr_kalipujaday_1007_1009.html
s0307,song,তোমারি করুণায় মা সকলি হইতে পারে।,Safe,,,,False,1,1885-11-06,52.44,Kathamrita Unicode edition (own copy),"Wikisource scan, unproofread",3,359,0.925,https://bn.wikisource.org/wiki/%E0%A6%AA%E0%A6%BE%E0%A6%A4%E0%A6%BE%3A%E0%A6%B6%E0%A7%8D%E0%A6%B0%E0%A7%80%E0%A6%B6%E0%A7%8D%E0%A6%B0%E0%A7%80%E0%A6%B0%E0%A6%BE%E0%A6%AE%E0%A6%95%E0%A7%83%E0%A6%B7%E0%A7%8D%E0%A6%A3_%E0%A6%95%E0%A6%A5%E0%A6%BE%E0%A6%AE%E0%A7%83%E0%A6%A4_%E0%A6%A4%E0%A7%83%E0%A6%A4%E0%A7%80%E0%A6%AF%E0%A6%BC_%E0%A6%AD%E0%A6%BE%E0%A6%97.djvu/%E0%A7%A9%E0%A7%AB%E0%A7%AF,https://www.ramakrishnavivekananda.info/kathamrita/unicodekathamrita/52_zr_kalipujaday_1007_1009.html
s0308,song,"শ্যামনামে প্রাণ পেয়ে ইতি উতি চায়,",Safe,,,,False,1,1886-03-11,53.6,Kathamrita Unicode edition (own copy),"Wikisource scan, unproofread",4,363,0.98,https://bn.wikisource.org/wiki/%E0%A6%AA%E0%A6%BE%E0%A6%A4%E0%A6%BE%3A%E0%A6%B6%E0%A7%8D%E0%A6%B0%E0%A7%80%E0%A6%B6%E0%A7%8D%E0%A6%B0%E0%A7%80%E0%A6%B0%E0%A6%BE%E0%A6%AE%E0%A6%95%E0%A7%83%E0%A6%B7%E0%A7%8D%E0%A6%A3_%E0%A6%95%E0%A6%A5%E0%A6%BE%E0%A6%AE%E0%A7%83%E0%A6%A4_%E0%A6%9A%E0%A6%A4%E0%A7%81%E0%A6%B0%E0%A7%8D%E0%A6%A5_%E0%A6%AD%E0%A6%BE%E0%A6%97.djvu/%E0%A7%A9%E0%A7%AC%E0%A7%A9,https://www.ramakrishnavivekananda.info/kathamrita/unicodekathamrita/53_f_advicetonarendra_1019_1021.html
s0309,song,নলিনীদলগতজলমতিতরলম্‌ তদ্বজ্জীবনমতিশয়চপলম্‌,Safe,,,,False,1,1886-03-15,53.9,Kathamrita Unicode edition (own copy),"Wikisource scan, unproofread",3,377,0.971,https://bn.wikisource.org/wiki/%E0%A6%AA%E0%A6%BE%E0%A6%A4%E0%A6%BE%3A%E0%A6%B6%E0%A7%8D%E0%A6%B0%E0%A7%80%E0%A6%B6%E0%A7%8D%E0%A6%B0%E0%A7%80%E0%A6%B0%E0%A6%BE%E0%A6%AE%E0%A6%95%E0%A7%83%E0%A6%B7%E0%A7%8D%E0%A6%A3_%E0%A6%95%E0%A6%A5%E0%A6%BE%E0%A6%AE%E0%A7%83%E0%A6%A4_%E0%A6%A4%E0%A7%83%E0%A6%A4%E0%A7%80%E0%A6%AF%E0%A6%BC_%E0%A6%AD%E0%A6%BE%E0%A6%97.djvu/%E0%A7%A9%E0%A7%AD%E0%A7%AD,https://www.ramakrishnavivekananda.info/kathamrita/unicodekathamrita/53_i_sriramakrishnaassociates_1024_1027.html
s0310,song,"কাহে সই, জিয়ত মরত কি বিধান!",Safe,,,,False,1,1886-03-15,53.9,Kathamrita Unicode edition (own copy),"Wikisource scan, unproofread",3,377,0.983,https://bn.wikisource.org/wiki/%E0%A6%AA%E0%A6%BE%E0%A6%A4%E0%A6%BE%3A%E0%A6%B6%E0%A7%8D%E0%A6%B0%E0%A7%80%E0%A6%B6%E0%A7%8D%E0%A6%B0%E0%A7%80%E0%A6%B0%E0%A6%BE%E0%A6%AE%E0%A6%95%E0%A7%83%E0%A6%B7%E0%A7%8D%E0%A6%A3_%E0%A6%95%E0%A6%A5%E0%A6%BE%E0%A6%AE%E0%A7%83%E0%A6%A4_%E0%A6%A4%E0%A7%83%E0%A6%A4%E0%A7%80%E0%A6%AF%E0%A6%BC_%E0%A6%AD%E0%A6%BE%E0%A6%97.djvu/%E0%A7%A9%E0%A7%AD%E0%A7%AD,https://www.ramakrishnavivekananda.info/kathamrita/unicodekathamrita/53_i_sriramakrishnaassociates_1024_1027.html
s0311,song,"তুমি আমার, আমার বঁধু, কি বলি (কি বলি তোমায় বলি নাথ)।",Safe,,,,False,1,1886-03-15,53.9,Kathamrita Unicode edition (own copy),"Wikisource scan, unproofread",3,378,0.955,https://bn.wikisource.org/wiki/%E0%A6%AA%E0%A6%BE%E0%A6%A4%E0%A6%BE%3A%E0%A6%B6%E0%A7%8D%E0%A6%B0%E0%A7%80%E0%A6%B6%E0%A7%8D%E0%A6%B0%E0%A7%80%E0%A6%B0%E0%A6%BE%E0%A6%AE%E0%A6%95%E0%A7%83%E0%A6%B7%E0%A7%8D%E0%A6%A3_%E0%A6%95%E0%A6%A5%E0%A6%BE%E0%A6%AE%E0%A7%83%E0%A6%A4_%E0%A6%A4%E0%A7%83%E0%A6%A4%E0%A7%80%E0%A6%AF%E0%A6%BC_%E0%A6%AD%E0%A6%BE%E0%A6%97.djvu/%E0%A7%A9%E0%A7%AD%E0%A7%AE,https://www.ramakrishnavivekananda.info/kathamrita/unicodekathamrita/53_i_sriramakrishnaassociates_1024_1027.html
s0312,verse,"প্রাগ্‌দেহস্থো যদাসং তব চরণযুগং নাশ্রিতো নার্চিতোঽহং,",Check,not a song,,,False,1,1886-04-12,53.11,Kathamrita Unicode edition (own copy),"Wikisource scan, unproofread",3,386,0.914,https://bn.wikisource.org/wiki/%E0%A6%AA%E0%A6%BE%E0%A6%A4%E0%A6%BE%3A%E0%A6%B6%E0%A7%8D%E0%A6%B0%E0%A7%80%E0%A6%B6%E0%A7%8D%E0%A6%B0%E0%A7%80%E0%A6%B0%E0%A6%BE%E0%A6%AE%E0%A6%95%E0%A7%83%E0%A6%B7%E0%A7%8D%E0%A6%A3_%E0%A6%95%E0%A6%A5%E0%A6%BE%E0%A6%AE%E0%A7%83%E0%A6%A4_%E0%A6%A4%E0%A7%83%E0%A6%A4%E0%A7%80%E0%A6%AF%E0%A6%BC_%E0%A6%AD%E0%A6%BE%E0%A6%97.djvu/%E0%A7%A9%E0%A7%AE%E0%A7%AC,https://www.ramakrishnavivekananda.info/kathamrita/unicodekathamrita/53_k_atkashipur_1031_1032.html
s0313,song,"ওই আসছে কিশোরী, ওই দেখ এলো",Safe,,,,False,1,1886-04-13,53.12,Kathamrita Unicode edition (own copy),"Wikisource scan, unproofread",3,391,0.875,https://bn.wikisource.org/wiki/%E0%A6%AA%E0%A6%BE%E0%A6%A4%E0%A6%BE%3A%E0%A6%B6%E0%A7%8D%E0%A6%B0%E0%A7%80%E0%A6%B6%E0%A7%8D%E0%A6%B0%E0%A7%80%E0%A6%B0%E0%A6%BE%E0%A6%AE%E0%A6%95%E0%A7%83%E0%A6%B7%E0%A7%8D%E0%A6%A3_%E0%A6%95%E0%A6%A5%E0%A6%BE%E0%A6%AE%E0%A7%83%E0%A6%A4_%E0%A6%A4%E0%A7%83%E0%A6%A4%E0%A7%80%E0%A6%AF%E0%A6%BC_%E0%A6%AD%E0%A6%BE%E0%A6%97.djvu/%E0%A7%A9%E0%A7%AF%E0%A7%A7,https://www.ramakrishnavivekananda.info/kathamrita/unicodekathamrita/53_l_ishwarkoti_1032_1036.html
s0314,song,"‘হরি খেলব আজ তোমার সনে,",Safe,,,,False,1,1886-04-13,53.12,Kathamrita Unicode edition (own copy),"Wikisource scan, unproofread",3,392,0.634,https://bn.wikisource.org/wiki/%E0%A6%AA%E0%A6%BE%E0%A6%A4%E0%A6%BE%3A%E0%A6%B6%E0%A7%8D%E0%A6%B0%E0%A7%80%E0%A6%B6%E0%A7%8D%E0%A6%B0%E0%A7%80%E0%A6%B0%E0%A6%BE%E0%A6%AE%E0%A6%95%E0%A7%83%E0%A6%B7%E0%A7%8D%E0%A6%A3_%E0%A6%95%E0%A6%A5%E0%A6%BE%E0%A6%AE%E0%A7%83%E0%A6%A4_%E0%A6%A4%E0%A7%83%E0%A6%A4%E0%A7%80%E0%A6%AF%E0%A6%BC_%E0%A6%AD%E0%A6%BE%E0%A6%97.djvu/%E0%A7%A9%E0%A7%AF%E0%A7%A8,https://www.ramakrishnavivekananda.info/kathamrita/unicodekathamrita/53_l_ishwarkoti_1032_1036.html
s0315,song,"আমার পাগল বাবা, পাগলী আমার মা।",Safe,,,,False,1,1886-04-18,53.17,Kathamrita Unicode edition (own copy),"Wikisource scan, unproofread",4,368,0.946,https://bn.wikisource.org/wiki/%E0%A6%AA%E0%A6%BE%E0%A6%A4%E0%A6%BE%3A%E0%A6%B6%E0%A7%8D%E0%A6%B0%E0%A7%80%E0%A6%B6%E0%A7%8D%E0%A6%B0%E0%A7%80%E0%A6%B0%E0%A6%BE%E0%A6%AE%E0%A6%95%E0%A7%83%E0%A6%B7%E0%A7%8D%E0%A6%A3_%E0%A6%95%E0%A6%A5%E0%A6%BE%E0%A6%AE%E0%A7%83%E0%A6%A4_%E0%A6%9A%E0%A6%A4%E0%A7%81%E0%A6%B0%E0%A7%8D%E0%A6%A5_%E0%A6%AD%E0%A6%BE%E0%A6%97.djvu/%E0%A7%A9%E0%A7%AC%E0%A7%AE,https://www.ramakrishnavivekananda.info/kathamrita/unicodekathamrita/53_q_buddha_1044_1046.html
s0316,song,ওঁ মনোবুদ্ধ্যহঙ্কারচিত্তানি নাহং ন চ শ্রোত্রজিহ্বে ন চ ঘ্রাণনেত্রে।,Safe,,,,False,4,1884-02-02,20.10,Kathamrita Unicode edition (own copy),"Wikisource scan, unproofread",4,110,0.914,https://bn.wikisource.org/wiki/%E0%A6%AA%E0%A6%BE%E0%A6%A4%E0%A6%BE%3A%E0%A6%B6%E0%A7%8D%E0%A6%B0%E0%A7%80%E0%A6%B6%E0%A7%8D%E0%A6%B0%E0%A7%80%E0%A6%B0%E0%A6%BE%E0%A6%AE%E0%A6%95%E0%A7%83%E0%A6%B7%E0%A7%8D%E0%A6%A3_%E0%A6%95%E0%A6%A5%E0%A6%BE%E0%A6%AE%E0%A7%83%E0%A6%A4_%E0%A6%9A%E0%A6%A4%E0%A7%81%E0%A6%B0%E0%A7%8D%E0%A6%A5_%E0%A6%AD%E0%A6%BE%E0%A6%97.djvu/%E0%A7%A7%E0%A7%A7%E0%A7%A6,https://www.ramakrishnavivekananda.info/kathamrita/unicodekathamrita/20_j_mahimacharan_386_387.html
s0317,song,"বেদান্তবাক্যেষু সদা রমন্তো, ভিক্ষান্নমাত্রেণ চ তুষ্টিমন্তঃ।",Safe,,,,False,2,1886-04-22,53.21,Kathamrita Unicode edition (own copy),"not found on Wikisource (Part 2, or scan text too noisy)",,,,,https://www.ramakrishnavivekananda.info/kathamrita/unicodekathamrita/53_u_withhirananda_1052_1055.html
s0318,song,"দেহাদিভাবং পরিবর্তয়ন্তঃ, স্বাত্মানমাত্মন্যবলোকয়ন্তঃ।",Safe,,,,False,1,1886-04-22,53.21,Kathamrita Unicode edition (own copy),"not found on Wikisource (Part 2, or scan text too noisy)",,,,,https://www.ramakrishnavivekananda.info/kathamrita/unicodekathamrita/53_u_withhirananda_1052_1055.html
s0319,song,পরিপূর্ণমানন্দম্‌।,Safe,,,,False,1,1886-04-22,53.21,Kathamrita Unicode edition (own copy),"not found on Wikisource (Part 2, or scan text too noisy)",,,,,https://www.ramakrishnavivekananda.info/kathamrita/unicodekathamrita/53_u_withhirananda_1052_1055.html
s0320,verse,‘সর্বং বস্তু ভয়ান্বিতং ভুবি নৃণাং বৈরাগ্যমেবাভয়ম্‌।’,Check,not a song,,,False,1,1884-06-15,54.4,Kathamrita Unicode edition (own copy),"Wikisource scan, unproofread",5,231,0.912,https://bn.wikisource.org/wiki/%E0%A6%AA%E0%A6%BE%E0%A6%A4%E0%A6%BE%3A%E0%A6%B6%E0%A7%8D%E0%A6%B0%E0%A7%80%E0%A6%B6%E0%A7%8D%E0%A6%B0%E0%A7%80%E0%A6%B0%E0%A6%BE%E0%A6%AE%E0%A6%95%E0%A7%83%E0%A6%B7%E0%A7%8D%E0%A6%A3_%E0%A6%95%E0%A6%A5%E0%A6%BE%E0%A6%AE%E0%A7%83%E0%A6%A4_%E0%A6%AA%E0%A6%9E%E0%A7%8D%E0%A6%9A%E0%A6%AE_%E0%A6%AD%E0%A6%BE%E0%A6%97.djvu/%E0%A7%A8%E0%A7%A9%E0%A7%A7,https://www.ramakrishnavivekananda.info/kathamrita/unicodekathamrita/54_d_karmayoga_1071_1076.html
s0321,verse,যং লব্‌ধ্বা চাপরং লাভং মন্যতে নাধিকং ততঃ।,Check,not a song,,,False,1,1884-06-15,54.4,Kathamrita Unicode edition (own copy),"Wikisource scan, unproofread",1,51,0.93,https://bn.wikisource.org/wiki/%E0%A6%AA%E0%A6%BE%E0%A6%A4%E0%A6%BE%3A%E0%A6%B6%E0%A7%8D%E0%A6%B0%E0%A7%80%E0%A6%B6%E0%A7%8D%E0%A6%B0%E0%A7%80%E0%A6%B0%E0%A6%BE%E0%A6%AE%E0%A6%95%E0%A7%83%E0%A6%B7%E0%A7%8D%E0%A6%A3_%E0%A6%95%E0%A6%A5%E0%A6%BE%E0%A6%AE%E0%A7%83%E0%A6%A4_%E0%A6%AA%E0%A7%8D%E0%A6%B0%E0%A6%A5%E0%A6%AE_%E0%A6%AD%E0%A6%BE%E0%A6%97.djvu/%E0%A7%AB%E0%A7%A7,https://www.ramakrishnavivekananda.info/kathamrita/unicodekathamrita/54_d_karmayoga_1071_1076.html
s0322,verse,কর্মণৈব হি সংসিদ্ধিমাস্থিতা জনকাদয়ঃ।,Check,not a song,,,False,1,1884-06-15,54.8,Kathamrita Unicode edition (own copy),"Wikisource scan, unproofread",5,247,0.852,https://bn.wikisource.org/wiki/%E0%A6%AA%E0%A6%BE%E0%A6%A4%E0%A6%BE%3A%E0%A6%B6%E0%A7%8D%E0%A6%B0%E0%A7%80%E0%A6%B6%E0%A7%8D%E0%A6%B0%E0%A7%80%E0%A6%B0%E0%A6%BE%E0%A6%AE%E0%A6%95%E0%A7%83%E0%A6%B7%E0%A7%8D%E0%A6%A3_%E0%A6%95%E0%A6%A5%E0%A6%BE%E0%A6%AE%E0%A7%83%E0%A6%A4_%E0%A6%AA%E0%A6%9E%E0%A7%8D%E0%A6%9A%E0%A6%AE_%E0%A6%AD%E0%A6%BE%E0%A6%97.djvu/%E0%A7%A8%E0%A7%AA%E0%A7%AD,https://www.ramakrishnavivekananda.info/kathamrita/unicodekathamrita/54_h_karmayoga_1082_1084.html
s0323,verse,যদা যদা হি ধর্মস্য গ্লানির্ভবতি ভারত।,Check,not a song,,,False,1,1884-06-15,54.10,Kathamrita Unicode edition (own copy),"Wikisource scan, unproofread",3,8,0.891,https://bn.wikisource.org/wiki/%E0%A6%AA%E0%A6%BE%E0%A6%A4%E0%A6%BE%3A%E0%A6%B6%E0%A7%8D%E0%A6%B0%E0%A7%80%E0%A6%B6%E0%A7%8D%E0%A6%B0%E0%A7%80%E0%A6%B0%E0%A6%BE%E0%A6%AE%E0%A6%95%E0%A7%83%E0%A6%B7%E0%A7%8D%E0%A6%A3_%E0%A6%95%E0%A6%A5%E0%A6%BE%E0%A6%AE%E0%A7%83%E0%A6%A4_%E0%A6%A4%E0%A7%83%E0%A6%A4%E0%A7%80%E0%A6%AF%E0%A6%BC_%E0%A6%AD%E0%A6%BE%E0%A6%97.djvu/%E0%A7%AE,https://www.ramakrishnavivekananda.info/kathamrita/unicodekathamrita/54_j_ramakrishnavivekananda_1086_1097.html
s0324,song,"খণ্ডন ভব-বন্ধন, জগ-বন্দন বন্দি তোমায়।",Safe,,Swami Vivekananda,কথামৃতের বর্ণনা: “স্বামীজী রচিত”,False,1,1884-06-15,54.10,Kathamrita Unicode edition (own copy),"Wikisource scan, unproofread",5,266,0.872,https://bn.wikisource.org/wiki/%E0%A6%AA%E0%A6%BE%E0%A6%A4%E0%A6%BE%3A%E0%A6%B6%E0%A7%8D%E0%A6%B0%E0%A7%80%E0%A6%B6%E0%A7%8D%E0%A6%B0%E0%A7%80%E0%A6%B0%E0%A6%BE%E0%A6%AE%E0%A6%95%E0%A7%83%E0%A6%B7%E0%A7%8D%E0%A6%A3_%E0%A6%95%E0%A6%A5%E0%A6%BE%E0%A6%AE%E0%A7%83%E0%A6%A4_%E0%A6%AA%E0%A6%9E%E0%A7%8D%E0%A6%9A%E0%A6%AE_%E0%A6%AD%E0%A6%BE%E0%A6%97.djvu/%E0%A7%A8%E0%A7%AC%E0%A7%AC,https://www.ramakrishnavivekananda.info/kathamrita/unicodekathamrita/54_j_ramakrishnavivekananda_1086_1097.html
s0325,verse,আচণ্ডালাপ্রতিহতরয়ো যস্য প্রেমপ্রবাহো,Check,not a song,,,False,1,1884-06-15,54.10,Kathamrita Unicode edition (own copy),"Wikisource scan, unproofread",5,267,0.738,https://bn.wikisource.org/wiki/%E0%A6%AA%E0%A6%BE%E0%A6%A4%E0%A6%BE%3A%E0%A6%B6%E0%A7%8D%E0%A6%B0%E0%A7%80%E0%A6%B6%E0%A7%8D%E0%A6%B0%E0%A7%80%E0%A6%B0%E0%A6%BE%E0%A6%AE%E0%A6%95%E0%A7%83%E0%A6%B7%E0%A7%8D%E0%A6%A3_%E0%A6%95%E0%A6%A5%E0%A6%BE%E0%A6%AE%E0%A7%83%E0%A6%A4_%E0%A6%AA%E0%A6%9E%E0%A7%8D%E0%A6%9A%E0%A6%AE_%E0%A6%AD%E0%A6%BE%E0%A6%97.djvu/%E0%A7%A8%E0%A7%AC%E0%A7%AD,https://www.ramakrishnavivekananda.info/kathamrita/unicodekathamrita/54_j_ramakrishnavivekananda_1086_1097.html
s0326,song,ওঁ হ্রীং ঋতং ত্বমচলো গুণজিৎ গুণেড্যো।,Safe,,,,False,1,1884-06-15,54.10,Kathamrita Unicode edition (own copy),"Wikisource scan, unproofread",5,268,0.889,https://bn.wikisource.org/wiki/%E0%A6%AA%E0%A6%BE%E0%A6%A4%E0%A6%BE%3A%E0%A6%B6%E0%A7%8D%E0%A6%B0%E0%A7%80%E0%A6%B6%E0%A7%8D%E0%A6%B0%E0%A7%80%E0%A6%B0%E0%A6%BE%E0%A6%AE%E0%A6%95%E0%A7%83%E0%A6%B7%E0%A7%8D%E0%A6%A3_%E0%A6%95%E0%A6%A5%E0%A6%BE%E0%A6%AE%E0%A7%83%E0%A6%A4_%E0%A6%AA%E0%A6%9E%E0%A7%8D%E0%A6%9A%E0%A6%AE_%E0%A6%AD%E0%A6%BE%E0%A6%97.djvu/%E0%A7%A8%E0%A7%AC%E0%A7%AE,https://www.ramakrishnavivekananda.info/kathamrita/unicodekathamrita/54_j_ramakrishnavivekananda_1086_1097.html
s0327,verse,ওঁ স্থাপকায় চ ধর্মস্য সর্বধর্মস্বরূপিণে।,Check,not a song,,,False,1,1884-06-15,54.10,Kathamrita Unicode edition (own copy),"Wikisource scan, unproofread",5,268,0.925,https://bn.wikisource.org/wiki/%E0%A6%AA%E0%A6%BE%E0%A6%A4%E0%A6%BE%3A%E0%A6%B6%E0%A7%8D%E0%A6%B0%E0%A7%80%E0%A6%B6%E0%A7%8D%E0%A6%B0%E0%A7%80%E0%A6%B0%E0%A6%BE%E0%A6%AE%E0%A6%95%E0%A7%83%E0%A6%B7%E0%A7%8D%E0%A6%A3_%E0%A6%95%E0%A6%A5%E0%A6%BE%E0%A6%AE%E0%A7%83%E0%A6%A4_%E0%A6%AA%E0%A6%9E%E0%A7%8D%E0%A6%9A%E0%A6%AE_%E0%A6%AD%E0%A6%BE%E0%A6%97.djvu/%E0%A7%A8%E0%A7%AC%E0%A7%AE,https://www.ramakrishnavivekananda.info/kathamrita/unicodekathamrita/54_j_ramakrishnavivekananda_1086_1097.html
s0328,song,হরিনাম নিসে রে জীব যদি সুখে থাকবি।,Safe,,,,True,1,1881-01-01,55.2,Kathamrita Unicode edition (own copy),"Wikisource scan, unproofread",5,289,0.984,https://bn.wikisource.org/wiki/%E0%A6%AA%E0%A6%BE%E0%A6%A4%E0%A6%BE%3A%E0%A6%B6%E0%A7%8D%E0%A6%B0%E0%A7%80%E0%A6%B6%E0%A7%8D%E0%A6%B0%E0%A7%80%E0%A6%B0%E0%A6%BE%E0%A6%AE%E0%A6%95%E0%A7%83%E0%A6%B7%E0%A7%8D%E0%A6%A3_%E0%A6%95%E0%A6%A5%E0%A6%BE%E0%A6%AE%E0%A7%83%E0%A6%A4_%E0%A6%AA%E0%A6%9E%E0%A7%8D%E0%A6%9A%E0%A6%AE_%E0%A6%AD%E0%A6%BE%E0%A6%97.djvu/%E0%A7%A8%E0%A7%AE%E0%A7%AF,https://www.ramakrishnavivekananda.info/kathamrita/unicodekathamrita/55_b_keshab_1099_1101.html
s0329,song,হৃদয় পরশমনী আমার —,Safe,,,,False,1,1881,56.1,Kathamrita Unicode edition (own copy),"Wikisource scan, unproofread",5,294,0.857,https://bn.wikisource.org/wiki/%E0%A6%AA%E0%A6%BE%E0%A6%A4%E0%A6%BE%3A%E0%A6%B6%E0%A7%8D%E0%A6%B0%E0%A7%80%E0%A6%B6%E0%A7%8D%E0%A6%B0%E0%A7%80%E0%A6%B0%E0%A6%BE%E0%A6%AE%E0%A6%95%E0%A7%83%E0%A6%B7%E0%A7%8D%E0%A6%A3_%E0%A6%95%E0%A6%A5%E0%A6%BE%E0%A6%AE%E0%A7%83%E0%A6%A4_%E0%A6%AA%E0%A6%9E%E0%A7%8D%E0%A6%9A%E0%A6%AE_%E0%A6%AD%E0%A6%BE%E0%A6%97.djvu/%E0%A7%A8%E0%A7%AF%E0%A7%AA,https://www.ramakrishnavivekananda.info/kathamrita/unicodekathamrita/56_a_surendra_1102_1104.html
s0330,song,জয় জয় আনন্দময়ী ব্রহ্মরূপিণী।,Safe,,,,False,1,1881-12-03,56.3,Kathamrita Unicode edition (own copy),"Wikisource scan, unproofread",5,297,0.95,https://bn.wikisource.org/wiki/%E0%A6%AA%E0%A6%BE%E0%A6%A4%E0%A6%BE%3A%E0%A6%B6%E0%A7%8D%E0%A6%B0%E0%A7%80%E0%A6%B6%E0%A7%8D%E0%A6%B0%E0%A7%80%E0%A6%B0%E0%A6%BE%E0%A6%AE%E0%A6%95%E0%A7%83%E0%A6%B7%E0%A7%8D%E0%A6%A3_%E0%A6%95%E0%A6%A5%E0%A6%BE%E0%A6%AE%E0%A7%83%E0%A6%A4_%E0%A6%AA%E0%A6%9E%E0%A7%8D%E0%A6%9A%E0%A6%AE_%E0%A6%AD%E0%A6%BE%E0%A6%97.djvu/%E0%A7%A8%E0%A7%AF%E0%A7%AD,https://www.ramakrishnavivekananda.info/kathamrita/unicodekathamrita/56_c_manomohan_1105_1107.html
s0331,song,"তাথৈয়া তাথৈয়া নাচে ভোলা, বববম্‌, বাজে গাল।",Safe,,,,False,2,1887-02-21,59.1,Kathamrita Unicode edition (own copy),"Wikisource scan, unproofread",4,371,0.873,https://bn.wikisource.org/wiki/%E0%A6%AA%E0%A6%BE%E0%A6%A4%E0%A6%BE%3A%E0%A6%B6%E0%A7%8D%E0%A6%B0%E0%A7%80%E0%A6%B6%E0%A7%8D%E0%A6%B0%E0%A7%80%E0%A6%B0%E0%A6%BE%E0%A6%AE%E0%A6%95%E0%A7%83%E0%A6%B7%E0%A7%8D%E0%A6%A3_%E0%A6%95%E0%A6%A5%E0%A6%BE%E0%A6%AE%E0%A7%83%E0%A6%A4_%E0%A6%9A%E0%A6%A4%E0%A7%81%E0%A6%B0%E0%A7%8D%E0%A6%A5_%E0%A6%AD%E0%A6%BE%E0%A6%97.djvu/%E0%A7%A9%E0%A7%AD%E0%A7%A7,https://www.ramakrishnavivekananda.info/kathamrita/unicodekathamrita/59_a_shivaratri_1128_1131.html
s0332,song,"শিব শঙ্কর বম্‌ বম্‌ (ভোলা), কৈলাসপতি মহারাজরাজ!",Safe,,,,False,1,1887-02-21,59.1,Kathamrita Unicode edition (own copy),"Wikisource scan, unproofread",4,372,0.957,https://bn.wikisource.org/wiki/%E0%A6%AA%E0%A6%BE%E0%A6%A4%E0%A6%BE%3A%E0%A6%B6%E0%A7%8D%E0%A6%B0%E0%A7%80%E0%A6%B6%E0%A7%8D%E0%A6%B0%E0%A7%80%E0%A6%B0%E0%A6%BE%E0%A6%AE%E0%A6%95%E0%A7%83%E0%A6%B7%E0%A7%8D%E0%A6%A3_%E0%A6%95%E0%A6%A5%E0%A6%BE%E0%A6%AE%E0%A7%83%E0%A6%A4_%E0%A6%9A%E0%A6%A4%E0%A7%81%E0%A6%B0%E0%A7%8D%E0%A6%A5_%E0%A6%AD%E0%A6%BE%E0%A6%97.djvu/%E0%A7%A9%E0%A7%AD%E0%A7%A8,https://www.ramakrishnavivekananda.info/kathamrita/unicodekathamrita/59_a_shivaratri_1128_1131.html
s0333,song,মন চল নিজ নিকেতনে।,Safe,,,,False,1,1887-04-08,59.3,Kathamrita Unicode edition (own copy),"Wikisource scan, unproofread",3,402,0.978,https://bn.wikisource.org/wiki/%E0%A6%AA%E0%A6%BE%E0%A6%A4%E0%A6%BE%3A%E0%A6%B6%E0%A7%8D%E0%A6%B0%E0%A7%80%E0%A6%B6%E0%A7%8D%E0%A6%B0%E0%A7%80%E0%A6%B0%E0%A6%BE%E0%A6%AE%E0%A6%95%E0%A7%83%E0%A6%B7%E0%A7%8D%E0%A6%A3_%E0%A6%95%E0%A6%A5%E0%A6%BE%E0%A6%AE%E0%A7%83%E0%A6%A4_%E0%A6%A4%E0%A7%83%E0%A6%A4%E0%A7%80%E0%A6%AF%E0%A6%BC_%E0%A6%AD%E0%A6%BE%E0%A6%97.djvu/%E0%A7%AA%E0%A7%A6%E0%A7%A8,https://www.ramakrishnavivekananda.info/kathamrita/unicodekathamrita/59_c_narendra_1136_1141.html
s0334,song,"জয় শিব ওঁকার, ভজ শিব ওঁকার।",Safe,,,,False,1,1887-05-07,59.4,Kathamrita Unicode edition (own copy),"not found on Wikisource (Part 2, or scan text too noisy)",,,,,https://www.ramakrishnavivekananda.info/kathamrita/unicodekathamrita/59_d_indevoteesheart_1141_1154.html
s0335,song,ঈশ্বরঃ সর্বভূতানাং হৃদ্দেশেঽর্জুন তিষ্ঠতি।,Safe,,,,False,2,1887-05-07,59.4,Kathamrita Unicode edition (own copy),"not found on Wikisource (Part 2, or scan text too noisy)",,,,,https://www.ramakrishnavivekananda.info/kathamrita/unicodekathamrita/59_d_indevoteesheart_1141_1154.html
s0336,song,ব্রহ্মানন্দং পরমসুখদং কেবলং জ্ঞানমূর্তিং।,Safe,,,,False,1,1887-05-07,59.4,Kathamrita Unicode edition (own copy),"not found on Wikisource (Part 2, or scan text too noisy)",,,,,https://www.ramakrishnavivekananda.info/kathamrita/unicodekathamrita/59_d_indevoteesheart_1141_1154.html
s0337,song,ন গুরোরধিকং ন গুরোরধিকং। শিবশাসনতঃ শিবশাসনতঃ ॥,Safe,,,,False,1,1887-05-07,59.4,Kathamrita Unicode edition (own copy),"not found on Wikisource (Part 2, or scan text too noisy)",,,,,https://www.ramakrishnavivekananda.info/kathamrita/unicodekathamrita/59_d_indevoteesheart_1141_1154.html
s0338,song,"পৃথ্বীর ধূলিতে দেব মোদের জনম,",Safe,,,,False,1,1887-05-08,59.5,Kathamrita Unicode edition (own copy),"not found on Wikisource (Part 2, or scan text too noisy)",,,,,https://www.ramakrishnavivekananda.info/kathamrita/unicodekathamrita/59_e_narendrawithbrothers_1154_1160.html
s0339,song,"প্রভু ম্যয় গোলাম, ম্যয় গোলাম, ম্যয় গোলাম তেরা।",Safe,,,,False,1,1887-05-08,59.5,Kathamrita Unicode edition (own copy),"not found on Wikisource (Part 2, or scan text too noisy)",,,,,https://www.ramakrishnavivekananda.info/kathamrita/unicodekathamrita/59_e_narendrawithbrothers_1154_1160.html
s0340,song,‘যত্তে দক্ষিনং মুখং তেন মাং পাহি নিত্যম্‌ —’,Safe,,,,False,1,1887-05-08,59.5,Kathamrita Unicode edition (own copy),"not found on Wikisource (Part 2, or scan text too noisy)",,,,,https://www.ramakrishnavivekananda.info/kathamrita/unicodekathamrita/59_e_narendrawithbrothers_1154_1160.html
s0341,song,নামেরই ভরসা কেবল শ্যামা গো তোমার।,Safe,,,,True,1,1887-05-08,59.5,Kathamrita Unicode edition (own copy),"not found on Wikisource (Part 2, or scan text too noisy)",,,,,https://www.ramakrishnavivekananda.info/kathamrita/unicodekathamrita/59_e_narendrawithbrothers_1154_1160.html
s0342,song,"আমরা যে শিশু অতি, অতি ক্ষুদ্র মন।",Safe,,,,True,1,1887-05-08,59.5,Kathamrita Unicode edition (own copy),"not found on Wikisource (Part 2, or scan text too noisy)",,,,,https://www.ramakrishnavivekananda.info/kathamrita/unicodekathamrita/59_e_narendrawithbrothers_1154_1160.html
s0343,song,মোকো কাঁহা ঢুঁঢ়ো বন্দে ম্যয়তো তেরে পাশ মো।,Safe,,,,False,1,1887-05-08,59.5,Kathamrita Unicode edition (own copy),"not found on Wikisource (Part 2, or scan text too noisy)",,,,,https://www.ramakrishnavivekananda.info/kathamrita/unicodekathamrita/59_e_narendrawithbrothers_1154_1160.html
s0344,song,"জয় দেব জয় দেব জয় মঙ্গলদাতা, জয় জয় মঙ্গলদাতা।",Safe,,,,False,1,1887-05-08,59.5,Kathamrita Unicode edition (own copy),"not found on Wikisource (Part 2, or scan text too noisy)",,,,,https://www.ramakrishnavivekananda.info/kathamrita/unicodekathamrita/59_e_narendrawithbrothers_1154_1160.html
s0345,song,"পীলেরে অবধূত হো মাতবারা, প্যালা প্রেম হরিরস কা রে।",Safe,,,,False,2,1887-05-08,59.5,Kathamrita Unicode edition (own copy),"not found on Wikisource (Part 2, or scan text too noisy)",,,,,https://www.ramakrishnavivekananda.info/kathamrita/unicodekathamrita/59_e_narendrawithbrothers_1154_1160.html
s0346,song,"বাল্যে দুঃখাতিরেকো মললুলিতবপুঃ স্তন্যপানে পিপাসা,",Safe,,,,False,1,1887-05-08,59.5,Kathamrita Unicode edition (own copy),"not found on Wikisource (Part 2, or scan text too noisy)",,,,,https://www.ramakrishnavivekananda.info/kathamrita/unicodekathamrita/59_e_narendrawithbrothers_1154_1160.html
s0347,verse,অমেধ্যপূর্ণে কৃমিজালসঙ্কুলে স্বভাবদুর্গন্ধে নিরন্তকান্তরে।,Check,not a song,,,False,1,1887-05-08,59.5,Kathamrita Unicode edition (own copy),"not found on Wikisource (Part 2, or scan text too noisy)",,,,,https://www.ramakrishnavivekananda.info/kathamrita/unicodekathamrita/59_e_narendrawithbrothers_1154_1160.html
s0348,song,ওঁকারমূলং পরমং পদান্তরং গায়ত্রীসাবিত্রীসুভাষিতান্তরং।,Safe,,,,False,1,1887-05-08,59.5,Kathamrita Unicode edition (own copy),"not found on Wikisource (Part 2, or scan text too noisy)",,,,,https://www.ramakrishnavivekananda.info/kathamrita/unicodekathamrita/59_e_narendrawithbrothers_1154_1160.html
s0349,song,"ছাড় মোহ — ছাড়রে কুমন্ত্রণা, জান তাঁরে তবে যাবে যন্ত্রণা ॥",Safe,,,,False,2,1887-05-08,59.5,Kathamrita Unicode edition (own copy),"not found on Wikisource (Part 2, or scan text too noisy)",,,,,https://www.ramakrishnavivekananda.info/kathamrita/unicodekathamrita/59_e_narendrawithbrothers_1154_1160.html
s0350,song,ওমিতি জ্ঞানরূপেণ রাগাজীর্ণেন জীর্যতঃ।,Safe,,,,False,1,1887-05-08,59.5,Kathamrita Unicode edition (own copy),"not found on Wikisource (Part 2, or scan text too noisy)",,,,,https://www.ramakrishnavivekananda.info/kathamrita/unicodekathamrita/59_e_narendrawithbrothers_1154_1160.html
