id,kind,first_line,composer,sung_by_thakur,occurrence_count,singer_hint,chapter,section,section_title,date_bn,date_iso,page_url,context_before,full_lyrics
s0001,song,ডাক দেখি মন ডাকার মতো কেমন শ্যামা থাকতে পারে।,,True,1,ঠাকুর,2,5,ভক্তির উপায়,১৮৮২ মার্চ,1882-03,https://www.ramakrishnavivekananda.info/kathamrita/unicodekathamrita/02_e_wayofdevotion_19_21.html,"ীরামকৃষ্ণ — খুব ব্যাকুল হয়ে কাঁদলে তাঁকে দেখা যায়। মাগছেলের জন্য লোকে একঘটি কাঁদে, টাকার জন্য লোকে কেঁদে ভাসিয়ে দেয়, কিন্তু ঈশ্বরের জন্য কে কাঁদছে? ডাকার মতো ডাকতে হয়। এই বলিয়া ঠাকুর গান ধরিলেন:","“ডাক দেখি মন ডাকার মতো কেমন শ্যামা থাকতে পারে।
কেমন শ্যামা থাকতে পারে, কেমন কালী থাকতে পারে॥
মন যদি একান্ত হও, জবা বিল্বদল লও,
ভক্তি-চন্দন মিশাইয়ে (মার) পদে পুষ্পাঞ্জলি দাও॥"
s0002,song,আমি দুর্গা দুর্গা বলে মা যদি মরি।,,True,6,ঠাকুর | দীক্ষিত,2,7,উপায় — বিশ্বাস,১৮৮২ মার্চ,1882-03,https://www.ramakrishnavivekananda.info/kathamrita/unicodekathamrita/02_g_solutionisfaith_25_27.html,"্মণ, স্ত্রী হত্যা করে, তবুও ভগবানে এই বিশ্বাসের বলে ভারী ভারী পাপ থেকে উদ্ধার হতে পারে। সে যদি বলে আর আমি এমন কাজ করব না, তার কিছুতেই ভয় হয় না।” এই বলিয়া ঠাকুর গান ধরিলেন: [মহাপাতক ও নামমাহাত্ম্য ]","আমি দুর্গা দুর্গা বলে মা যদি মরি।
আখেরে এ দীনে না তারো কেমনে, জানা যাবে গো শংকরী ॥
নাশি গো ব্রাহ্মণ, হত্যা করি ভ্রূণ, সুরাপানাদি বিনাশী নারী।
এ-সব পাতক না ভাবি তিলেক, (ও মা) ব্রহ্মপদ নিতে পারি ॥"
s0003,verse,"সব মানুষ মরে যাবে,",,False,1,,2,7,উপায় — বিশ্বাস,১৮৮২ মার্চ,1882-03,https://www.ramakrishnavivekananda.info/kathamrita/unicodekathamrita/02_g_solutionisfaith_25_27.html,"াস্টার — আজ্ঞে হাঁ, ইংরেজীতে ন্যায়শাস্ত্র (Logic) আছে। শ্রীরামকৃষ্ণ — আচ্ছা, কিরকম একটু বল দেখি। মাস্টার এইবার মুশকিলে পড়িলেন। বলিলেন, একরকম আছে সাধারণ সিদ্ধান্ত থেকে বিশেষ সিদ্ধান্তে পৌঁছানো। যেমন:","সব মানুষ মরে যাবে,
পণ্ডিতেরা মানুষ,
অতএব পণ্ডিতেরা মরে যাবে।"
s0004,verse,"এ কাকটা কালো,",,False,1,,2,7,উপায় — বিশ্বাস,১৮৮২ মার্চ,1882-03,https://www.ramakrishnavivekananda.info/kathamrita/unicodekathamrita/02_g_solutionisfaith_25_27.html,"কিরকম একটু বল দেখি। মাস্টার এইবার মুশকিলে পড়িলেন। বলিলেন, একরকম আছে সাধারণ সিদ্ধান্ত থেকে বিশেষ সিদ্ধান্তে পৌঁছানো। যেমন:  “আর একরকম আছে, বিশেষ দৃষ্টান্ত বা ঘটনা দেখে সাধারণ সিদ্ধান্তে পৌঁছানো। যেমন:","এ কাকটা কালো,
ও কাকটা কালো
(আবার) যত কাক দেখছি সবই কালো,
অতএব সব কাকই কালো।"
s0005,song,চিন্তয় মম মানস হরি চিদঘন নিরঞ্জন।,,False,4,নরেন্দ্র কীর্তন | নরেন্দ্র,2,8,সমাধি মন্দিরে,১৮৮২ মার্চ,1882-03,https://www.ramakrishnavivekananda.info/kathamrita/unicodekathamrita/02_h_samadhi_27_28.html,"বলিলেন, এর নাম সমাধি! মাস্টার এরূপ কখনও দেখেন নাই, শুনেন নাই। অবাক্‌ হইয়া তিনি ভাবিতেছেন, ভগবানকে চিন্তা করিয়া মানুষ কি এত বাহ্যজ্ঞানশূন্য হয়? না জানি কতদূর বিশ্বাস-ভক্তি থাকলে এরূপ হয়। গানটি এই:","চিন্তয় মম মানস হরি চিদঘন নিরঞ্জন;
কিবা অনুপম ভাতি, মোহন মূরতি, ভকত-হৃদয়-রঞ্জন।
নবরাগে রঞ্জিত, কোটি শশী-বিনিন্দিত,
(কিবা) বিজলি চমকে, সেরূপ আলোকে, পুলকে শিহরে জীবন।
হৃদি-কমলাসনে ভাব তাঁর চরণ,
দেখ শান্ত মনে, প্রেমনয়নে, অপরূপ প্রিয়দর্শন।
চিদানন্দরসে, ভক্তিযোগাবেশে, হও রে চিরমগন।"
s0006,song,"চিদানন্দরসে, ভক্তিযোগাবেশে, হও রে চিরমগন ৷",,False,1,নরেন্দ্র,2,8,সমাধি মন্দিরে,১৮৮২ মার্চ,1882-03,https://www.ramakrishnavivekananda.info/kathamrita/unicodekathamrita/02_h_samadhi_27_28.html,চলিতেছে: আবার সেই ভুবনমোহন হাস্য! শরীর সেইরূপ নিস্পন্দ! স্তিমিত লোচন! কিন্তু কি যেন অপরূপ রূপদর্শন করিতেছেন! আর সেই অপরূপ রূপদর্শন করিয়া যেন মহানন্দে ভাসিতেছেন! এইবার গানের শেষ হইল। নরেন্দ্র গাইলেন:,"চিদানন্দরসে, ভক্তিযোগাবেশে, হও রে চিরমগন ৷
(চিদানন্দরসে, হায় রে) (প্রেমানন্দরসে) ॥"
s0007,song,আমার কি ফলের অভাব ৷,,True,1,,2,9,চতুর্থ দর্শন,১৮৮২ মার্চ,1882-03,https://www.ramakrishnavivekananda.info/kathamrita/unicodekathamrita/02_i_fourthvisit_29_30.html,্তম্ভ থেকে ব্রহ্মাস্ত্র নিয়ে পালাচ্ছে তখন মন্দোদরী অনেকরকম ফল নিয়ে লোভ দেখাতে লাগল। ভাবলে ফলের লোভে নেমে এসে অস্ত্রটা যদি ফেলে দেয়; কিন্তু হনুমান ভুলবার ছেলে নয়; সে বললে: [গীত – ‘শ্রীরামকল্পতরু’ ],"আমার কি ফলের অভাব ৷
পেয়েছি যে ফল, জনম সফল,
মোক্ষ-ফলের বৃক্ষ রাম হৃদয়ে ॥
শ্রীরামকল্পতরুমূলে বসে রই —
যখন যে ফল বাঞ্ছা সেই ফল প্রাপ্ত হই ।
ফলের কথা কই, (ধনি গো), ও ফল গ্রাহক নই;
যাব তোদের প্রতিফল যে দিয়ে ॥"
s0008,song,"কে জানে কালী কেমন, ষড় দর্শনে না পায় দরশন।",,True,7,ঠাকুর | ঠাকুর (implied) | আস্তে আস্তে | ঠাকুরের,3,1,শ্রীরামকৃষ্ণের বলরাম-মন্দিরে ভক্তসঙ্গে প্রেমানন্দে নৃত্য,"১৮৮২, ১১ই মার্চ",1882-03-11,https://www.ramakrishnavivekananda.info/kathamrita/unicodekathamrita/03_a_atbalaramhome_33_35.html,"বলিলেন, “ভজনানন্দ, ব্রহ্মানন্দ, এই আনন্দই সুরা; প্রেমের সুরা। মানবজীবনের উদ্দেশ্য ঈশ্বরে প্রেম, ঈশ্বরকে ভালবাসা। ভক্তিই সার, জ্ঞানবিচার করে ঈশ্বরকে জানা বড়ই কঠিন।” এই বলিয়া ঠাকুর গান গাহিতে লাগিলেন:","কে জানে কালী কেমন?
ষড় দর্শনে না পায় দরশন ॥
মূলাধারে সহস্রারে সদা যোগী করে মনন ।
কালী পদ্মবনে হংস-সনে, হংসীরূপে করে রমণ ॥
আত্মারামের আত্মা কালী প্রমাণ প্রণবের মতন ।
তিনি ঘটে ঘটে বিরাজ করেন, ইচ্ছাময়ীর ইচ্ছা যেমন ॥
মায়ের উদরে ব্রহ্মাণ্ড ভাণ্ড, প্রকাণ্ড তা জানো কেমন ।
মহাকাল জেনেছেন কালীর মর্ম, অন্য কেবা জানে তেমন ॥
প্রসাদ ভাষে লোকে হাসে, সন্তরণে সিন্ধু-তরণ ।
আমার মন বুঝেছে প্রাণ বুঝে না ধরবে শশী হয়ে বামন ॥"
s0009,song,"দেখে এলাম এক নবীন রাখাল,",,True,1,ঠাকুর,3,1,শ্রীরামকৃষ্ণের বলরাম-মন্দিরে ভক্তসঙ্গে প্রেমানন্দে নৃত্য,"১৮৮২, ১১ই মার্চ",1882-03-11,https://www.ramakrishnavivekananda.info/kathamrita/unicodekathamrita/03_a_atbalaramhome_33_35.html,"া — এইটি জীবনের উদ্দেশ্য; যেমন বৃন্দাবনে গোপ-গোপীরা, রাখালরা শ্রীকৃষ্ণকে ভালবাসত। যখন শ্রীকৃষ্ণ মথুরায় গেলেন, রাখালেরা তাঁর বিরহে কেঁদে কেঁদে বেড়াত। এই বলিয়া ঠাকুর ঊর্ধ্বদৃষ্টি হইয়া গান গাহিতেছেন:","দেখে এলাম এক নবীন রাখাল,
নবীন তরুর ডাল ধরে,
নবীন বৎস কোলে করে,
বলে, কোথা রে ভাই কানাই।
আবার, কা বই কানাই বেরোয় না রে,
বলে কোথা রে ভাই,
আর নয়ন-জলে ভেসে যায়।"
s0010,song,"সুরা পান করি না আমি সুধা খাই জয় কালী বলে,",,True,3,ঠাকুর (implied),3,3,কমলকুটিরে শ্রীরামকৃষ্ণ ও শ্রীযুক্ত কেশব সেন,"১৮৮২, ২রা এপ্রিল",1882-04-02,https://www.ramakrishnavivekananda.info/kathamrita/unicodekathamrita/03_c_atkamalkutir_38_43.html,"েছেন। গান গাইতে গাইতে সন্ধ্যার বাতি জ্বালা হইল, গান চলিতে লাগিল। গান শুনিতে শুনিতে ঠাকুর হঠাৎ দণ্ডায়মান — আর মার নাম করিতে করিতে সমাধিস্থ। কিঞ্চিৎ প্রকৃতিস্থ হইয়া নিজেই নৃত্য করিতে করিতে গান ধরিলেন:","সুরাপান করি না আমি, সুধা খাই জয়কালী বলে,
মন মাতালে মাতাল করে, মদ মাতালে মাতাল বলে।
গুরুদত্ত গুড় লয়ে, প্রবৃত্তি তায় মশলা দিয়ে (মা)
জ্ঞান শুঁড়িতে চুয়ার ভাঁটি, পাল করে মোর মন মাতালে।
মূলমন্ত্র যন্ত্র ভরা, শোধন করি বলে তারা,
প্রসাদ বলে এমন সুরা, খেলে চতুর্বর্গ মেলে।"
s0011,song,কথা বলতে ডরাই; না বললেও ডরাই ৷,,True,3,ঠাকুর (implied),3,3,কমলকুটিরে শ্রীরামকৃষ্ণ ও শ্রীযুক্ত কেশব সেন,"১৮৮২, ২রা এপ্রিল",1882-04-02,https://www.ramakrishnavivekananda.info/kathamrita/unicodekathamrita/03_c_atkamalkutir_38_43.html,"নৃত্য করিতে করিতে গান ধরিলেন:  শ্রীযুক্ত কেশবকে ঠাকুর স্নেহপূর্ণ নয়নে দেখিতেছেন। যেন কত আপনার লোক; আর যেন ভয় করিতেছেন, কেশব পাছে অন্য কারু, অর্থাৎ সংসারে হয়েন! তাঁহার দিকে তাকাইয়া আবার গান ধরিলেন:","কথা বলতে ডরাই, না বললেও ডরাই,
মনে সন্দ হয়, পাছে তোমা ধনে হারাই — হারাই।
আমরা জানি যে মন্‌তোর দিলাম তোকে সেই মন্‌তোর,
এখন মন তোর!
আমরা যে মন্ত্রে বিপদেতে তরি তরাই।"
s0012,song,"মন কি তত্ত্ব কর তাঁরে, যেন উন্মত্ত আঁধার ঘরে ।",,True,2,ঠাকুর,4,6,ঈশ্বরকে ভালবাসা জীবনের উদ্দেশ্য — The end of life,"১৮৮২, ৫ই অগস্ট",1882-08-05,https://www.ramakrishnavivekananda.info/kathamrita/unicodekathamrita/04_f_theaimoflife_54_56.html,"৮৮২, ৫ই অগস্ট ঈশ্বরকে ভালবাসা জীবনের উদ্দেশ্য — The End of life শ্রীরামকৃষ্ণ — বিশ্বাস আর ভক্তি। তাঁকে ভক্তিতে সহজে পাওয়া যায়। তিনি ভাবের বিষয়। এ-কথা বলিতে বলিতে ঠাকুর শ্রীরামকৃষ্ণ আবার গান ধরিলেন:","মন কি তত্ত্ব কর তাঁরে, যেন উন্মত্ত আঁধার ঘরে ।
সে যে ভাবের বিষয় ভাব ব্যতীত, অভাবে কি ধরতে পারে ॥
অগ্রে শশী বশীভূত কর তব শক্তি-সারে ।
ওরে কোঠার ভিতর চোর-কুঠরি, ভোর হলে সে লুকাবে রে ॥
ষড় দর্শনে না পায় দরশন, আগম-নিগম তন্ত্রসারে ।
সে যে ভক্তিরসের রসিক, সদানন্দে বিরাজ করে পুরে ॥
সে ভাব লাগি পরম যোগী, যোগ করে যুগ-যুগান্তরে ।
হলে ভাবের উদয় লয় সে যেমন, লোহাকে চুম্বকে ধরে ॥
প্রসাদ বলে মাতৃভাবে আমি তত্ত্ব করি যাঁরে ।
সেটা চাতরে কি ভাঙব হাঁড়ি, বোঝ না রে মন ঠারে ঠোরে ॥"
s0013,verse,প্রসাদ বলে মাতৃভাবে আমি তত্ত্ব করি যাঁরে ।,,False,2,,4,6,ঈশ্বরকে ভালবাসা জীবনের উদ্দেশ্য — The end of life,"১৮৮২, ৫ই অগস্ট",1882-08-05,https://www.ramakrishnavivekananda.info/kathamrita/unicodekathamrita/04_f_theaimoflife_54_56.html,"ণ্ডিত বিদ্যাসাগরও নিস্তব্ধ হইয়া একদৃষ্টে দেখিতেছেন। ঠাকুর প্রকৃতিস্থ হইলেন। দীর্ঘনিঃশ্বাস ফেলিয়া আবার সহাস্যে কথা কহিতেছেন। — “ভাব ভক্তি, এর মানে — তাঁকে ভালবাসা। যিনিই ব্রহ্ম তাঁকেই ‘মা’ বলে ডাকছে।","“প্রসাদ বলে মাতৃভাবে আমি তত্ত্ব করি যাঁরে ।
সেটা চাতরে কি ভাঙব হাঁড়ি, বোঝ না রে মন ঠারে ঠোরে ॥"
s0014,song,ভাবিলে ভাবের উদয় হয় ।,,True,3,ঠাকুর,4,6,ঈশ্বরকে ভালবাসা জীবনের উদ্দেশ্য — The end of life,"১৮৮২, ৫ই অগস্ট",1882-08-05,https://www.ramakrishnavivekananda.info/kathamrita/unicodekathamrita/04_f_theaimoflife_54_56.html,"না হয়ে যায়। তাঁকেই ‘মা’ বলে ডাকা হচ্ছে। ‘মা’ বড় ভালবাসার জিনিস কিনা। ঈশ্বরকে ভালবাসতে পারলেই তাঁকে পাওয়া যায়। ভাব, ভক্তি, ভালবাসা আর বিশ্বাস। আর একটা গান শোনঃ [উপায় — আগে বিশ্বাস — তারপর ভক্তি ]","ভাবিলে ভাবের উদয় হয়!
যেমন ভাব, তেমনি লাভ, মূল সে প্রত্যয়।
যে-জন কালীর ভক্ত জীবন্মুক্ত নিত্যানন্দময় ॥
কালীপদ সুদাহ্রদে চিত্ত যদি রয়।
পূজা হোম জপ বলি কিছুই কিছু নয় ॥"
s0015,song,সত্যং শিব সুন্দর ভাতি হৃদি মন্দিরে।,,False,2,নরেন্দ্র | আরম্ভ করিলেন,5,5,কীর্তনানন্দে নরেন্দ্র প্রভৃতি সঙ্গে — নরেন্দ্রকে প্রেমালিঙ্গন,"১৮৮২, ১৬ই - ১৭ই অক্টোবর",1882-10-16,https://www.ramakrishnavivekananda.info/kathamrita/unicodekathamrita/05_e_kirtanwithnarendra_68_75.html,"্দ্রকে প্রেমালিঙ্গন বৈকাল হইয়াছে — নরেন্দ্র গান গাহিতেছেন — রাখাল, লাটু, মাস্টার, নরেন্দ্রের ব্রাহ্মবন্ধু প্রিয়, হাজরা — সকলে আছেন। নরেন্দ্র কীর্তন গাহিলেন, খোল বাজিতে লাগিল:  নরেন্দ্র আবার গাহিলেন:","সত্যং শিব সুন্দর ভাতি হৃদি মন্দিরে।
নিরখি নিরখি অনুদিন মোরা ডুবিব রূপসাগরে।
(সেদিন কবে হবে) (দীনজনের ভাগ্যে নাথ)।
জ্ঞান-অনন্তরূপে পশিবে নাম মম হৃদে,
অবাক্‌ হইয়ে অধীর মন শরণ লইবে শ্রীপদে।
আনন্দ-অমৃতরূপে উদিবে হৃদয়-আকাশে,
চন্দ্র উদিলে চকোর যেমন ক্রীড়য়ে মন হরষে,
আমরাও নাথ, তেমনি করে মাতিব তব প্রকাশে।
শান্তং শিব অদ্বিতীয় রাজ-রাজ-চরণে,
বিকাইব ওহে প্রাণসখা, সফল করিব জীবনে।
এমন অধিকার, কোথা পাব আর, স্বর্গভোগ জীবনে (সশরীরে)।
শুদ্ধমপাপবিদ্ধং রূপ, হেরিয়ে নাথ তোমার,
আলোক দেখিলে আঁধার যেমন যায় পলাইয়ে সত্বর;
তেমনি নাথ তোমার প্রকাশে পলাইবে পাপ-আঁধার।
ওহে ধ্রুবতারা-সম হৃদে জ্বলন্ত বিশ্বাস হে,
জ্বালি দিয়ে দীনবন্ধু পুরাও মনের আশ;
আমি নিশিদিন প্রেমানন্দে মগন হইয়ে হে;
আপনার ভুলে যাব, তোমারে পাইয়ে হে।
(সেদিন কবে হবে হে।)"
s0016,song,আনন্দবনে মল মধুর ব্রহ্মনাম।,,False,1,নরেন্দ্র,5,5,কীর্তনানন্দে নরেন্দ্র প্রভৃতি সঙ্গে — নরেন্দ্রকে প্রেমালিঙ্গন,"১৮৮২, ১৬ই - ১৭ই অক্টোবর",1882-10-16,https://www.ramakrishnavivekananda.info/kathamrita/unicodekathamrita/05_e_kirtanwithnarendra_68_75.html,"দ্রকে প্রেমালিঙ্গন বৈকাল হইয়াছে — নরেন্দ্র গান গাহিতেছেন — রাখাল, লাটু, মাস্টার, নরেন্দ্রের ব্রাহ্মবন্ধু প্রিয়, হাজরা — সকলে আছেন। নরেন্দ্র কীর্তন গাহিলেন, খোল বাজিতে লাগিল:  নরেন্দ্র আবার গাহিলেন:","আনন্দবনে মল মধুর ব্রহ্মনাম।
নামে উথলিবে সুধাসিন্ধু পিয় অবিরাম। (পান কর আর দান কর হে)।
যদি হয় কখন শুষ্ক হৃদয়, কর নামগান।
(বিষয়-মরীচিকায় পড়ে হে) (প্রেমে হৃদয়, সরস হবে হে)
(দেখ যেন ভুল না রে সেই মহামন্ত্র)।
সবে হুঙ্কারিয়ে ছিন্ন কর পাপের বন্ধন। (জয় ব্রহ্ম জয় বল হে)।
এস ব্রহ্মানন্দে মাতি সবে হই পূর্ণকাম। (প্রেমযোগে যোগী হয়ে হে)।"
s0017,song,চিদাকাশে হল পূর্ণ প্রেমচন্দ্রোদয় হে।,,False,6,নরেন্দ্র তানপুরা | নরেন্দ্র | দুইটি,5,5,কীর্তনানন্দে নরেন্দ্র প্রভৃতি সঙ্গে — নরেন্দ্রকে প্রেমালিঙ্গন,"১৮৮২, ১৬ই - ১৭ই অক্টোবর",1882-10-16,https://www.ramakrishnavivekananda.info/kathamrita/unicodekathamrita/05_e_kirtanwithnarendra_68_75.html,"বসিয়াছে। কথা কহিতে কহিতে নরেন্দ্রকে ঠাকুর বলিতেছেন, “চিদাকাশে হল পূর্ণ প্রেমচন্দ্রোদয় হে এই গানটি একবার গা না।” নরেন্দ্র গাহিতে আরম্ভ করিলেন। অমনি সঙ্গে সঙ্গে খোল করতাল অন্য ভক্তগণ বাজাইতে লাগিলেন:","চিদাকাশে হল পূর্ণ প্রেমচন্দ্রোদয় হে।
উথলিল প্রেমসিন্ধু কি আনন্দময় হে।
(জয় দয়াময়, জয় দয়াময়, জয় দয়াময়)
চারিদিকে ঝলমল করে ভক্ত গ্রহদল,
ভক্তসঙ্গে ভক্তসখা লীলারসময় হে।
(জয় দয়াময়, জয় দয়াময়, জয় দয়াময়)
স্বর্গের দুয়ার খুলি, আনন্দ-লহরী তুলি;
নববিধান-বসন্ত-সমীরণ বয়,
ছুটে তাহে মন্দ মন্দ লীলারস প্রেমগন্ধ,
ঘ্রাণে যোগিবৃন্দ যোগানন্দে মত্ত হয় হে।
(জয় দয়াময়, জয় দয়াময়, জয় দয়াময়)
ভবসিন্ধুজলে, বিধান-কমলে, আনন্দময়ী বিরাজে,
আবেশে আকুল, ভক্ত অলিকুল, পিয়ে সুধা তার মাঝে।
দেখ দেখ মায়ের প্রসন্নবদন চিত্ত-বিনোদন ভুবন-মোহন,
পদতলে দলে দলে সাধুগণ, নাচে গায় প্রেমে হইয়ে মগন;
কিবা অপরূপ আহা মরি মরি, জুড়াইল প্রাণ দরশন করি
প্রেমদাসে বলে সবে পায়ে ধরি, গাও ভাই মায়ের জয় ॥"
s0018,song,ডুব দে মন কালী বলে। হৃদি-রত্নাকরের অগাধ জলে।,,True,1,ঠাকুর,5,5,কীর্তনানন্দে নরেন্দ্র প্রভৃতি সঙ্গে — নরেন্দ্রকে প্রেমালিঙ্গন,"১৮৮২, ১৬ই - ১৭ই অক্টোবর",1882-10-16,https://www.ramakrishnavivekananda.info/kathamrita/unicodekathamrita/05_e_kirtanwithnarendra_68_75.html,ও আসিয়াছেন। ঠাকুর কথা কহিতেছেন — শ্রীরামকৃষ্ণ (ব্রাহ্মভক্তদের প্রতি) — ধ্যান করবার সময় তাঁতে মগ্ন হতে হয়। উপর উপর ভাসলে কি জলের নিচে রত্ন পাওয়া যায়? এই বলিয়া ঠাকুর মধুর স্বরে গান গাহিতে লাগিলেন:,"ডুব দে মন কালী বলে। হৃদি-রত্নাকরের অগাধ জলে।
রত্নাকর নয় শূন্য কখন, দু-চার ডুবে ধন না পেলে,
তুমি দম-সামর্থ্যে একডুবে যাও, কুলকুণ্ডলিনীর কূলে।
জ্ঞান-সমুদ্রের মাঝে রে মন, শান্তিরূপা মুক্তা ফলে,
তুমি ভক্তি করে কুড়ায়ে পাবে, শিবযুক্তি মতো চাইলে।
কামাদি ছয় কুম্ভীর আছে, আহার-লোভে সদাই চলে,
তুমি বিবেক-হলদি গায়ে মেখে যাও, ছোঁবে না তার গন্ধ পেলে।
রতন-মাণিক্য কতপড়ে আছে সেই জলে,
রামপ্রসাদ বলে ঝম্প দিলে, মিলবে রতন ফলে ফলে।"
s0019,verse,মন্দিরে তোর নাহিক মাধব!,,False,1,,5,5,কীর্তনানন্দে নরেন্দ্র প্রভৃতি সঙ্গে — নরেন্দ্রকে প্রেমালিঙ্গন,"১৮৮২, ১৬ই - ১৭ই অক্টোবর",1882-10-16,https://www.ramakrishnavivekananda.info/kathamrita/unicodekathamrita/05_e_kirtanwithnarendra_68_75.html,"তাদের মধ্যে একজন মন্দিরের দ্বার আস্তে আস্তে খুলে দেখে, পদ্মলোচন একপাশে দাঁড়িয়ে ভোঁ ভোঁ শাঁখ বাজাচ্ছে। ঠাকুর প্রতিষ্ঠা হয় নাই — মন্দির মার্জনা হয় নাই — চামচিকার বিষ্ঠা রয়েছে। তখন সে চেঁচিয়া বলছে:","“মন্দিরে তোর নাহিক মাধব!
পোদো, শাঁখ ফুঁকে তুই করলি গোল!"
s0020,song,মা কি আমার কালো রে ৷,,True,4,শ্রীরামকৃষ্ণ | সুর | ঠাকুর (implied) | ঠাকুর,6,4,বেদ ও তন্ত্রের সমন্বয় — আদ্যাশক্তির ঐশ্বর্য,"১৮৮২, ২৭শে অক্টোবর",1882-10-27,https://www.ramakrishnavivekananda.info/kathamrita/unicodekathamrita/06_d_vedasandtrantra_84_86.html,"তাই কালো, জানতে পারলে কালো নয়। “আকাশ দূর থেকে নীলবর্ণ। কাছে দেখ, কোন রঙ নাই। সমুদ্রের জল দূর থেকে নীল, কাছে গিয়ে হাতে তুলে দেখ, কোন রঙ নাই।” এই কথা বলিয়ে প্রেমোন্মত্ত হইয়া শ্রীরামকৃষ্ণ গান ধরিলেন:","মা কি আমার কালো রে ৷
কালোরূপ দিগম্বরী, হৃদ্‌পদ্ম করে আলো রে ৷৷"
s0021,song,শ্যামা মা উড়াচ্ছ ঘুড়ি (ভবসংসার বাজার মাঝে) ৷,,True,2,ঠাকুর,6,5,এ সংসার কেন,"১৮৮২, ২৭শে অক্টোবর",1882-10-27,https://www.ramakrishnavivekananda.info/kathamrita/unicodekathamrita/06_e_purposeofcreation_86_87.html,"ধন আর মুক্তি — দুয়ের কর্তাই তিনি। তাঁর মায়াতে সংসারী জীব কামিনী-কাঞ্চনে বদ্ধ, আবার তাঁর দয়া হলেই মুক্ত। তিনি “ভববন্ধনের বন্ধনহারিণী তারিণী”। এই বলিয়া গন্ধর্বনিন্দিতকন্ঠে রামপ্রসাদের গান গাহিতেছেন:","শ্যামা মা উড়াচ্ছ ঘুড়ি (ভবসংসার বাজার মাঝে) ৷
(ওই যে) আশা-বায়ু ভরে উড়ে, বাঁধা তাহে মায়া দড়ি ॥
কাক গণ্ডি মণ্ডি গাঁথা, পঞ্জরাদি নানা নাড়ী ৷
ঘুড়ি স্বগুণে নির্মাণ করা, কারিগরি বাড়াবাড়ি ॥
বিষয়ে মেজেছ মাঞ্জা, কর্কশা হয়েছে দড়ি ৷
ঘুড়ি লক্ষের দুটা-একটা কাটে, হেসে দাও মা হাত-চাপড়ি ॥
প্রসাদ বলে, দক্ষিণা বাতাসে ঘুড়ি যাবে উড়ি ৷
ভবসংসার সমুদ্রপারে পড়বে গিয়ে তাড়াতাড়ি ॥"
s0022,song,আমি ওই খেদ খেদ করি ৷,,True,3,ঠাকুর,6,5,এ সংসার কেন,"১৮৮২, ২৭শে অক্টোবর",1882-10-27,https://www.ramakrishnavivekananda.info/kathamrita/unicodekathamrita/06_e_purposeofcreation_86_87.html,"‘যা, এখন সংসার করগে যা।’ মনের কি দোষ? তিনি যদি আবার দয়া করে মনকে ফিরিয়া দেন, তাহলে বিষয়বুদ্ধির হাত থেকে মুক্তি হয়। তখন আবার তাঁর পাদপদ্মে মন হয়।” ঠাকুর সংসারীর ভাবে মার কাছে অভিমান করে গাইতেছেন:","আমি ওই খেদ খেদ করি ৷
তুমি মাতা থাকতে আমার জাগা ঘরে চুরি ॥
মনে করি তোমার নাম করি, কিন্তু সময়ে পাসরি ৷
আমি বুঝেছি জেনেছি, আশয় পেয়েছি এ-সব তোমারি চাতুরী ॥
কিছু দিলে না, পেলে না, নিলে না, খেলে না, সে দোষ কি আমারি ৷
যদি দিতে পেতে, নিতে খেতে, দিতাম খাওয়াতাম তোমারি ॥
যশ, অপযশ, সুরস, কুরস সকল রস তোমারি ৷
(ওগো) রসে থেকে রসভঙ্গ, কেন কর রসেশ্বরী ॥
প্রসাদ বলে, মন দিয়েছ, মনেরি আঁখি ঠারি ৷
(ওমা) তোমার সৃষ্টি দৃষ্টি-পোড়া, মিষ্টি বলে ঘুরি ॥"
s0023,song,"আয় মন, বেড়াতে যাবি ৷",,True,5,ঠাকুর | ঠাকুরের,6,6,"ব্রাহ্মদিগকে উপদেশ — খ্রীষ্টধর্ম, ব্রাহ্মসমাজ ও পাপবাদ","১৮৮২, ২৭শে অক্টোবর",1882-10-27,https://www.ramakrishnavivekananda.info/kathamrita/unicodekathamrita/06_f_advicetobrahmos_88_90.html,"াও; এই নাও তোমার শুচি, এই নাও তোমার অশুচি, আমায় শুদ্ধাভক্তি দাও; এই নাও তোমার ধর্ম, এই নাও তোমার অধর্ম, এই নাও তোমার অধর্ম, আমায় শুদ্ধাভক্তি দাও’।” (ব্রাহ্মভক্তদের প্রতি) — একটি রামপ্রসাদের গান শোন:","“আয় মন, বেড়াতে যাবি ৷
কালী-কল্পতরুমূলে রে (মন) চারি ফল কুড়ায়ে পাবি ॥
প্রবৃত্তি নিবৃত্তি জায়া, (তার) নিবৃত্তিরে সঙ্গে লবি ৷
ওরে বিবেক নামে তার বেটা, তত্ত্ব-কথা তায় সুধাবি ॥
শুচি অশুচিরে লয়ে দিব্য ঘরে কবে শুবি ৷
যখন দুই সতীনে পিরিত হবে, তখন শ্যামা মাকে পাবি ॥
অহংকার অবিদ্যা তোর, পিতামাতায় তাড়িয়ে দিবি ৷
যদি মোহগর্তে টেনে লয়, ধৈর্যখোঁটা ধরে রবি ॥
ধর্মাধর্ম দুটো অজা, তুচ্ছখোঁটায় বেঁধে থুবি ৷
যদি না মানে নিষেধ, তবে জ্ঞানখড়্গে বলি দিবি ॥
প্রথম ভার্যার সন্তানের দূর হতে বুঝাইবি ৷
যদি না মানে প্রবোধ, জ্ঞান-সিন্ধু মাঝে ডুবাইবি ॥
প্রসাদ বলে, এমন হলে কালের কাছে জবাব দিবি ৷
তবে বাপু বাছা বাপের ঠাকুর, মনের মতো মন হবি ॥"
s0024,song,"এই সংসারই মজার কুটি, আমি খাই-দাই আর মজা লুটি।",,False,3,,6,6,"ব্রাহ্মদিগকে উপদেশ — খ্রীষ্টধর্ম, ব্রাহ্মসমাজ ও পাপবাদ","১৮৮২, ২৭শে অক্টোবর",1882-10-27,https://www.ramakrishnavivekananda.info/kathamrita/unicodekathamrita/06_f_advicetobrahmos_88_90.html,"তোমার অধর্ম, আমায় শুদ্ধাভক্তি দাও’।” (ব্রাহ্মভক্তদের প্রতি) — একটি রামপ্রসাদের গান শোন:  “সংসারে ঈশ্বরলাভ হবে না কেন? জনকের হয়েছিল। এ-সংসার ‘ধোঁকার টাটি’ প্রসাদ বলেছিল। তাঁর পাদপদ্মে ভক্তিলাভ করলে —","এই সংসার মজার কুটি, আমি খাই দাই আর মজা লুটি।
ওরে বদ্যি নাহিক বুদ্ধি, বুঝিস কেবল মোটামুটি ॥
জনক রাজা মহাতেজা তার কিসের ছিল ক্রটি।
সে এদিক-ওদিক দুদিক রেখে খেয়েছিল দুধের বাটি ॥"
s0025,song,বংশী বাজিল ওই বিপিনে ৷,,False,1,,6,6,"ব্রাহ্মদিগকে উপদেশ — খ্রীষ্টধর্ম, ব্রাহ্মসমাজ ও পাপবাদ","১৮৮২, ২৭শে অক্টোবর",1882-10-27,https://www.ramakrishnavivekananda.info/kathamrita/unicodekathamrita/06_f_advicetobrahmos_88_90.html,"নিত্যবস্তু। আর সব অসৎ, অনিত্য; দুদিনের জন্য। এইটি বোধ আর ঈশ্বরে অনুরাগ। তাঁর উপর টান — ভালবাসা। গোপীদের কৃষ্ণের উপর যেরূপ টান ছিল। একটা গান শোন: [আর উপায় — ঈশ্বরে অনুরাগ — গোপীদের মতো টান বা স্নেহ ]","বংশী বাজিল ওই বিপিনে ৷
(আমার তো না গেলে নয়) (শ্যাম পথে দাঁড়ায়ে আছে)
তোরা যাবি কি না যাবি বল গো ॥
তোদের শ্যাম কথার কথা ৷
আমার শ্যাম অন্তরের ব্যথা (সই) ॥
তোদের বাজে বাঁশী কানের কাছে ৷
বাঁশী আমার বাজে হৃদয়মাঝে ॥
শ্যামের বাঁশী বাজে, বেরাও রাই ৷
তোমা বিনা কুঞ্জের শোভা নাই ॥”"
s0026,song,আজি কি হরষ সমীর বহে প্রাণে — ভগবৎ মঙ্গল কিরণে!,,False,1,,7,1,উৎসব মন্দিরে শ্রীরামকৃষ্ণ,"১৮৮২, ২৮শে অক্টোবর",1882-10-28,https://www.ramakrishnavivekananda.info/kathamrita/unicodekathamrita/07_a_atsintheefestival_95_96.html,"্রিকালে যাত্রা হইবে। চতুর্দিক আনন্দে পরিপূর্ণ। শরতের নীল আকাশে আনন্দ প্রতিভাসিত হইতেছে। উদ্যানের বৃক্ষলতাগুল্মমধ্যে প্রভাত হইতে আনন্দের সমীরণ বহিতেছে। আকাশ, জীবজন্তু, বৃক্ষলতা, যেন একতানে গান করিতেছে:",“আজি কি হরষ সমীর বহে প্রাণে — ভগবৎ মঙ্গল কিরণে!”
s0027,song,গয়া গঙ্গা প্রভাসাদি কাশী কাঞ্চী কেবা চায় ৷,,True,7,প্রেমরসাভিসিক্ত | ঠাকুর | কাছে | গায়ে হাত,7,3,তিন প্রকার আচার্য,"১৮৮২, ২৮শে অক্টোবর",1882-10-28,https://www.ramakrishnavivekananda.info/kathamrita/unicodekathamrita/07_c_typesofteachers_98_99.html,"র তমঃ যার হয়, তার বিশ্বাস জ্বলন্ত। ঈশ্বরের কাছে সেরূপ ভক্ত জোর করে। যেন ডাকাতি করে ধন কেড়ে লওয়া। “মারো কাটো বাঁধো!” এইরূপ ডাকাত-পড়া ভাব। ঠাকুর ঊর্ধ্বদৃষ্টি, তাঁহার প্রেমরসাভিসিক্ত কণ্ঠে গাহিতেছেন:","গয়া গঙ্গা প্রভাসাদি কাশী কাঞ্চী কেবা চায় ৷
কালী কালী কালী বলে আমার অজপা যদি ফুরায় ॥
ত্রিসন্ধ্যা যে বলে কালী, পূজা সন্ধ্যা সে কি চায় ৷
সন্ধ্যা তার সন্ধানে ফেরে, কভু সন্ধি নাহি পায় ॥
দয়া ব্রত দান আদি, আর কিছু না মনে লয় ৷
মদনের যাগযজ্ঞ, ব্রহ্মময়ীর রাঙা পায় ॥
কালীনামের এত গুণ, কেবা জানতে পারে তায় ৷
দেবাদিদেব মহাদেব, যাঁর পঞ্চমুখে গুণ গায় ॥"
s0028,song,ডুব্‌ ডুব্‌ ডুব্‌ রূপসাগরে আমার মন ৷,,True,9,ঠাকুর | সেই,7,7,ব্রাহ্মসমাজের প্রার্থনাপদ্ধতি ও ঈশ্বরের ঐশ্বর্য-বর্ণনা,"১৮৮২, ২৮শে অক্টোবর",1882-10-28,https://www.ramakrishnavivekananda.info/kathamrita/unicodekathamrita/07_g_brahmoprayer_104_105.html,"াবা কি করে, তার ক’টি ভাই এ-সব কথা একদিন ভুলেও জিজ্ঞাসা করি নাই। ঈশ্বরের মাধুর্যরসে ডুবে যাও! তাঁর অনন্ত সৃষ্টি, অনন্ত ঐশ্বর্য! অত খবরে আমাদের কাজ কি। আবার সেই গন্ধর্বনিন্দিতকণ্ঠে সেই মধুরিমাপূর্ণ গান:","“ডুব্‌ ডুব্‌ ডুব্‌ রূপসাগরে আমার মন ৷
তলাতল পাতাল খুঁজলে পাবি রে প্রেম রত্নধন ॥
খুঁজ্‌ খুঁজ্‌ খুঁজ্‌ খুঁজলে পাবি হৃদয়মাঝে বৃন্দাবন ৷
দীপ্‌ দীপ্‌ দীপ্‌ জ্ঞানের বাতি, জ্বলবে হৃদে অনুক্ষণ ॥
ড্যাং ড্যাং ড্যাং ডাঙায় ডিঙে, চালায় আবার সে কোন্‌ জন ৷
কুবীর বলে শোন্‌ শোন্‌ শোন্‌ ভাব গুরুর শ্রীচরণ ॥"
s0029,song,এমনি মহামায়ার মায়া রেখেছ কি কুহক করে।,,True,2,ঠাকুর,8,1,সার্কাস ও বলরাম মন্দিরে,"১৮৮২, ১৫ই নভেম্বর",1882-11-15,https://www.ramakrishnavivekananda.info/kathamrita/unicodekathamrita/08_a_atcircus_106_108.html,"ক্রীড়া, তাই ভুলে থাকে, বেরিয়ে আসবার চেষ্টা করে না। ছেলেমেয়ের আধ-আধ কথাবার্তা যেন জলকল্লোলের মধুর শব্দ। মাছ অর্থাৎ জীব, পরিবারবর্গ। তবে দু-একটা দৌড়ে পালায়, তাদের বলে মুক্তজীব। ঠাকুর গান গাহিতেছেন:","এমনি মহামায়ার মায়া রেখেছে কি কুহক করে।
ব্রহ্মা বিষ্ণু অচৈতন্য জীবে কি জানিতে পারে ॥
বিল করে ঘুনি পাতে মীন প্রবেশ করে তাতে।
গতায়াতের পথ আছে তবু মীন পালাতে নারে ॥
গুটিপোকায় গুটি করে পালালেও পালাতে পারে।
মহামায়ায় বদ্ধ গুটি, আপনার নালে আপনি মরে ॥"
s0030,song,পড়িয়ে ভবসাগরে ডুবে মা তনুর তরী।,,True,2,ঠাকুর,8,1,সার্কাস ও বলরাম মন্দিরে,"১৮৮২, ১৫ই নভেম্বর",1882-11-15,https://www.ramakrishnavivekananda.info/kathamrita/unicodekathamrita/08_a_atcircus_106_108.html,"পিষে যাবে। তবে যে কটি ডাল খুঁটি ধরে থাকে, তারা পিষে যায় না। তাই খুঁটি অর্থাৎ ঈশ্বরের শরণাগত হতে হয়। তাঁকে ডাক, তাঁর নাম কর তবে মুক্তি। তা না হলে কালরূপ জাঁতায় পিষে যাবে।” ঠাকুর আবার গান গাহিতেছেন:","পড়িয়ে ভবসাগরে ডুবে মা তনুর তরী।
মায়া-ঝড় মোহ-তুফান ক্রমে বাড়ে গো শঙ্করী ॥
একে মন-মাঝি আনাড়ি, তাহে ছজন গোঁয়াড় দাঁড়ি;
কুবাতাসে দিয়ে পাড়ি, হাবুডুবু খেয়ে মরি।
ভেঙে গেল ভক্তির হাল; ছিঁড়ে পড়ল শ্রদ্ধার পাল,
তরী হল বানচাল, উপায় কি করি; —
উপায় না দেখি আর, অকিঞ্চন ভেবে সার;
তরঙ্গে দিয়ে সাঁতার, শ্রীদুর্গানামের ভেলা ধরি ॥"
s0031,song,"যে ভাব লাগি পরম যোগী, যোগ করে যুগ-যুগান্তরে।",,True,1,ঠাকুর,8,3,শ্রীযুক্ত মনোমোহন ও শ্রীযুক্ত সুরেন্দ্রের বাটীতে শ্রীরামকৃষ্ণ,"১৮৮২, ১৯ই নভেম্বর",1882-11-19,https://www.ramakrishnavivekananda.info/kathamrita/unicodekathamrita/08_c_atmanomohans_109_110.html,"য়! দুর্যোধন অত টাকা অত ঐশ্বর্য দেখাতে লাগল; কিন্তু তার বাটীতে ঠাকুর গেলেন না। তিনি বিদুরের বাটী গেলেন। তিনি ভক্তবৎসল, বৎসের পাছে যেমন গাভী ধায় সেইরূপ তিনি ভক্তের পাছে পাছে যান।” ঠাকুর গান গাহিতেছেন:","যে ভাব লাগি পরম যোগী, যোগ করে যুগ-যুগান্তরে।
হলে ভাবের উদয় লয় সে যেমন লোহাকে চুম্বক ধরে।"
s0032,song,"ভাবছো কি মন একলা বসে,",,False,1,,8,4,মণি মল্লিকের ব্রাহ্মোৎসবে ঠাকুর শ্রীরামকৃষ্ণ,"১৮৮২, ২৬শে নভেম্বর",1882-11-26,https://www.ramakrishnavivekananda.info/kathamrita/unicodekathamrita/08_d_atmanimallicks_110_112.html,"যায়। ময়লা আরশিতে ও মুখ দেখা যায় না। “চিত্তশুদ্ধির পর ভক্তিলাভ করলে, তবে তাঁর কৃপায় তাঁকে দর্শন হয়। দর্শনের পর আদেশ পেলে তবে লোকশিক্ষা দেওয়া যায়। আগে থাকতে লেকচার দেওয়া ভাল নয়। একটা গানে আছে:","ভাবছো কি মন একলা বসে,
অনুরাগ বিনে কি চাঁদ গৌর মিলে।
মন্দিরে তোর নাইকে মাধব,
পোদো শাঁক ফুঁকে তুই করলি গোল।
তায় চামচিকে এগারজনা,
দিবানিশি দিচ্ছে থানা।"
s0033,song,হৃদি-বৃন্দাবনে বাস যদি কর কমলাপতি।,,False,2,,9,8,"বাবুরাম প্রভৃতির সঙ্গে, ফ্রি উইল সম্বন্ধে কথা — তোতাপুরীর আত্মহত্যার সঙ্কল্প","১৮৮২, ১৪ই ডিসেম্বর",1882-12-14,https://www.ramakrishnavivekananda.info/kathamrita/unicodekathamrita/09_h_withbaburam_125_128.html,"বৃদ্ধি হয়েছিল, তাই গলায় ছুরি দিতে গিছলুম। তাই বলি, “মা, আমি যন্ত্র, তুমি যন্ত্রী; আমি রথ, তুমি রথী; যেমন চালাও তেমনি চলি — যেমন করাও তেমনি করি।” ঠাকুরের ঘরের মধ্যে গান হইতেছে। ভক্তেরা গান গাহিতেছেন:","হৃদি-বৃন্দাবনে বাস যদি কর কমলাপতি।
ওহে ভক্তিপ্রিয়, আমার ভক্তি হবে রাধাসতী ॥
মুক্তি কামনা আমারি, হবে বৃন্দে গোপনারী,
দেহ হবে নন্দের পুরী, স্নেহ হবে মা যশোমতী ॥
আমায় ধর ধর জনার্দন, পাপভার গোবর্ধন,
কামাদি ছয় কংসচরে ধ্বংস কর সম্প্রতি ॥
বাজায়ে কৃপা বাঁশরি, মন ধেনুকে বশ করি,
তিষ্ঠ হৃদিগোষ্ঠে পুরাও ইষ্ট এই মিনতি ॥
আমার প্রেমরূপ যমুনাকূলে, আশা বংশী বটমূলে,
স্বদাসভেবে সদয়ভাবে সতত কর বসতি —
যদি বল রাখাল-প্রেমে বন্দী থাকি ব্রজধামে,
তবে জ্ঞানহীন রাখাল তোমার দাস হবে হে দাশরথি ॥"
s0034,song,আমার প্রাণ-পিঞ্জরের পাখি গাওনারে।,,False,2,নরেন্দ্র তানপুরা,9,8,"বাবুরাম প্রভৃতির সঙ্গে, ফ্রি উইল সম্বন্ধে কথা — তোতাপুরীর আত্মহত্যার সঙ্কল্প","১৮৮২, ১৪ই ডিসেম্বর",1882-12-14,https://www.ramakrishnavivekananda.info/kathamrita/unicodekathamrita/09_h_withbaburam_125_128.html,"ৃদ্ধি হয়েছিল, তাই গলায় ছুরি দিতে গিছলুম। তাই বলি, “মা, আমি যন্ত্র, তুমি যন্ত্রী; আমি রথ, তুমি রথী; যেমন চালাও তেমনি চলি — যেমন করাও তেমনি করি।” ঠাকুরের ঘরের মধ্যে গান হইতেছে। ভক্তেরা গান গাহিতেছেন:","আমার প্রাণপিঞ্জরের পাখি, গাও না রে।
ব্রহ্মকল্পতরুপরে বসে রে পাখি, বিভুগুণ গাও দেখি,
(গাও, গাও) ধর্ম অর্থ কাম মোক্ষ,
সুপক্ক ফল খাও না রে।
বল বল আত্মারাম, পড় প্রাণারাম,
হৃদয়-মাঝে প্রাণ-বিহঙ্গ ডাক অবিরাম,
ডাক তৃষিত চাতকের মতো,
পাখি অলস থেক না রে।"
s0035,verse,"ওহি রাম দশরথকী বেটা,",,False,1,,9,9,দক্ষিণেশ্বরে মারোয়াড়ী ভক্তগণসঙ্গে শ্রীরামকৃষ্ণ,"১৮৮২, ১৪ই ডিসেম্বর",1882-12-14,https://www.ramakrishnavivekananda.info/kathamrita/unicodekathamrita/09_i_withmarwaribhaktas_128_129.html,"েলে রাখতে হয়। যেমন আমার পিঠে ফোঁড়া হয়েছে, সব কাজ করছি, কিন্তু মন ফোঁড়ার দিকে রয়েছে। রামনাম করা বেশ। যে রাম দশরথের ছেলে; আবার জগৎ সৃষ্টি করেছেন; আর সর্বভূতে আছেন। আর অতি নিকটে আছেন। অন্তরে বাহিরে।","“ওহি রাম দশরথকী বেটা,
ওহি রাম ঘট ঘটমে লেটা,
ওহি রাম জগৎ পশেরা,
ওহি রাম সব সে নিয়ারা।”"
s0036,song,নিত্যানন্দের জাহাজ এসেছে।,,False,1,,10,4,ঠাকুর শ্রীরামকৃষ্ণের শ্রীরাধার ভাব,"১৮৮৩, ১লা জানুয়ারি",1883-01-01,https://www.ramakrishnavivekananda.info/kathamrita/unicodekathamrita/10_d_sriradha_135_136.html,"য়া গেলেন। ঠাকুর বলিতেছেন, “অহংকারের মূর্তি”। বেলা সাড়ে নয়টা হইয়াছে। প্রাণকৃষ্ণ প্রণাম করিয়া বিদায় গ্রহণ করিলেন — কলিকাতার বাটীতে ফিরিয়া যাইবেন। একজন বৈরাগী গোপীযন্ত্রে ঠাকুরের ঘরে গান করিতেছেন:","নিত্যানন্দের জাহাজ এসেছে।
তোরা পারে যাবি তো ধর এসে ॥
ছয় মানোয়ারি গোরা, তারা দেয় সদা পারা,
বুক পিঠে তার ঢাল খাঁড়া ঘেরা।
তারা সদর দুয়ার আলগা করে রত্নমাণিক বিলাচ্ছে।"
s0037,song,এই বেলা নে ঘর ছেয়ে।,,False,1,,10,4,ঠাকুর শ্রীরামকৃষ্ণের শ্রীরাধার ভাব,"১৮৮৩, ১লা জানুয়ারি",1883-01-01,https://www.ramakrishnavivekananda.info/kathamrita/unicodekathamrita/10_d_sriradha_135_136.html,"়া গেলেন। ঠাকুর বলিতেছেন, “অহংকারের মূর্তি”। বেলা সাড়ে নয়টা হইয়াছে। প্রাণকৃষ্ণ প্রণাম করিয়া বিদায় গ্রহণ করিলেন — কলিকাতার বাটীতে ফিরিয়া যাইবেন। একজন বৈরাগী গোপীযন্ত্রে ঠাকুরের ঘরে গান করিতেছেন:","এই বেলা নে ঘর ছেয়ে।
এবারে বর্ষা ভারি, হও হুঁশিয়ারি, লাগো আদা জল খেয়ে।
যখন আসবে শ্রবণা, দেখতে দেবে না।
বাঁশ বাখারি পচে যাবে, ঘর ছাওয়া হবে না।
যেমন আসবে ঝটকা, উড়বে মটকা, মটকা জাবে ফাঁক হয়ে।
(তুমিও যাবে হাঁ হয়ে)।"
s0038,song,"কার ভাবে নদে এসে, কাঙাল বেশে, হরি হয়ে বলছি হরি।",,False,1,,10,4,ঠাকুর শ্রীরামকৃষ্ণের শ্রীরাধার ভাব,"১৮৮৩, ১লা জানুয়ারি",1883-01-01,https://www.ramakrishnavivekananda.info/kathamrita/unicodekathamrita/10_d_sriradha_135_136.html,"া গেলেন। ঠাকুর বলিতেছেন, “অহংকারের মূর্তি”। বেলা সাড়ে নয়টা হইয়াছে। প্রাণকৃষ্ণ প্রণাম করিয়া বিদায় গ্রহণ করিলেন — কলিকাতার বাটীতে ফিরিয়া যাইবেন। একজন বৈরাগী গোপীযন্ত্রে ঠাকুরের ঘরে গান করিতেছেন:","কার ভাবে নদে এসে, কাঙাল বেশে, হরি হয়ে বলছি হরি।
কার ভাবে ধরেছ ভাব, এমন স্বভাব, তাও তো কিছু বুঝতে নারি।"
s0039,song,"সখি, সে বন কতদূর।",,False,2,কেদারকে,10,4,ঠাকুর শ্রীরামকৃষ্ণের শ্রীরাধার ভাব,"১৮৮৩, ১লা জানুয়ারি",1883-01-01,https://www.ramakrishnavivekananda.info/kathamrita/unicodekathamrita/10_d_sriradha_135_136.html,জলে ভাসিয়া যান। অতি প্রেমিক লোক। অন্তরে গোপীর ভাব। কেদারকে দেখিয়া ঠাকুরের একেবারে শ্রীবৃন্দাবনলীলা উদ্দীপন হইয়া গেল। প্রেমে মাতোয়ারা হইয়া দণ্ডায়মান হইলেন ও কেদারকে সম্বোধন করিয়া গান গাহিতেছেন:,"সখি, সে বন কতদূর!
(যেখানে আমার শ্যামসুন্দর)
(আর চলিতে যে নারি!)"
s0040,verse,হৃদয়কমলমধ্যে নির্বিশেষং নিরীহম্‌।,,False,3,,10,4,ঠাকুর শ্রীরামকৃষ্ণের শ্রীরাধার ভাব,"১৮৮৩, ১লা জানুয়ারি",1883-01-01,https://www.ramakrishnavivekananda.info/kathamrita/unicodekathamrita/10_d_sriradha_135_136.html,া গান গাহিতেছেন:  শ্রীরাধার ভাবে গান গাইতে গাইতে ঠাকুর সমাধিস্থ। চিত্রার্পিতের ন্যায় দণ্ডায়মান। কেবল চক্ষের দুই কোণ দিয়া আনন্দাশ্রু পড়িতেছে। কেদার ভূমিষ্ঠ। ঠাকুরের চরণ স্পর্শ করিয়া স্তব করিতেছেন:,"হৃদয়কমলমধ্যে নির্বিশেষং নিরীহম্‌।
হরিহরবিধিবেদ্যং যোগিভির্ধ্যানগম্যম্‌ ॥
জননমরণভীতিভ্রংশি সচ্চিৎ স্বরূপম্‌।
সকল ভুবনবীজং ব্রহ্মচৈতন্যমীড়ে ॥"
s0041,song,"জাগ জাগ জননি,",,False,2,ভক্ত | গায়ক,11,1,গোবিন্দ মুখোপাধ্যায়ের বাটীতে শ্রীরামকৃষ্ণ নরেন্দ্র প্রভৃতি ভক্তসঙ্গে কীর্তনানন্দে,"১৮৮৩, ১৮ই ফেব্রুয়ারি",1883-02-18,https://www.ramakrishnavivekananda.info/kathamrita/unicodekathamrita/11_atgovindamukhopadhyayas_138_139.html,লঘরেবাসীর ষট্‌চক্রের গান ও শ্রীরামকৃষ্ণের সমাধি ] বৈঠকখানাবাড়ির দোতলা ঘরের বারান্দায় ঠাকুর ভক্তসঙ্গে প্রসাদ পাইতেছেন; বেলা ১টা হইয়াছে। সেবা সমাপ্ত হইতে না হইতে নিচের প্রাঙ্গণে একটি ভক্ত গান ধরিলেন:,"জাগ জাগ জননি,
মূলাধারে নিদ্রাগত কতদিন গত হল কুলকুণ্ডলিনী।
স্বকার্যসাধনে চল মা শিরোমধ্যে, পরম শিব যথা সহস্রদলপদ্মে,
করি ষট্‌চক্র ভেদ (মাগো) ঘুচাও মনের খেদ, চৈতন্যরূপিণি।"
s0042,song,আমি মুক্তি দিতে কাতর নই,,True,4,ঠাকুর | সেই,12,1,"ঠাকুর শ্রীরামকৃষ্ণ দক্ষিণেশ্বর-মন্দিরে, রাখাল, রাম, নিত্যগোপাল, চৌধুরী প্রভৃতি ভক্তসঙ্গে","১৮৮৩, ২৫শে ফেব্রুয়ারি",1883-02-25,https://www.ramakrishnavivekananda.info/kathamrita/unicodekathamrita/12_a_atdakshineshwar_140_142.html,"— কিন্তু রোজ আস — তাকে দেখতে ভালবাস। জিজ্ঞাসা করলে বল, ‘আজ্ঞা, দরকার কিছু নাই — আপনাকে দেখতে এসেছি।’ এর নাম অহেতুকী ভক্তি। তুমি ঈশ্বরের কাছে কিছু চাও না — কেবল ভালবাস।” এই বলিয়া ঠাকুর গান গাহিতেছেন:","আমি মুক্তি দিতে কাতর নই
শুদ্ধাভক্তি দিতে কাতর হই।
আমার ভক্তি যেবা পায়, তারে কেবা পায়,
সে যে সেবা পায়, হয়ে ত্রিলোকজয়ী ॥
শুন চন্দ্রাবলী ভক্তির কথা কই।
ভক্তির কারণে পাতাল ভবনে,
বলির দ্বারে আমি দ্বারী হয়ে রই ॥
শুদ্ধাভক্তি এক আছে বৃন্দাবনে,
গোপ-গোপী বিনে অন্যে নাহি জানে।
ভক্তির কারণে নন্দের ভবনে,
পিতাজ্ঞানে নন্দের বাধা মাথায় বই ॥"
s0043,song,"ধন্য ধন্য ধন্য আজি দিন আনন্দকারী,",,False,1,কালীকৃষ্ণ,12,3,দক্ষিণেশ্বরে ঠাকুর শ্রীরামকৃষ্ণের জন্মোৎসব,"১৮৮৩, ১১ই মার্চ",1883-03-11,https://www.ramakrishnavivekananda.info/kathamrita/unicodekathamrita/12_c_birthdaymorning_145_146.html,"় — তিন থাকতে নয়। আজ কত আনন্দ হবে। কিন্তু যে শালারা হরিনামে মত্ত হয়ে নৃত্য-গীত করতে পারবে না, তাদের কোন কালে হবে না। ঈশ্বরের কথায় লজ্জা কি, ভয় কি? নে, এখন তোরা গা। ভবনাথ ও কালীকৃষ্ণ গান গাহিতেছেন:","ধন্য ধন্য ধন্য আজি দিন আনন্দকারী,
সব মিলে তব সত্যধর্ম ভারতে প্রচারি।
হৃদয়ে হৃদয়ে তোমারি ধাম, দিশি দিশি তব পুণ্য নাম;
ভক্তজনসমাজ আজি স্তুতি করে তোমারি।
নাহি চাহি প্রভু ধন জন মান, নাহি প্রভু অন্য কাম;
প্রার্থনা করে তোমারে আকুল নরনারী।
তব পদে প্রভু লইনু শরণ, কি ভয় বিপদে কি ভয় মরণ,
অমৃতের খনি পাইনু যখন জয় জয় তোমারি।"
s0044,song,শ্যামাপদ-আকাশেতে মন ঘুড়িখান উড়তেছিল ৷,,True,6,ঠাকুর | শ্রীরামকৃষ্ণ,12,9,পঞ্চবটীমূলে কীর্তনানন্দে,"১৮৮৩, ১১ই মার্চ",1883-03-11,https://www.ramakrishnavivekananda.info/kathamrita/unicodekathamrita/12_i_atpanchabati_154_155.html,"১৮৮৩, ১১ই মার্চ পঞ্চবটীমূলে কীর্তনানন্দে অপরাহ্নে ভক্তেরা পঞ্চবটীমূলে কীর্তন করিতেছেন। ঠাকুর শ্রীরামকৃষ্ণ তাঁহাদের সহিত যোগদান করিলেন। আজ ভক্তসঙ্গে মার নামকীর্তন করিতে করিতে আনন্দে ভাসিলেন:","শ্যামাপদ-আকাশেতে মন ঘুড়িখান উড়তেছিল ৷
কলুষের কুবাতাস পেয়ে গোপ্তা খেয়ে পড়ে গেল ॥
মায়াকান্নি হল ভারী, আর আমি উঠাতে নারি ৷
দারাসুত কলের দড়ি, ফাঁস লেগে সে ফেঁসে গেল ॥
জ্ঞান-মুণ্ড গেছে ছিঁড়ে, উঠিয়ে দিলে অমনি পড়ে ৷
মাথা নেই সে আর কি উড়ে, সঙ্গের ছজন জয়ী হল ॥
ভক্তি ডোরে ছিল বাঁধা, খেলতে এসে লাগল ধাঁধা ৷
নরেশচন্দ্রের হাসা-কাঁদা, না আসা এক ছিল ভাল ॥"
s0045,song,মজলো আমার মনভ্রমরা শ্যামাপদ নীলকমলে ৷,,True,6,ঠাকুর (implied),12,9,পঞ্চবটীমূলে কীর্তনানন্দে,"১৮৮৩, ১১ই মার্চ",1883-03-11,https://www.ramakrishnavivekananda.info/kathamrita/unicodekathamrita/12_i_atpanchabati_154_155.html,্তন করিতেছেন। ঠাকুর শ্রীরামকৃষ্ণ তাঁহাদের সহিত যোগদান করিলেন। আজ ভক্তসঙ্গে মার নামকীর্তন করিতে করিতে আনন্দে ভাসিলেন:  আবার গান হইল। গানের সঙ্গে সঙ্গে খোল-করতাল বাজিতে লাগিল। ঠাকুর ভক্তসঙ্গে নাচিতেছেন:,"মজলো আমার মনভ্রমরা শ্যামাপদ নীলকমলে ৷
(শ্যামাপদ নীলকমলে, কালীপদ নীলকমলে!)
যত বিষয়মধু তুচ্ছ হল কামাদি কুসুম সকলে ॥
চরণ কালো, ভ্রমর কালো, কালোয় কালো মিশে গেল ৷
পঞ্চতত্ত্ব, প্রধান মত্ত, রঙ্গ দেখে ভঙ্গ দিলে ॥
কমলাকান্তেরই মনে, আশাপূর্ণ এতদিনে ৷
তায় সুখ-দুঃখ সমান হলে আনন্দ সাগর উথলে ॥"
s0046,song,শ্যামা মা কি এক কল করেছে।,,True,3,ঠাকুর,12,9,পঞ্চবটীমূলে কীর্তনানন্দে,"১৮৮৩, ১১ই মার্চ",1883-03-11,https://www.ramakrishnavivekananda.info/kathamrita/unicodekathamrita/12_i_atpanchabati_154_155.html,হাদের সহিত যোগদান করিলেন। আজ ভক্তসঙ্গে মার নামকীর্তন করিতে করিতে আনন্দে ভাসিলেন:  আবার গান হইল। গানের সঙ্গে সঙ্গে খোল-করতাল বাজিতে লাগিল। ঠাকুর ভক্তসঙ্গে নাচিতেছেন:  কীর্তন চলিতেছে। ভক্তেরা গাহিতেছেন:,"শ্যামা মা কি এক কল করেছে।
(কালী মা কি এক কল করেছে)
চোদ্দপোয়া কলের ভিতরি, কল ঘুরায় ধরে কলডুরি,
কল বলে আপনি ঘুরি, জানে না কে ঘুরাতেছে।
যে কলে জেনেছে তারে, কল হতে হবে না তারে,
কোন কলের ভক্তিডোরে আপনি শ্যামা বাঁধা আছে।"
s0047,song,ভবে আসা খেলতে পাশা কত আশা করেছিলাম।,,False,2,,12,9,পঞ্চবটীমূলে কীর্তনানন্দে,"১৮৮৩, ১১ই মার্চ",1883-03-11,https://www.ramakrishnavivekananda.info/kathamrita/unicodekathamrita/12_i_atpanchabati_154_155.html,াদের সহিত যোগদান করিলেন। আজ ভক্তসঙ্গে মার নামকীর্তন করিতে করিতে আনন্দে ভাসিলেন:  আবার গান হইল। গানের সঙ্গে সঙ্গে খোল-করতাল বাজিতে লাগিল। ঠাকুর ভক্তসঙ্গে নাচিতেছেন:  কীর্তন চলিতেছে। ভক্তেরা গাহিতেছেন:,"ভবে আসা খেলতে পাশা, বড় আশা করেছিলাম।
আশার আশা ভাঙা দশা, প্রথমে পঞ্জুড়ি পেলাম।
প’বার আঠার ষোল, যুগে যুগে এলাম ভাল,
(শেষে) কচে বারো পেয়ে মাগো, পঞ্জা ছক্কায় বদ্ধ হলাম।
ছ-দুই-আট, ছ-চার-দশ, কেউ নয় মা আমার বশ;
খেলাতে না পেলাম যশ, এবার বাজী ভোর হইল।"
s0048,song,বিশ্বভুবনরঞ্জন ব্রহ্ম পরম জ্যোতিঃ ৷,,False,1,নরেন্দ্র তানপুরা,12,13,"নরেন্দ্র, রাখাল প্রভৃতি ভক্তসঙ্গে বলরাম-মন্দিরে","১৮৮৩, ৭ই এপ্রিল",1883-04-07,https://www.ramakrishnavivekananda.info/kathamrita/unicodekathamrita/12_m_atbalarams_159_162.html,"াপ করাও ভাল না — পাপের অভিনয় করাও ভাল না।” নরেন্দ্রের শরীর তত সুস্থ নয়, কিন্তু তাঁহার গান শুনিতে ঠাকুরের ভারী ইচ্ছা। তিনি বলিতেছেন, “নরেন্দ্র, এরা বলছে একটু গা না।” নরেন্দ্র তানপুরা লইয়া গাইতেছেন:","বিশ্বভুবনরঞ্জন ব্রহ্ম পরম জ্যোতিঃ ৷
অনাদিদেব জগৎপতি প্রাণের প্রাণ ॥"
s0049,song,"ওহে রাজরাজেশ্বর, দেখা দাও।",,False,2,নরেন্দ্র তানপুরা,12,13,"নরেন্দ্র, রাখাল প্রভৃতি ভক্তসঙ্গে বলরাম-মন্দিরে","১৮৮৩, ৭ই এপ্রিল",1883-04-07,https://www.ramakrishnavivekananda.info/kathamrita/unicodekathamrita/12_m_atbalarams_159_162.html,"প করাও ভাল না — পাপের অভিনয় করাও ভাল না।” নরেন্দ্রের শরীর তত সুস্থ নয়, কিন্তু তাঁহার গান শুনিতে ঠাকুরের ভারী ইচ্ছা। তিনি বলিতেছেন, “নরেন্দ্র, এরা বলছে একটু গা না।” নরেন্দ্র তানপুরা লইয়া গাইতেছেন:","ওহে রাজরাজেশ্বর, দেখা দাও!
করুণাভিখারী আমি করুণা কটাক্ষে চাও ৷৷
চরণে উৎসর্গ দান, করিতেছি এই প্রাণ,
সংসার-অনলকুণ্ডে ঝলসি গিয়াছে তাও ৷৷
কলুষ-কলঙ্কে তাহে আবরিত এ-হৃদয়;
মোহে মুগ্ধ মৃতপ্রায়, হয়ে আছি দয়াময়,
মৃতসঞ্জীবনী মন্ত্রে শোমৃ ন করিয়ে লও ৷৷"
s0050,song,গগনের থালে রবিচন্দ্র দীপক জ্বলে।,,False,2,নরেন্দ্র তানপুরা,12,13,"নরেন্দ্র, রাখাল প্রভৃতি ভক্তসঙ্গে বলরাম-মন্দিরে","১৮৮৩, ৭ই এপ্রিল",1883-04-07,https://www.ramakrishnavivekananda.info/kathamrita/unicodekathamrita/12_m_atbalarams_159_162.html,"করাও ভাল না — পাপের অভিনয় করাও ভাল না।” নরেন্দ্রের শরীর তত সুস্থ নয়, কিন্তু তাঁহার গান শুনিতে ঠাকুরের ভারী ইচ্ছা। তিনি বলিতেছেন, “নরেন্দ্র, এরা বলছে একটু গা না।” নরেন্দ্র তানপুরা লইয়া গাইতেছেন:","গগনের থালে রবিচন্দ্র দীপক জ্বলে।
তারকামণ্ডল চমকে মোতি রে।
ধূপ মলয়ানিল, পবন চামর করে,
সকল বনরাজি ফুটন্ত জ্যোতিঃ রে।
কেমন আরতি হে ভবখণ্ডন তব আরতি,
অনাহত শব্দ বাজন্ত ভেরী রে।"
s0051,song,দয়াঘন তোমা হেন কে হিতকারী!,,False,1,ভবনাথ,12,13,"নরেন্দ্র, রাখাল প্রভৃতি ভক্তসঙ্গে বলরাম-মন্দিরে","১৮৮৩, ৭ই এপ্রিল",1883-04-07,https://www.ramakrishnavivekananda.info/kathamrita/unicodekathamrita/12_m_atbalarams_159_162.html,"ঁহার গান শুনিতে ঠাকুরের ভারী ইচ্ছা। তিনি বলিতেছেন, “নরেন্দ্র, এরা বলছে একটু গা না।” নরেন্দ্র তানপুরা লইয়া গাইতেছেন:      নরেন্দ্রের গান সমাপ্ত হইল। ঠাকুর ভবনাথকে গান গাহিতে বলিতেছেন। ভবনাথ গাহিতেছেন:","দয়াঘন তোমা হেন কে হিতকারী!
সুখে-দুঃখে সব, বন্ধু এমন কে, পাপ-তাপ-ভয়হারী।"
s0052,song,"যতনে হৃদয়ে রেখো আদরিণী শ্যামা মাকে,",,True,5,শ্রীরামকৃষ্ণ,12,13,"নরেন্দ্র, রাখাল প্রভৃতি ভক্তসঙ্গে বলরাম-মন্দিরে","১৮৮৩, ৭ই এপ্রিল",1883-04-07,https://www.ramakrishnavivekananda.info/kathamrita/unicodekathamrita/12_m_atbalarams_159_162.html,"ছেন। কয়েকজন ব্রাহ্মভক্ত আসিয়াছেন। তাঁহাদের সঙ্গে কথা হইতেছে। ব্রাহ্মভক্ত — মহাশয়ের পঞ্চদশী দেখা আছে? শ্রীরামকৃষ্ণ — ও-সব একবার প্রথম প্রথম শুনতে হয়, — প্রথম প্রথম একবার বিচার করে নিতে হয়। তারপর —","যতনে হৃদয়ে রেখো আদরিণী শ্যামা মাকে,
মন তুই দেখ আর আমি দেখি, আর যেন কেউ নাহি দেখে।
কামাদিরে দিয়ে ফাঁকি, আয় মন বিরলে দেখি,
রসনার সঙ্গে রাখি, সে যেন মা বলে ডাকে।
(মাঝে মাঝে সে যেন মা বলে ডাকে) ॥
কুরুচি কুমন্ত্রী যত, নিকট হতে দিও নাকো
জ্ঞাননয়নকে প্রহরী রেখো, সে যেন সাবধানে থাকে।
(খুব যেন সাবধানে থাকে) ॥"
s0053,verse,‘সাধ করে শিখেছিলাম কাব্যরস যত ৷,,False,1,,12,13,"নরেন্দ্র, রাখাল প্রভৃতি ভক্তসঙ্গে বলরাম-মন্দিরে","১৮৮৩, ৭ই এপ্রিল",1883-04-07,https://www.ramakrishnavivekananda.info/kathamrita/unicodekathamrita/12_m_atbalarams_159_162.html,"ে চোঙ্গ — যতক্ষণ না সোনা গলে। গলার পর, যাই গড়নেতে ঢালা হল — অমনি নিশ্চিন্ত। “শাস্ত্র শুধু পড়লে হয় না। কামিনী-কাঞ্চনের মধ্যে থাকলে শাস্ত্রের মর্ম বুঝতে দেয় না। সংসারের আসক্তিতে জ্ঞান লোপ হয়ে যায়।","‘সাধ করে শিখেছিলাম কাব্যরস যত ৷
কালার পিরীতে পড়ে সব হইল হত ॥” (সকলের হাস্য)"
s0054,song,"দোষ কারু নয় গো মা, আমি স্বখাত সলিলে ডুবে মরি শ্যামা ৷",,False,3,গায়ক,12,16,দক্ষিণেশ্বরে শ্রীরামকৃষ্ণ ও ব্রাহ্মগণ,"১৮৮৩, ৮ই এপ্রিল",1883-04-08,https://www.ramakrishnavivekananda.info/kathamrita/unicodekathamrita/12_p_with_brahmos_165_168.html,তিনিই মনোবাঞ্ছা পূর্ণ করবেন — এই বলিয়া ঠাকুর দেবদুর্লভ কণ্ঠে গাহিতেছেন। জীবের দুঃখে কাতর হইয়া মার কাছে হৃদয়ের বেদনা জানাইতেছেন। প্রাকৃত জীবের অবস্থা নিজে আরোপ করিয়া মার কাছে জীবের দুঃখ জানাইতেছেন:,"দোষ কারু নয় গো মা, আমি স্বখাত সলিলে ডুবে মরি শ্যামা ৷
ষড়রিপু হল কোদণ্ডস্বরূপ, পুণ্যক্ষেত্র মাঝে কাটিলাম কূপ,
সে কূপে বেড়িল কালরূপ জল, কাল-মনোরমা ॥
আমার কি হবে তারিণী, ত্রিগুণধারিণী — বিগুণ করেছে স্বগুণে,
কিসে এ-বারি নিবারি, ভেবে দাশরথির অনিবার বারি নয়নে ৷
ছিল বারি কক্ষে, ক্রমে এল বক্ষে, জীবনে জীবন কেমনে হয় মা রক্ষে,
আছি তোর অপিক্ষে, দে মা মুক্তিভিক্ষে, কটাক্ষেতে করে পার ॥"
s0055,song,"এ কি বিকার শঙ্করী, কৃপা-চরণতরী পেলে ধন্বন্তরি!",,True,2,ঠাকুর,12,16,দক্ষিণেশ্বরে শ্রীরামকৃষ্ণ ও ব্রাহ্মগণ,"১৮৮৩, ৮ই এপ্রিল",1883-04-08,https://www.ramakrishnavivekananda.info/kathamrita/unicodekathamrita/12_p_with_brahmos_165_168.html,েন। জীবের দুঃখে কাতর হইয়া মার কাছে হৃদয়ের বেদনা জানাইতেছেন। প্রাকৃত জীবের অবস্থা নিজে আরোপ করিয়া মার কাছে জীবের দুঃখ জানাইতেছেন:  আবার গান গাহিতেছেন। জীবের বিকাররোগ! তাঁর নামে রুচি হলে বিকার কাটবে:,"এ কি বিকার শঙ্করী, কৃপা-চরণতরী পেলে ধন্বন্তরি!
অনিত্য গৌরব হল অঙ্গদাহ, আমার আমার একি হল পাপ মোহ;
(তায়) ধনজনতৃষ্ণা না হয় বিরহ, কিসে জীবন ধরি ॥
অনিত্য আলাপ, কি পাপ প্রলাপ, সতত সর্বমঙ্গলে;
মায়া-কাকনিদ্রা তাহে দাশরথির নয়নযুগলে;
হিংসারূপ তাহে সে উদরে কৃমি, মিছে কাজে ভ্রমি, সেই হয় ভ্রমি,
রোগে বাঁচি কি না বাঁচি ত্বন্নামে অরুচি দিবা শর্বরী ॥"
s0056,song,"নবনীরদবরণ কিসে গণ্য শ্যামচাঁদ রূপ হেরে,",,True,3,ঠাকুরের,12,17,শ্রীরামলাল প্রভৃতির গান ও শ্রীরামকৃষ্ণের সমাধি,"১৮৮৩, ৮ই এপ্রিল",1883-04-08,https://www.ramakrishnavivekananda.info/kathamrita/unicodekathamrita/12_q_ramlals_songs_168_170.html,"১৮৮৩, ৮ই এপ্রিল শ্রীরামলাল প্রভৃতির গান ও শ্রীরামকৃষ্ণের সমাধি ঠাকুর শ্রীরামকৃষ্ণ গান গাহিতে বলিলেন। রামলাল ও কালীবাড়ির একটি ব্রাহ্মণ কর্মচারী গাহিতেছেন। সঙ্গতের মধ্যে একটি বাঁয়ার ঠেকা —","নবনীরদবরণ কিসে গণ্য শ্যামচাঁদ রূপ হেরে,
করেতে বাঁশি অধরে হাসি, রূপে ভুবন আলো রে ॥
জড়িত পীতবসন, তড়িত জিনি ঝলমল,
আন্দোলিত চরণাবধি হৃদিসরোজে বনমাল,
নিতে যুবতী-জাতিকুল, আলো করে যমুনাকুল,
নন্দকুল চন্দ্র যত চন্দ্র জিনি বিহরে ॥
শ্যামগুণধাম পশি, হাম হদিমন্দিরে,
প্রাণ মন জ্ঞান সখি হরে নিল বাঁশির স্বরে,
গঙ্গানারায়ণের যে দুঃখ সে-কথা বলিব কারে,
জানতে যদি যেতে গো সখী যমুনায় জল আনিবারে ॥"
s0057,song,নাথ! তিমি সর্বস্ব আমার। প্রাণাধার সারাৎসার;,,False,1,রামলাল,12,17,শ্রীরামলাল প্রভৃতির গান ও শ্রীরামকৃষ্ণের সমাধি,"১৮৮৩, ৮ই এপ্রিল",1883-04-08,https://www.ramakrishnavivekananda.info/kathamrita/unicodekathamrita/12_q_ramlals_songs_168_170.html,"বেরুতে লাগল! নিত্যসিদ্ধের প্রথম অনুরাগ যখন লোকে দেখে, তখন অবাক্‌ হয়। বলে এত ভক্তি-বৈরাগ্য-প্রেম কোথায় ছিল?” ঠাকুর অনুরাগের কথা বলিতেছেন। গোপীদের অনুরাগের কথা। আবার গান হইতে লাগিল। রামলাল গাহিতেছেন:","নাথ! তিমি সর্বস্ব আমার। প্রাণাধার সারাৎসার;
নাহি তোমা বিনে কেহ ত্রিভুবনে, বলিবার আপনার ॥
তুমি সুখ শান্তি, সহায় সম্বল, সম্পদ ঐশ্বর্য, জ্ঞান বুদ্ধি বল,
তুমি বাসগৃহ, আরামের স্থল, আত্মীয় বন্ধু পরিবার ॥
তুমি ইহকাল, তুমি পরিত্রাণ, তুমি পরকাল, তুমি স্বর্গধাম,
তুমি শাস্ত্রবিধি গুরুকল্পতরু, অনন্ত সুখের আধার ॥
তুমি হে উপায়, তুমি হে উদ্দেশ্য, তুমি স্রষ্টা পাতা তুমি হে উপাস্য,
দণ্ডদাতা পিতা, স্নেহময়ী মাতা, ভবার্ণবে কর্ণধার (তুমি) ॥"
s0058,song,"ধোরো না ধোরো না রথচক্র রথ কি চক্রে চলে,",,True,3,ঠাকুরের,12,17,শ্রীরামলাল প্রভৃতির গান ও শ্রীরামকৃষ্ণের সমাধি,"১৮৮৩, ৮ই এপ্রিল",1883-04-08,https://www.ramakrishnavivekananda.info/kathamrita/unicodekathamrita/12_q_ramlals_songs_168_170.html,"শ্রীরামকৃষ্ণ (ভক্তদের প্রতি) — আহা কি গান! “তুমি সর্বস্ব আমার!” গোপীরা অক্রুর আসবার পর শ্রীমতীকে বললে, রাধে! তোর সর্বস্ব ধন হরে নিতে এসেছে! এই ভালবাসা। ভগবানের জন্য এই ব্যাকুলতা। আবার গান চলিতে লাগিল:","ধোরো না ধোরো না রথচক্র রথ কি চক্রে চলে,
যে চক্রের চক্রের চক্রী হরি যার চক্রে জগৎ চলে।"
s0059,song,"প্যারী! কার তরে আর, গাঁথ হার যতনে।",,False,1,,12,17,শ্রীরামলাল প্রভৃতির গান ও শ্রীরামকৃষ্ণের সমাধি,"১৮৮৩, ৮ই এপ্রিল",1883-04-08,https://www.ramakrishnavivekananda.info/kathamrita/unicodekathamrita/12_q_ramlals_songs_168_170.html,"্রীরামকৃষ্ণ (ভক্তদের প্রতি) — আহা কি গান! “তুমি সর্বস্ব আমার!” গোপীরা অক্রুর আসবার পর শ্রীমতীকে বললে, রাধে! তোর সর্বস্ব ধন হরে নিতে এসেছে! এই ভালবাসা। ভগবানের জন্য এই ব্যাকুলতা। আবার গান চলিতে লাগিল:","প্যারী! কার তরে আর, গাঁথ হার যতনে।"
s0060,song,"জীব সাজ সমরে, রণবেশে কাল প্রবেশ তোর ঘরে।",,True,1,ঠাকুর,12,18,"শ্রীরামকৃষ্ণের ঈশ্বরাবেশ, তাঁহার মুখে ঈশ্বরের বাণী","১৮৮৩, ৮ই এপ্রিল",1883-04-08,https://www.ramakrishnavivekananda.info/kathamrita/unicodekathamrita/12_r_divine_form_170_172.html,"ভাব — হাসে, কাঁদে, নাচে, গায় — সেখানে তিনি সাক্ষাৎ বর্তমান।” [পুত্রশোক — “জীব সাজ সমরে” ] ঠাকুর অধরের কুশল পরিচয় লইলেন। অধর তাঁহার বন্ধুর পুত্রশোকের কথা নিবেদন করিলেন। ঠাকুর অপনার মনে গান গাহিতেছেন:","জীব সাজ সমরে, রণবেশে কাল প্রবেশ তোর ঘরে।
ভক্তিরথে চড়ি, লয়ে জ্ঞানতূণ, রসনাধনুকে দিয়ে প্রেমগুণ,
ব্রহ্মময়ীর নাম ব্রহ্ম-অস্ত্র তাহে সন্ধান করে ॥
আর এক যুক্তি রণে, চাই না রথরথী, শত্রুনাশে জীব হবে সুসঙ্গতি,
রণভূমি যদি করে দাশরথি ভাগীরথীর তীরে ॥"
s0061,song,লাখবান কাঞ্চন জিনি। রসে ঢর ঢর গোরা মুঁজাঙ নিছনি ॥,,False,1,,13,2,ভক্তসঙ্গে সংকীর্তনানন্দে — সমাধিমন্দিরে,"১৮৮৩, ১৫ই এপ্রিল",1883-04-15,https://www.ramakrishnavivekananda.info/kathamrita/unicodekathamrita/13_b_singing_with_devotees_176_177.html,"েন, “আ মরি! আ মরি! আমার রোমাঞ্চ হচ্ছে।” গায়কেরা জিজ্ঞাসা কল্লেন, কিরূপ পদ গাহিবেন? ঠাকুর শ্রীরামকৃষ্ণ বিনীতভাবে বলিলেন “একটু গৌরাঙ্গের কথা গাও।” কীর্তন আরম্ভ হইল। প্রথমে গৌরচন্দ্রিকা। তৎপরে অন্য গীত:","লাখবান কাঞ্চন জিনি। রসে ঢর ঢর গোরা মুঁজাঙ নিছনি ॥
কি কাজ শরদ কোটি শশী। জগৎ করিলে আলো গোরা মুখের হাসি ॥"
s0062,song,"ধনি মালা গাঁথে, শ্যামগলে দোলাইতে,",,False,1,,13,2,ভক্তসঙ্গে সংকীর্তনানন্দে — সমাধিমন্দিরে,"১৮৮৩, ১৫ই এপ্রিল",1883-04-15,https://www.ramakrishnavivekananda.info/kathamrita/unicodekathamrita/13_b_singing_with_devotees_176_177.html,"শ্রীরামকৃষ্ণ আসন পুনর্বার গ্রহণ করিয়াছেন। কীর্তন চলিতে লাগিল। শ্রীমতী বলছেন, চক্ষু গেল, শ্রবণ গেল, ঘ্রাণ গেল, ইন্দ্রিয় সকলে চলে গেল, — (আমি একেলা কেন বা রলাম গো)। শেষে শ্রীরাধাকৃষ্ণের মিলন গান হইল:","ধনি মালা গাঁথে, শ্যামগলে দোলাইতে,
এমন সময়ে আইল সম্মুখে শ্যাম গুণমনি।
নিধুবনে শ্যামবিনোদিনী ভোর।
দুঁহার রূপের নাহিক উপমা প্রেমের নাহির ওর ॥
হিরণ কিরণ আধ বরণ আধ নীল মণি-জ্যোতিঃ।
আধ গলে বন-মালা বিরাজিত আধ গলে গজমতি ॥
আধ শ্রবণে মকর-কুণ্ডল আধ রতন ছবি।
আধ কপালে চাঁদের উদয় আধ কপালে রবি ॥
আধ শিরে শোভে ময়ূর শিখণ্ড আধ শিরে দোলে বেণী।
করকমল করে ঝলমল, ফণী উগারবে মণি ॥"
s0063,song,গো আনন্দময়ী হয়ে আমায় নিরানন্দ কর না।,,True,7,ঠাকুর | ভবনাথ | মণি,13,3,ঠাকুর শ্রীরামকৃষ্ণ ও সাকার-নিরাকার,"১৮৮৩, ১৫ই এপ্রিল",1883-04-15,https://www.ramakrishnavivekananda.info/kathamrita/unicodekathamrita/13_c_form_formless_177_178.html,"মিছরীর পানার সন্ধান কত্তে ইচ্ছা হয় না। “তোমরা দেখ, কেমন বাহিরে দর্শন কচ্ছ আর আনন্দ পাচ্ছ। যারা নিরাকার নিরাকার করে কিছু পায় না, তাদের না আছে বাহিরে না আছে ভিতরে।” ঠাকুর মার নাম করিয়া গান গাহিতেছেন:","গো আনন্দময়ী হয়ে মা আমায় নিরানন্দ করো না।
(ওমা) ও দুটি চরণ বিনে আমার মন, অন্য কিছু আর জানে না ॥
তপন-তনয় আমায় মন্দ কয়, কি বলিব তায় বল না।
ভবানী বলিয়ে, ভবে যাব চলে, মনে ছিল এই বাসনা ॥
অকুলপাথারে ডুবাবি আমারে (ওমা) স্বপনেও তাতো জানি না ॥
অহরহর্নিশি, শ্রীদুর্গানামে ভাসি, তবু দুখরাশি গেল না।
এবার যদি মরি ও হরসুন্দরী, তোর দুর্গানাম আর কেউ লবে না ॥"
s0064,song,বল রে বল শ্রীদুর্গানাম। (ওরে আমার আমার মন রে) ॥,,True,2,ঠাকুর,13,3,ঠাকুর শ্রীরামকৃষ্ণ ও সাকার-নিরাকার,"১৮৮৩, ১৫ই এপ্রিল",1883-04-15,https://www.ramakrishnavivekananda.info/kathamrita/unicodekathamrita/13_c_form_formless_177_178.html,"ান কত্তে ইচ্ছা হয় না। “তোমরা দেখ, কেমন বাহিরে দর্শন কচ্ছ আর আনন্দ পাচ্ছ। যারা নিরাকার নিরাকার করে কিছু পায় না, তাদের না আছে বাহিরে না আছে ভিতরে।” ঠাকুর মার নাম করিয়া গান গাহিতেছেন:  আবার গাহিতেছেন:","বল রে শ্রীদুর্গা নাম।
(ওরে আমার আমার আমার রে)।
নমো নমো গৌরী, নমোনারায়ণী!
দুঃখী দাসে কর দয়া তবে গুণ জানি ॥
তুমি সন্ধ্যা, তুমি দিবা তুমি গো যামিনী।
কখন পুরুষ হও মা, কখন কামিনী ॥
রামরূপে ধর ধনু মা, কৃষ্ণরূপে বাঁশী।
ভুলালি শিবের মন মা হয়ে এলোকেশী।
দশ মহাবিদ্যা তুমি মা, দশ অবতার।
কোনরূপে এইবার আমারে কর মা পার ॥
যশোদা পূজিয়েছিল মা জবা বিল্বদলে ।
মনোবাঞ্ছা পূর্ণ কৈলি কৃষ্ণ দিয়ে কোলে ॥
যেখানে সেখানে থাকি মা, থাকি গো কাননে।
নিশিদিন মন থাকে যেন ও রাঙ্গাচরণে ॥
যেখানে সেখানে মরি মা, মরি গো বিপাকে।
অন্তকালে জিহ্বা যেন মা, শ্রীদুর্গা বলে ডাকে ॥
যদি বল যাও যাও মা, যাব কার কাছে।
সুধামাখা তারা নাম, মা আর কার আছে ॥
যদি বল ছাড় ছাড় মা, আমি না ছাড়িব।
বাজন নূপুর হয়ে মা, তোর চরণে বাজিব।
যখন বসিবে মাগো শিব সন্নিধানে। —
জয় শিব জয় শিব বলে বাজিব চরণে ॥
চরণে লিখিতে নাম আঁচড় যদি যায়।
ভূমিতে লিখিয়ে থুই নাম, পদ দে গো তায় ॥
শঙ্করী হইয়ে মাগো গগনে উড়িবে ।
মীন হয়ে রব জলে মা, নখে তুলে লবে ॥
নখাঘাতে ব্রহ্মময়ি যখন যাবে গো পরাণী।
কৃপা করে দিও মা গো রাঙ্গা চরণ দুখানি ॥
পার কর ও মা কালী, কালের কামিনী।
তরাবারে দুটু পদ করেছ তরণী ॥
তুমি স্বর্গ, তুমি মর্ত্য, তুমি গো পাতাল।
তোমা হতে হরি ব্রহ্মা দ্বাদশ গোপাল ॥
গোলকে সর্বমঙ্গলা, ব্রজে কাত্যায়নী।
কাশীতে মা অন্নপূর্ণা অনন্তরূপিণী ॥
দুর্গা দুর্গা দুর্গা বলে যেবা পথে চলে যায়।
শূলহস্তে শূলপাণি রক্ষা করেন তায় ॥"
s0065,verse,ওঁ সত্যং জ্ঞানমনন্তং ব্রহ্ম। আনন্দরূপমমৃতংযদ্বিভাতি।,,False,1,,13,6,"নন্দনবাগান ব্রাহ্মসমাজে রাখাল, মাস্টার প্রভৃতি ভক্তসঙ্গে","১৮৮৩, ২রা মে",1883-05-02,https://www.ramakrishnavivekananda.info/kathamrita/unicodekathamrita/13_f_at_nandanbagan_183_186.html,"াঠ করিতে লাগিলেন: ‘ওঁ পিতা নোঽসি পিতা নোবোধি। নমস্তেস্তু মা মা হিংসীঃ। ‘তুমি আমাদের পিতা, আমাদের সদ্বুদ্ধি দাও — তোমাকে নমস্কার। আমাদিগকে বিনাশ করিও না।’ ব্রাহ্মভক্তেরা সমস্বরে আচার্যের সহিত বলিতেছেন:","ওঁ সত্যং জ্ঞানমনন্তং ব্রহ্ম। আনন্দরূপমমৃতংযদ্বিভাতি।
শান্তং শিবমদ্বৈতম্‌ শুদ্ধমপাপবিদ্ধম্‌।"
s0066,verse,অসতো মা সদ্‌গময়। তমসো মা জ্যোতির্গময়।,,False,1,,13,6,"নন্দনবাগান ব্রাহ্মসমাজে রাখাল, মাস্টার প্রভৃতি ভক্তসঙ্গে","১৮৮৩, ২রা মে",1883-05-02,https://www.ramakrishnavivekananda.info/kathamrita/unicodekathamrita/13_f_at_nandanbagan_183_186.html,"মাদের পিতা, আমাদের সদ্বুদ্ধি দাও — তোমাকে নমস্কার। আমাদিগকে বিনাশ করিও না।’ ব্রাহ্মভক্তেরা সমস্বরে আচার্যের সহিত বলিতেছেন:  এইবার আচার্যগণ স্তব করিতেছেন:  স্তোত্রপাঠের পর আচার্যেরা প্রার্থনা করিতেছেন:","অসতো মা সদ্‌গময়। তমসো মা জ্যোতির্গময়।
মৃত্যোর্মাঽমৃতং গময়। ...আবিরাবীর্ম এধি।
...রুদ্র যত্তে দক্ষিণং মুখং তেন মাং পাহি নিত্যম্‌।"
s0067,song,"সদানন্দময়ী কালী, মহাকালের মনোমোহিনী ৷",,True,2,ঠাকুর | ঠাকুর (implied),13,8,দক্ষিণেশ্বর-মন্দিরে ভক্তসঙ্গে শ্রীরামকৃষ্ণ,"১৮৮৩, ২৭শে মে",1883-05-27,https://www.ramakrishnavivekananda.info/kathamrita/unicodekathamrita/13_h_with_devotees_187_190.html,"র প্রতিবেশী। ঠাকুর ঝামাপুকুরে যখন ছিলেন, গোবিন্দ চাটুজ্যের বাড়িতে থাকিতেন। সেই পুরাতন বাটী নকুড় মাস্টারকে দেখাইয়াছিলেন। [শ্রীরামকৃষ্ণ জগন্মাতার নামকীর্তনানন্দে ] ঠাকুর ভাবাবেশে গান গাইতেছেন: কীর্তন","সদানন্দময়ী কালী, মহাকালের মনোমোহিনী ৷
তুমি আপন সুখে আপনি নাচ, আপনি দাও মা করতালি ৷৷
আদিভূতা সনাতনী, শূন্যরূপা শশিভালি ৷
ব্রহ্মাণ্ড ছিল না যখন (তুই) মুণ্ডমালা কোথায় পেলি ৷৷
সবে মাত্র তুমি যন্ত্রী, আমরা তোমার তন্ত্রে চলি ৷
যেমন করাও তেমনি করি মা, যেমন বলাও তেমনি বলি ৷৷
নির্গুণে কমলাকান্ত দিয়ে বলে মা গালাগালি ৷
সর্বনাশী ধরে অসি ধর্মাধর্ম দুটো খেলি ৷৷"
s0068,song,আমার মা ত্বং হি তারা,,True,1,ঠাকুর,13,8,দক্ষিণেশ্বর-মন্দিরে ভক্তসঙ্গে শ্রীরামকৃষ্ণ,"১৮৮৩, ২৭শে মে",1883-05-27,https://www.ramakrishnavivekananda.info/kathamrita/unicodekathamrita/13_h_with_devotees_187_190.html,"প্রতিবেশী। ঠাকুর ঝামাপুকুরে যখন ছিলেন, গোবিন্দ চাটুজ্যের বাড়িতে থাকিতেন। সেই পুরাতন বাটী নকুড় মাস্টারকে দেখাইয়াছিলেন। [শ্রীরামকৃষ্ণ জগন্মাতার নামকীর্তনানন্দে ] ঠাকুর ভাবাবেশে গান গাইতেছেন: কীর্তন","আমার মা ত্বং হি তারা
তুমি ত্রিগুণধরা পরাৎপরা।
আমি জানি মা ও দীন-দয়াময়ী, তুমি দুর্গমেতে দুখহরা ৷
তুমি সন্ধ্যা তুমি গায়ত্রী, তুমি জগধাত্রী, গো মা
তুমি অকুলের ত্রাণকর্ত্রী, সদাশিবের মনোরমা ৷
তুমি জলে, তুমি স্থলে, তুমি আদ্যমূলে গো মা
আছ সর্বঘটে অর্ঘ্যপুটে সাকার আকার নিরাকারা।"
s0069,song,"গোলমালে মাল রয়েছে, গোল ছেড়ে মাল বেছে নাও।",,True,1,ঠাকুর,13,8,দক্ষিণেশ্বর-মন্দিরে ভক্তসঙ্গে শ্রীরামকৃষ্ণ,"১৮৮৩, ২৭শে মে",1883-05-27,https://www.ramakrishnavivekananda.info/kathamrita/unicodekathamrita/13_h_with_devotees_187_190.html,"প্রতিবেশী। ঠাকুর ঝামাপুকুরে যখন ছিলেন, গোবিন্দ চাটুজ্যের বাড়িতে থাকিতেন। সেই পুরাতন বাটী নকুড় মাস্টারকে দেখাইয়াছিলেন। [শ্রীরামকৃষ্ণ জগন্মাতার নামকীর্তনানন্দে ] ঠাকুর ভাবাবেশে গান গাইতেছেন: কীর্তন","গোলমালে মাল রয়েছে, গোল ছেড়ে মাল বেছে নাও।"
s0070,song,"মন চল যাই, আর কাজ নাই, তারাও ও তালুকে রে!",,True,1,ঠাকুর,13,8,দক্ষিণেশ্বর-মন্দিরে ভক্তসঙ্গে শ্রীরামকৃষ্ণ,"১৮৮৩, ২৭শে মে",1883-05-27,https://www.ramakrishnavivekananda.info/kathamrita/unicodekathamrita/13_h_with_devotees_187_190.html,"্রতিবেশী। ঠাকুর ঝামাপুকুরে যখন ছিলেন, গোবিন্দ চাটুজ্যের বাড়িতে থাকিতেন। সেই পুরাতন বাটী নকুড় মাস্টারকে দেখাইয়াছিলেন। [শ্রীরামকৃষ্ণ জগন্মাতার নামকীর্তনানন্দে ] ঠাকুর ভাবাবেশে গান গাইতেছেন: কীর্তন","মন চল যাই, আর কাজ নাই, তারাও ও তালুকে রে!"
s0071,song,মায়ে পোয়ে দুটো দুখের কথা কি।,,True,1,ঠাকুর,13,8,দক্ষিণেশ্বর-মন্দিরে ভক্তসঙ্গে শ্রীরামকৃষ্ণ,"১৮৮৩, ২৭শে মে",1883-05-27,https://www.ramakrishnavivekananda.info/kathamrita/unicodekathamrita/13_h_with_devotees_187_190.html,"তিবেশী। ঠাকুর ঝামাপুকুরে যখন ছিলেন, গোবিন্দ চাটুজ্যের বাড়িতে থাকিতেন। সেই পুরাতন বাটী নকুড় মাস্টারকে দেখাইয়াছিলেন। [শ্রীরামকৃষ্ণ জগন্মাতার নামকীর্তনানন্দে ] ঠাকুর ভাবাবেশে গান গাইতেছেন: কীর্তন","মায়ে পোয়ে দুটো দুখের কথা কি।
কারুর হাতির উপর ছি, কারু চিঁড়ের উপর খাসা দই ৷"
s0072,song,"ঘরের বাহিরে, দণ্ডে শতবার তিলে তিলে আসে যায়",,False,2,গোস্বামী,13,8,দক্ষিণেশ্বর-মন্দিরে ভক্তসঙ্গে শ্রীরামকৃষ্ণ,"১৮৮৩, ২৭শে মে",1883-05-27,https://www.ramakrishnavivekananda.info/kathamrita/unicodekathamrita/13_h_with_devotees_187_190.html,ীর্তন গান করিতেছেন। একটু শুনিতে শুনিতেই ঠাকুর রাধার ভাবে ভাববিষ্ট। প্রথমেই গৌরচন্দ্রিকা কীর্তন। “করতলে হাত — চিন্তিত গোরা — আজ কেন চিন্তিত? — বুঝি রাধার ভাবে হয়েছে ভাবিত।” গোস্বামী আবার গান গাইতেছেন:,"ঘরের বাহিরে দণ্ডে শতবার, তিলে তিলে আইসে যায়।
মন উচাটন নিঃশ্বাস সঘন, কদম্ব কাননে চায় ॥
(রাই এমন কেনে বা হৈল)।
গুরু দুরু জন, ভয় নাহি মন, কোথা বা কি দেব পাইল ॥
সদাই চঞ্চল, বসন অঞ্চল, সম্বরণ নাহি করে।
বসি বসি থাকি, উঠয়ে চমকি, ভূষণ খসিয়া পড়ে ॥
বয়সে কিশোরী রাজার কুমারী, তাহে কুলবধূ বালা।
কিবা অভিলাষে, আছয়ে লালসে, না বুঝি তাহার ছলা ॥
তাহার চরিতে, হেন বুঝি চিতে, হাত বাড়াইল চান্দে।
চণ্ডীদাস কয়, করি অনুনয়, ঠেকেছে কালিয়া ফান্দে ॥"
s0073,song,"শ্রীমতী বলছেন, সখি, প্রাণ যায়, কৃষ্ণ এনে দে!",,False,1,গোস্বামী কলহান্তরিতা,13,9,কলিকাতায় বলরাম ও অধরের বাটীতে শ্রীরামকৃষ্ণ,"১৮৮৩, ২রা জুন",1883-06-02,https://www.ramakrishnavivekananda.info/kathamrita/unicodekathamrita/13_i_at_balarams_190_193.html,"াধুসঙ্গ হলে এই ব্যাকুলতা হতে পারে? শ্রীরামকৃষ্ণ — হাঁ, হতে পারে, তবে পাষণ্ডের হয় না। সাধুর কমণ্ডলু চার-ধাম করে এল, তবু যেমন তেতো তেমনি তেতো! এইবার কীর্তন আরম্ভ হইয়াছে। গোস্বামী কলহান্তরিতা গাইতেছেন:","শ্রীমতী বলছেন, সখি, প্রাণ যায়, কৃষ্ণ এনে দে!"
s0074,song,সবহুঁ মিলি কয়লি প্রীত...,,False,1,,13,9,কলিকাতায় বলরাম ও অধরের বাটীতে শ্রীরামকৃষ্ণ,"১৮৮৩, ২রা জুন",1883-06-02,https://www.ramakrishnavivekananda.info/kathamrita/unicodekathamrita/13_i_at_balarams_190_193.html,"াধে, কৃষ্ণমেঘে বরিষণ হত, কিন্তু তুই মান-ঝঞ্ঝাবাতে মেঘ উড়াইলি। তুই কৃষ্ণসুখে সুখী নস্‌, তাহলে মান করবি কেন? শ্রীমতী — সখি, মান তো আমার নয়। যার মান তার সঙ্গে গেছে। ললিতা শ্রীমতীর হয়ে দুটো কথা বলছেন —","সবহুঁ মিলি কয়লি প্রীত...
কোই দেখাইলি ঘাটে মাঠে, বিশাখা দেখালি চিত্রপটে!"
s0075,song,"তুমি স্বর্গ, তুমি মর্ত মা, তুমি সে পাতাল।",,False,1,,14,1,দক্ষিণেশ্বরে ফলহারিণী-পূজাদিবসে ভক্তসঙ্গে,"১৮৮৩, ৪ঠা জুন",1883-06-04,https://www.ramakrishnavivekananda.info/kathamrita/unicodekathamrita/14_a_at_dakshineshwar_196_197.html,"মবার, ইংরেজী ৪ঠা জুন, ১৮৮৩ খ্রীষ্টাব্দ। মাস্টার পূর্বদিন রবিবারে আসিয়াছেন। ওই রাত্রে কাত্যায়নীপূজা। ঠাকুর প্রেমাবিষ্ট হইয়া নাটমন্দিরে মার সম্মুখে দাঁড়াইয়া, বলিতেছেন, “মা, তুমিই ব্রজের কাত্যায়নী:","তুমি স্বর্গ, তুমি মর্ত মা, তুমি সে পাতাল।
তোমা হতে হরি ব্রহ্মা, দ্বাদশ গোপাল।
দশ মহাবিদ্যা মাতা দশ অবতার।
এবার কোনরূপে আমায় করিতে হবে পার।”"
s0076,song,আপনাতে আপনি থেকো মন যেও নাকো কারু ঘরে।,,True,4,ঠাকুর,14,4,মণিলাল প্রভৃতি সঙ্গে শ্রীরামকৃষ্ণ ও নিরাকারবাদ,"১৮৮৩, ৪ঠা জুন",1883-06-04,https://www.ramakrishnavivekananda.info/kathamrita/unicodekathamrita/14_d_with_manilal_b_200_202.html,"শ্রীরামকৃষ্ণ দাসীকে সম্বোধন করিয়া করুণামাখা স্বরে বলিতেছেন, “তোরা অমনি প্রণাম করবি।” এই বলিয়া আবার আসন গ্রহণ করিয়া দাসীকে ভুলাইবার চেষ্টা করিতেছেন। বলিলেন, “একটু গান শোন।” তাহাকে গান শুনাইতেছেন:","আপনাতে আপনি থেকো মন যেও নাকো কারু ঘরে।
যা চাবি তাই বসে পাবি, খোঁজ নিজ অন্তঃপুরে ॥
পরমধন এই পরশমণি, যা চাবি তাই দিতে পারে ৷
কত মণি পড়ে আছে আমার চিন্তামণির নাচ দুয়ারে ॥"
s0077,song,"কে রণে নাচিছে বামা নীরদবরণী,",,False,3,শ্রীযুক্ত রামলাল | রামলাল | ’ রামলাল,14,8,দক্ষিণেশ্বরে মণিরামপুর ও বেলঘরের ভক্তসঙ্গে,"১৮৮৩, ১০ই জুন",1883-06-10,https://www.ramakrishnavivekananda.info/kathamrita/unicodekathamrita/14_h_with_manirampur_devotees_a_207_209.html,"’ নষ্ট মেয়ে বুঝতে পারতুম। বিধবা সোজা সিঁথে কেটেছে, আর খুব অনুরাগের সহিত গায়ে তেল মাখছে! লজ্জা কম, বসবার রকমই আলাদা। “থাক বিষয়ীদের কথা।” রামলালকে গান গাহিতে বলিতেছেন। শ্রীযুক্ত রামলাল গান গাহিতেছেন:","কে রণে নাচিছে বামা নীরদবরণী।
শোণিত সায়রে যেন ভাসিছে নব নলিনী ॥"
s0078,song,"কি করলে হে কান্ত! অবলারি প্রাণ কান্ত,",,False,1,মন্দোদরীর,14,8,দক্ষিণেশ্বরে মণিরামপুর ও বেলঘরের ভক্তসঙ্গে,"১৮৮৩, ১০ই জুন",1883-06-10,https://www.ramakrishnavivekananda.info/kathamrita/unicodekathamrita/14_h_with_manirampur_devotees_a_207_209.html,"ব অনুরাগের সহিত গায়ে তেল মাখছে! লজ্জা কম, বসবার রকমই আলাদা। “থাক বিষয়ীদের কথা।” রামলালকে গান গাহিতে বলিতেছেন। শ্রীযুক্ত রামলাল গান গাহিতেছেন:  এইবার রামলাল রাবণবধের পর মন্দোদরীর বিলাপ গান গাহিতেছেন:","কি করলে হে কান্ত! অবলারি প্রাণ কান্ত,
হয় না শান্ত এ প্রাণান্ত বিনে।"
s0079,song,"শুনেছি রাম তারক ব্রহ্ম, মানুষ নয় রাম জটাধারী ৷",,False,1,,14,8,দক্ষিণেশ্বরে মণিরামপুর ও বেলঘরের ভক্তসঙ্গে,"১৮৮৩, ১০ই জুন",1883-06-10,https://www.ramakrishnavivekananda.info/kathamrita/unicodekathamrita/14_h_with_manirampur_devotees_a_207_209.html,"শুনিতে শুনিতে ঠাকুর অশ্রু বিসর্জন করিতেছেন, আর বলিতেছেন, “আমি ঝাউতলায় বাহ্যে করতে গিয়ে শুনেছিলাম, নৌকার মাঝি নৌকাতে ওই গান গাচ্ছে; ঝাউতলায় যতক্ষণ বসেছিলাম খালি কেঁদেছি; আমাকে ধরে ধরে ঘরে নিয়ে এল।”","শুনেছি রাম তারক ব্রহ্ম, মানুষ নয় রাম জটাধারী ৷
পিতে কি নাশিতে বংশ, সীতে তার করেছ চুরি ॥"
s0080,song,মন রে কৃষি কাজ জানো না।,,True,4,ঠাকুরের,14,14,শ্রীরামকৃষ্ণ দক্ষিণেশ্বরে ভক্তসঙ্গে,"১৮৮৩, ১৭ই জুন",1883-06-17,https://www.ramakrishnavivekananda.info/kathamrita/unicodekathamrita/14_n_at_dakshineshwar_219_222.html,"রলে সুফল, মন্দ কর্ম করলে কুফল; লঙ্কা খেলে ঝাল লাগবে না? এ-সব তাঁর লীলা-খেলা। তান্ত্রিকভক্ত — আমাদের উপায় কি? কর্মের ফল তো আছে? শ্রীরামকৃষ্ণ — থাকলেই বা। তাঁর ভক্তের আলাদা কথা। এই বলিয়া গান গাইতেছেন:","মন রে কৃষি-কাজ জান না ৷
এমন মানব-জমিন রইল পতিত, আবাদ করলে ফলত সোনা ॥
কালীনামে দাওরে বেড়া, ফসলে তছরূপ হবে না ৷
সে যে মুক্তকেশীর শক্ত বেড়া, তার কাছেতে যম ঘেঁসে না ॥
অদ্য কিম্বা শতাব্দান্তে, বাজাপ্ত হবে জান না ৷
এখন আপন একতারে (মনরে) চুটিয়ে ফসল কেটে নেনা ॥
গুরুদত্ত বীজ রোপণ করে, ভক্তিবারি সেঁচে দেনা ৷
একা যদি না পারিস মন, রামপ্রসাদকে সঙ্গে নেনা ॥"
s0081,song,"শমন আসবার পথ ঘুচেছে, আমার মনের সন্দ ঘুচে গেছে।",,False,1,,14,14,শ্রীরামকৃষ্ণ দক্ষিণেশ্বরে ভক্তসঙ্গে,"১৮৮৩, ১৭ই জুন",1883-06-17,https://www.ramakrishnavivekananda.info/kathamrita/unicodekathamrita/14_n_at_dakshineshwar_219_222.html,করলে কুফল; লঙ্কা খেলে ঝাল লাগবে না? এ-সব তাঁর লীলা-খেলা। তান্ত্রিকভক্ত — আমাদের উপায় কি? কর্মের ফল তো আছে? শ্রীরামকৃষ্ণ — থাকলেই বা। তাঁর ভক্তের আলাদা কথা। এই বলিয়া গান গাইতেছেন:  আবার গান গাইতেছেন:,"শমন আসবার পথ ঘুচেছে, আমার মনের সন্দ ঘুচে গেছে।
ওরে আমার ঘরের নবদ্বারে চারি শিব চৌকি রয়েছে ॥
এক খুঁটিতে ঘর রয়েছে, তিন রজ্জুতে বাঁধা আছে।
সহস্রদল কমলে শ্রীনাথ অভয় দিয়ে বসে আছে ॥"
s0082,song,"ত্রিসন্ধ্যা যে বলে কালী, পূজা সন্ধ্যা সে কি চায় ৷",,True,2,ঠাকুর,14,14,শ্রীরামকৃষ্ণ দক্ষিণেশ্বরে ভক্তসঙ্গে,"১৮৮৩, ১৭ই জুন",1883-06-17,https://www.ramakrishnavivekananda.info/kathamrita/unicodekathamrita/14_n_at_dakshineshwar_219_222.html,"ুক শিব হবে। “যখন হরিনামে, কালীনামে, রামনামে, চক্ষে জল আসে তখনই সন্ধ্যা-কবচাদির কিছুই প্রয়োজন নাই। কর্মত্যাগ হয়ে যায়। কর্মের ফল তার কাছে যায় না।” ঠাকুর আবার গান গাইতেছেন:  ঠাকুর আবার গান গাহিতেছেন:","ত্রিসন্ধ্যা যে বলে কালী, পূজা সন্ধ্যা সে কি চায় ৷
সন্ধ্যা তার সন্ধ্যানে ফিরে, কভু সন্ধি নাহি পায় ॥
গয়া গঙ্গা প্রভাসাদি কাশী কাঞ্চী কেবা চায় ৷
কালী কালী কালী বলে আমার অজপা যদি ফুরায় ॥"
s0083,song,"যাদের হরি বলতে নয়ন ঝরে, ওই তারা তারা দুভাই এসেছে রে।",,True,9,বাহ্যদশায় | ঠাকুর (implied) | ঠাকুর | সমাপ্ত হইলে | উচ্চ সং | শ্রীরামকৃষ্ণ,15,1,ঠাকুর সংকীর্তনানন্দে — ঠাকুর কি শ্রীগৌরাঙ্গ?,"১৮৮৩, ১৮ই জুন",1883-06-18,https://www.ramakrishnavivekananda.info/kathamrita/unicodekathamrita/15_a_divine_bliss_223_224.html,ধারণ করিতেছেন। আর চতুর্দিকে ভক্তেরা হরিধ্বনি করিয়া তাঁহার চরণে পুষ্প ও বাতাসা নিক্ষেপ করিতেছেন ও একবার দর্শন করিবার জন্য ঠেলাঠেলি করিতেছেন! ঠাকুর অর্ধবাহ্যদশায় নৃত্য করিতেছেন। বাহ্যদশায় নাম ধরিলেন:,"যাদের হরি বলতে নয়ন ঝরে তারা তারা দুভাই এসেছে রে।
(যারা আপনি কেঁদে জগৎ কাঁদায়) (যারা মার খেয়ে প্রেম যাচে)
(যারা ব্রজের কানাই বলাই) (যারা ব্রজের মাখন চোর)
(যারা জাতির বিচার নাহি করে) (যারা আপামরে কোল দেয়)
(যারা আপনি মেতে জগৎ মাতায়) (যারা হরি হয়ে হরি বলে)।
(যারা জগাই মাধাই উদ্ধারিল) (যারা আপন পর নাহি বাচে)।
জীব তরাতে তারা দুভাই এসেছে রে। (নিতাই গৌর)"
s0084,song,নদে টলমল টলমল করে — গৌরপ্রেমের হিল্লোলে রে।,,True,5,ঠাকুর | উচ্চ সং,15,1,ঠাকুর সংকীর্তনানন্দে — ঠাকুর কি শ্রীগৌরাঙ্গ?,"১৮৮৩, ১৮ই জুন",1883-06-18,https://www.ramakrishnavivekananda.info/kathamrita/unicodekathamrita/15_a_divine_bliss_223_224.html,"ঠেলাঠেলি করিতেছেন! ঠাকুর অর্ধবাহ্যদশায় নৃত্য করিতেছেন। বাহ্যদশায় নাম ধরিলেন:  ঠাকুরের সঙ্গে সকলে উন্মত্ত হইয়া নাচিতেছেন, আর বোধ করিতেছেন, গৌর-নিতাই আমাদের সাক্ষাতে নাচিতেছেন। ঠাকুর আবার নাম ধরিলেন:",নদে টলমল টলমল করে ওই গৌর প্রেমের হিল্লোলে রে!
s0085,song,অভয় পদে প্রাণ সঁপেছি ৷,,True,4,রাজনারাণ | অভয় দিতেছেন | ঠাকুর,16,2,নানাভাবে শ্রীরামকৃষ্ণ দক্ষিণেশ্বরে ও ভক্তমন্দিরে,"১৮৮৩, জুন",1883-06,https://www.ramakrishnavivekananda.info/kathamrita/unicodekathamrita/16_b_at_dakshineshwar_229_231.html,"য় অধরের বাড়িতে আসিয়াছেন। ৩১শে আষাঢ়, শুক্লা দশমী, ১৪ই জুলাই ১৮৮৩, শনিবার। অধর ঠাকুরকে রাজনারাণের চন্ডীর গান শুনাইবেন। রাখাল, মাস্টার প্রভৃতি সঙ্গে আছেন। ঠাকুরদালানে গান হইতেছে। রাজনারাণ গান ধরিলেন:","অভয় পদে প্রাণ সঁপেছি ৷
আমি আর কি যমের ভয় রেখেছি ॥
কালীনাম মহামন্ত্র আত্মশির শিখায় বেঁধেছি ৷
আমি দেহ বেচে ভবের হাটে, দুর্গানাম কিনে এনেছি ॥
কালীনাম-কল্পতরু হৃদয়ে রোপণ করেছি ৷
এবার শমন এলে হৃদয় খুলে দেখাব তাই বসে আছি ॥
দেহের মধ্যে ছজন কুজন, তাদের ঘরে দূর করেছি ৷
রামপ্রসাদ বলে দুর্গা বলে যাত্রা করে বসে আছি ॥"
s0086,song,রণে এসেছ কার কামিনী,,False,1,গায়ক,16,2,নানাভাবে শ্রীরামকৃষ্ণ দক্ষিণেশ্বরে ও ভক্তমন্দিরে,"১৮৮৩, জুন",1883-06,https://www.ramakrishnavivekananda.info/kathamrita/unicodekathamrita/16_b_at_dakshineshwar_229_231.html,"বিষ্ট, দাঁড়াইয়া পড়িয়াছেন ও সম্প্রদায়ের সঙ্গে যোগ দিয়া গান গাইতেছেন। ঠাকুর আখর দিতেছেন, “ওমা, রাখ মা।” আখর দিতে দিতে একেবারে সমাধিস্থ। বাহ্যশূন্য, নিস্পন্দ! দাঁড়াইয়া আছেন। আবার গায়ক গাহিতেছেন:","রণে এসেছ কার কামিনী
সজল-জলদ জিনিয়া কায় দশনে দোলে দামিনী!"
s0087,song,"ভুবন ভুলাইলি মা, হরমোহিনী।",,False,2,শ্রীযুক্ত রামলাল,16,4,শ্রীযুক্ত অধর সেনের বাটীতে কীর্তনানন্দে,"১৮৮৩, ২১শে জুলাই",1883-07-21,https://www.ramakrishnavivekananda.info/kathamrita/unicodekathamrita/16_d_at_adhar_sens_234_236.html,"স্বরে নাম করিতেছেন। বলিতেছেন, গোবিন্দ, গোবিন্দ, সচ্চিদানন্দ, হরিবোল! হরিবোল! নাম করিতেছেন, আর যেন মধু বর্ষণ হইতেছে। ভক্তেরা অবাক্‌ হইয়া সেই নাম-সুধা পান করিতেছেন। শ্রীযুক্ত রামলাল এইবার গান গাইতেছেন:","ভুবন ভুলাইলি মা, হরমোহিনী।
মূলাধারে মহোৎপলে, বীণাবাদ্য-বিনোদিনী ॥
শরীর শারীর যন্ত্রে সুষুম্নাদি ত্রয় তন্ত্রে,
গুণভেদ মহামন্ত্রে গুণত্রয়বিভাগিনী ॥
আধার ভৈরবাকার, ষড়্‌ দলে শ্রীরাগ আর।
মণিপুরেতে মহ্লার বসন্তে হৃৎপ্রকাশিনী ॥
বিশুদ্ধ হিল্লোল সুরে, কর্ণাটক আজ্ঞাপুরে।
তান-লয়-মান-সুরে ত্রিসপ্ত-সুরভেদিনী ॥
মহামায়া মোহপাশে বদ্ধ কর আনায়াসে।
তত্ত্ব লয়ে তত্ত্বাকাশে স্থির আছে সৌদামিনী ॥
শ্রীনন্দকুমারে কয়, তত্ত্ব না নিশ্চয় হয়।
তব তত্ত্ব গুণত্রয় কাকীমুখ-আচ্ছাদিনী ॥"
s0088,song,"ভবদারা ভয়হরা নাম শুনেছি তোমার,",,False,1,রামালাল,16,4,শ্রীযুক্ত অধর সেনের বাটীতে কীর্তনানন্দে,"১৮৮৩, ২১শে জুলাই",1883-07-21,https://www.ramakrishnavivekananda.info/kathamrita/unicodekathamrita/16_d_at_adhar_sens_234_236.html,"িতেছেন, গোবিন্দ, গোবিন্দ, সচ্চিদানন্দ, হরিবোল! হরিবোল! নাম করিতেছেন, আর যেন মধু বর্ষণ হইতেছে। ভক্তেরা অবাক্‌ হইয়া সেই নাম-সুধা পান করিতেছেন। শ্রীযুক্ত রামলাল এইবার গান গাইতেছেন:  রামালাল আবার গাইলেন:","ভবদারা ভয়হরা নাম শুনেছি তোমার,
তাইতে এবার দিয়েছি ভার তারো তারো না তারো মা।
তুমি মা ব্রহ্মাণ্ডধারী ব্রহ্মাণ্ড ব্যাপিকে,
কে জানে তোমারে তুমি কালী কি রাধিকে,
ঘটে ঘটে তুমি ঘটে আছ গো জননী,
মূলাধার কমলে থাক মা কুলকুণ্ডলিনী।
তদূর্ধ্বেতে আছে মাগো নামে স্বাধিষ্ঠান,
চতুর্দল পদ্মে তথায় আছ অধিষ্ঠান,
চর্তুদলে থাক তুমি কুলকুণ্ডলিনী,
ষড়দল বজ্রাসনে বস মা আপনি।
তদূর্ধ্বেতে নাভিস্থান মা মণিপুর কয়,
নীলবর্ণের দশদল পদ্ম যে তথায়,
সুষুম্নার পথ দিয়ে এস গো জননী,
কমলে কমলে থাক কমলে কামিনী।
তদূর্ধ্বেতে আছে মাগো সুধা সরোবর,
রক্তবর্ণের দ্বাদশদল পদ্ম মনোহর,
পাদপদ্মে দিয়ে যদি এ পদ্ম প্রকাশ।
(মা), হৃদে আছে বিভাবরী তিমির বিনাশ।
তদূর্ধ্বেতে আছে মাগো নাম কণ্ঠস্থল,
ধূম্রবর্ণের পদ্ম আছে হয়ে ষোড়শদল।
সেই পদ্ম মধ্যে আছে অম্বুজে আকাশ,
সে আকাশ রুদ্ধ হলে সকলি আকাশ।
তদূর্ধ্বে ললাটে স্থান মা আছে দ্বিদল পদ্ম,
সদায় আছয়ে মন হইয়ে আবদ্ধ।
মন যে মানে না আমার মন ভাল নয়,
দ্বিদলে বসিয়া রঙ্গ দেখয়ে সদায়।
তদূর্ধ্বে মস্তকে স্থান মা অতি মনোহর,
সহস্রদল পদ্ম আছে তাহার ভিতর।
তথায় পরম শিব আছেন আপনি,
সেই শিবের কাছে বস শিবে মা আপনি।
তুমি আদ্যাশক্তি মা জিতেন্দ্রিয় নারী,
যোগীন্দ্র মুনীন্দ্র ভাবে নগেন্দ্র কুমারী।
হর শক্তি হর শক্তি সুদনের এবার,
যেন না আসিতে হয় মা ভব পারাবার।
তুমি আদ্যাশক্তি মাগো তুমি পঞ্চতত্ত্ব,
কে জানে তোমারে তুমি তুমিই তত্ত্বাতীত।
ওমা ভক্ত জন্য চরাচরে তুমি সে সাকার,
পঞ্চে পঞ্চ লয় হলে তুমি নিরাকার।"
s0089,song,"তদূর্ধ্বেতে আছে মাগো নাম কণ্ঠস্থল,",,False,1,শ্রীযুক্ত রামলাল,16,4,শ্রীযুক্ত অধর সেনের বাটীতে কীর্তনানন্দে,"১৮৮৩, ২১শে জুলাই",1883-07-21,https://www.ramakrishnavivekananda.info/kathamrita/unicodekathamrita/16_d_at_adhar_sens_234_236.html,ভক্তেরা অবাক্‌ হইয়া সেই নাম-সুধা পান করিতেছেন। শ্রীযুক্ত রামলাল এইবার গান গাইতেছেন:  রামালাল আবার গাইলেন:  [নিরাকার সচ্চিদানন্দ দর্শন — ষট্‌চক্রভেদ — নাদভেদ ও সমাধি ] শ্রীযুক্ত রামলাল যখন গাহিতেছেন:,"“তদূর্ধ্বেতে আছে মাগো নাম কণ্ঠস্থল,
ধূম্রবর্ণের পদ্ম আছে হয়ে ষোড়শদল।
সেই পদ্ম মধ্যে আছে অম্বুজে আকাশ,
সে আকাশ রুদ্ধ হলে সকলি আকাশ।”"
s0090,song,মা আমি কি আটাশে ছেলে।,,True,1,ঠাকুর,16,5,যদু মল্লিকের বাড়ি — সিংহবাহিনী সম্মুখে — 'সমাধিমন্দিরে',"১৮৮৩, ২১শে জুলাই",1883-07-21,https://www.ramakrishnavivekananda.info/kathamrita/unicodekathamrita/16_e_at_jadu_mallicks_237_238.html,"বৈঠকখানায় বসিয়া। ঠাকুর ভাবেই আছেন, আসিয়া গাহিতেছেন:  গান সমাপ্ত হইলে আবার ভাবোন্মত্ত হইয়া যদুকে বলিতেছেন, “কি বাবু, কি গাইব? ‘মা আমি কি আটাশে ছেলে’ — এই গানটি কি গাইব?” এই বলিয়া ঠাকুর গাহিতেছেন:","মা আমি কি আটাশে ছেলে।
আমি ভয় করিনে চোখ রাঙালে ॥
সম্পদ আমার ও রাঙাপদ শিব ধরেন যা হৃৎকমলে।
আমার বিষয় চাইতে গেলে বিড়ম্বনা কতই ছলে ॥
শিবের দলিল সই রেখেছি হৃদয়েতে তুলে।
এবার করব নালিশ নাথের আগে, ডিক্রি লর এক সওয়ালে ॥
জানাইব কেমন ছেলে মোকদ্দমায় দাঁড়াইলে।
যখন গুরুদত্ত দস্তাবিজ, গুজরাইব মিছিল চালে ॥
মায়ে-পোয়ে মোকদ্দমা, ধুম হবে রামপ্রসাদ বলে।
আমি ক্ষান্ত হব যখন আমায় শান্ত করে লবে কোলে ॥"
s0091,song,"তার তারিণী। এবার তারো ত্বরিত করিয়ে,",,False,2,,16,30,শ্রীরামকৃষ্ণ অধরের বাড়ি দুর্গাপূজা মহোৎসবে,"১৮৮৩, ১০ই অক্টোবর",1883-10-10,https://www.ramakrishnavivekananda.info/kathamrita/unicodekathamrita/16_zd_at_adhars_284_287.html,"ষ্ট হইয়া ঠাকুরদালানে দাঁড়াইয়া আছেন। ভাবাবিষ্ট হইয়া মাকে গান শুনাইতেছেন। অধর গৃহীভক্ত, আবার অনেক গৃহীভক্ত উপস্থিত, ত্রিতাপে তাপিত। তাই বুঝি শ্রীরামকৃষ্ণ সকলের মঙ্গলের জন্য জগন্মাতাকে স্তব করিতেছেন:","তার তারিণী। এবার তারো ত্বরিত করিয়ে,
তপন-তনয়-ত্রাসে ত্রাসিত, যায় মা প্রাণী ॥
জগত অম্বে জন-পালিনী, জন-মোহিনী জগত-জননী।
যশোদা জঠরে জনম লইয়ে সহায় হরিলীলায় ॥
বৃন্দাবনে রাধাবিনোদিনী, ব্রজবল্লভবিহারকারিণী।
রাসরঙ্গিনী রসময়ী হয়ে রাস করিলে লীলাপ্রকাশ ॥
গিরিজা গোপজা গোবিন্দ মোহিনী তুমি মা গঙ্গে গতিদায়িনী;
গান্ধার্বিকে গৌরবরণী গাওয়ে গোলকে গুণ তোমার।
শিবে সনাতনী সর্বাণী ঈশানী সদানন্দময়ী সর্বস্বরূপিণী,
সগুণা নির্গুণা সদাশিবপ্রিয়ে কে জানে মহিমা তোমার!"
s0092,song,ভাব কি ভেবে পরাণ গেল।,,False,1,,16,30,শ্রীরামকৃষ্ণ অধরের বাড়ি দুর্গাপূজা মহোৎসবে,"১৮৮৩, ১০ই অক্টোবর",1883-10-10,https://www.ramakrishnavivekananda.info/kathamrita/unicodekathamrita/16_zd_at_adhars_284_287.html,"যিনি মা তিনিই কি সন্তানরূপে লোকশিক্ষার জন্য অবতীর্ণ হইয়াছেন? তাই কি ঠাকুর “আমি খেয়েছি” বলছেন? এইবার ভাবাবেশে দেহের মধ্যে ষট্‌চক্র, তার মধ্যে মাকে দেখিতেছেন! তাই আবার ভাবে বিভোর হইয়া গান গাইতেছেন:","ভাব কি ভেবে পরাণ গেল।
যাঁর নামে হরে কাল, পদে মহাকাল, তাঁর কেন কালরূপ হল ॥
কালরূপ অনেক আছে, এ-বড় আশ্চর্য কালো,
যাঁরে হৃদিমাঝে রাখলে পরে হৃদপদ্ম করে আলো ॥
রূপে কালী, নামে কালী কাল হতে অধিক কালো।
ও-রূপ যে দেখেছে, সে মজেছে অন্যরূপ লাগে না ভাল ॥
প্রসাদ বলে কুতুহলে এমন মেয়ে কোথায় ছিল।
না দেখে নাম শুনে কানে মন গিয়ে তায় লিপ্ত হল ॥"
s0093,song,আমার অঙ্গ কেন গৌর হল।,,True,3,ঠাকুর,16,30,শ্রীরামকৃষ্ণ অধরের বাড়ি দুর্গাপূজা মহোৎসবে,"১৮৮৩, ১০ই অক্টোবর",1883-10-10,https://www.ramakrishnavivekananda.info/kathamrita/unicodekathamrita/16_zd_at_adhars_284_287.html,"তেছেন:  শ্রীযুক্ত সারদাবাবু পুত্রশোকে অভিভূত, তাই তাঁর বন্ধু অধর তাঁহাকে ঠাকুরের কাছে লইয়া আসিয়াছেন। তিনি গৌরাঙ্গ ভক্ত। তাঁহাকে দেখিয়া শ্রীরামকৃষ্ণের শ্রীগৌরাঙ্গের উদ্দীপন হইয়াছে। ঠাকুর গাহিতেছেন:","আমার অঙ্গ কেন গৌর হল।
কি করলে রে ধনী, অকালে সকাল কৈলে, অকালেতে বরণ ধরালে ॥
এখন তো গৌর হতে দিন, বাকি আছে!
এখন তো দ্বাপর লীলা, শেষ হয় নাই!
একি হল রে! কোকিল ময়ূর, সকলই গৌর।
যেদিকে ফিরাই আঁখি (একি হল রে)।
একি, একি, গৌরময় সকল দেখি ॥
রাই বুঝি মথুরায় এল, তাইতো অঙ্গ বুঝি গৌর হল!
ধনী কুমুরিয়ে পোকা ছিল, তাইতে আপনার বরণ ধরাইল।
এখনি যে অঙ্গ কালো ছিল, দেখতে দেখতে গৌর হল!
রাই ভেবে কি রাই হলাম। (একি রে)
যে রাধামন্ত্র জপ না করে, রাই ধনী কি আপনার বরণ ধরায় তারে।
মথুরায় আমি, কি নবদ্বীপে আমি, কিছু ঠাওরাতে নারি রে!
এখনও তো, মহাদেব অদ্বৈত হয় নাই (আমার অঙ্গ কেন গৌর)।
এখনও তো বলাই দাদা নিতাই হয় নাই, বিশাখা রামানন্দ হয় নাই।
এখনও তো ব্রহ্মা হরিদাস হয় নাই, এখনও তো নারদ শ্রীবাস হয় নাই।
এখনও তো মা যশোদা শচী হয় নাই।
একাই কেন আমি গৌর (যখন বলাইদাদা নিতাই হয় নাই তখন)
তবে রাই বুঝি মথুরায় এল, তাইতে কি অঙ্গ আমার গৌর হল।
(অতএব বুঝি আমি গৌর) এখনও তো, পিতা নন্দ জগন্নাথ হয় নাই।
এখনও তো শ্রীরাধিকা গদাধর হয় নাই। আমার অঙ্গ কেন গৌর হল ॥"
s0094,song,"পাড়ার লোকে গোল করে মা,",,False,1,,16,30,শ্রীরামকৃষ্ণ অধরের বাড়ি দুর্গাপূজা মহোৎসবে,"১৮৮৩, ১০ই অক্টোবর",1883-10-10,https://www.ramakrishnavivekananda.info/kathamrita/unicodekathamrita/16_zd_at_adhars_284_287.html,"়াছেন। তিনি গৌরাঙ্গ ভক্ত। তাঁহাকে দেখিয়া শ্রীরামকৃষ্ণের শ্রীগৌরাঙ্গের উদ্দীপন হইয়াছে। ঠাকুর গাহিতেছেন:  এইবার শ্রীগৌরাঙ্গের ভাবে আবিষ্ট হইয়া গান গাহিতেছেন। বলিতেছেন, সারদাবাবু এই গান বড় ভালবাসেন:","পাড়ার লোকে গোল করে মা,
আমায় বলে গৌর কলঙ্কিনী।
একি কইবার কথা কইবো কোথা;
লাজে মলাম ওগো প্রাণ সজনী।
একদিন শ্রীবাসের বাড়ি, কীর্তনের ধুম হুড়াহুড়ি;
গৌরচাঁদ দেন গড়াগড়ি শ্রীবাস আঙিনায়;
আমি একপাশে দাঁড়িয়া ছিলাম, (একপাশে নুকায়ে),
আমি পড়লাম অচেতন হয়ে, চেতন করায় শ্রীবাসের রমণী।
একদিন কাজীর দলন, গৌর করেন নগর কীর্তন,
চণ্ডালাদি যতেক যবন, গৌর সঙ্গেতে;
হরিবোল হরিবোল বলে, চলে যান নদের বাজার দিয়ে,
আমি তাদের সঙ্গে গিয়ে,
দেখেছিলাম রাঙা চরণ দুখানি।
একদিন জাহ্নবীর তটে; গৌরচাঁদ দাঁড়ায়ে ঘাটে,
চন্দ্রসূর্য উভয়েতে, গৌর অঙ্গেতে;
দেখে গৌর রূপের ছবি, ভুলে গেল শাক্ত শৈবী,
আমার কলসী পড়ে গেল দৈবী, দেখেছিল পাপ ননদিনী ॥"
s0095,song,শ্যামের নাগাল পেলাম না গো সই।,,True,2,শ্রীরামকৃষ্ণ | ঠাকুর,16,30,শ্রীরামকৃষ্ণ অধরের বাড়ি দুর্গাপূজা মহোৎসবে,"১৮৮৩, ১০ই অক্টোবর",1883-10-10,https://www.ramakrishnavivekananda.info/kathamrita/unicodekathamrita/16_zd_at_adhars_284_287.html,"র গাহিতেছেন:  এইবার শ্রীগৌরাঙ্গের ভাবে আবিষ্ট হইয়া গান গাহিতেছেন। বলিতেছেন, সারদাবাবু এই গান বড় ভালবাসেন:   বলরামের পিতা বৈষ্ণব। তাই বুঝি এবার শ্রীরামকৃষ্ণ গোপীদের উদ্‌ভ্রান্ত প্রেমের গান গাহিতেছেন:","শ্যামের নাগাল পেলাম না লো সই।
আমি কি সুখে আর ঘরে রই ॥
শ্যাম যদি মোর হতো মাথার চুল।
যতন করে বাঁধতুম বেণী সই, দিয়ে বকুল ফুল ॥
(কেশব-কেশ যতনে বাঁধতুম সই) (কেউ নক্‌তে পারত না সই)
(শ্যাম কালো আর কেশ কালো) (কালোয় কালোয় মিশে যেতো গো)।
শ্যাম যদি মোর বেশর হইত, নাসা মাঝে সতত রহিত, —
(অধর চাঁদ অধরে র’ত সই) (যা হবা নয়, তা মনে হয় গো)
(শ্যাম কেন বেশর হবে সই?)।
শ্যাম যদি মোর কঙ্কণ হতো বাহু মাঝে সতত রহিত
(কঙ্কণ নাড়া দিয়ে চলে যেতুম সই) (বাহু নাড়া দিয়ে)
(শ্যাম-কঙ্কণ হাতে দিয়ে, চলে যেতুম সই) (রাজপথে)"
s0096,song,হলাম যার জন্য পাগল তারে কই পেলাম সই,,True,2,শ্রীরামকৃষ্ণ,16,32,দক্ষিণেশ্বরে কোজাগর লক্ষ্মীপূর্ণিমা — ১৮৮৩,"১৮৮৩, ১৬ই অক্টোবর",1883-10-16,https://www.ramakrishnavivekananda.info/kathamrita/unicodekathamrita/16_zf_at_dakshineshwar_290_293.html,"চাই নাই।” বলরামের পিতা, বেণী পাল, মাস্টার, মণি মল্লিক প্রভৃতিকে এইকথা বলিতে বলিতে শ্রীরামকৃষ্ণ সমাধিস্থ হইলেন। বাহ্যশূন্য, চিত্রার্পিতের ন্যায় বসিয়া আছেন। সমাধিভঙ্গের পর শ্রীরামকৃষ্ণ গান গাহিতেছেন:","হলাম যার জন্য পাগল, তারে কই পেলাম সই।
ব্রহ্মা পাগল, বিষ্ণু পাগল, আর পাগল শিব,
তিন পাগলে যুক্তি করে ভাঙলে নবদ্বীপ
আর এক পাগল দেখে এলাম বৃন্দাবনের মাঠে,
রাইকে রাজা সাজায়ে আপনি কোটাল সাজে!"
s0097,song,ভাব হবে বইকি রে ভাবনিধি শ্রীগৌরাঙ্গের।,,True,3,শ্রীরামকৃষ্ণ | ঠাকুর,16,30,শ্রীরামকৃষ্ণ অধরের বাড়ি দুর্গাপূজা মহোৎসবে,"১৮৮৩, ১০ই অক্টোবর",1883-10-10,https://www.ramakrishnavivekananda.info/kathamrita/unicodekathamrita/16_zd_at_adhars_284_287.html,"য়াছেন। তিনি গৌরাঙ্গ ভক্ত। তাঁহাকে দেখিয়া শ্রীরামকৃষ্ণের শ্রীগৌরাঙ্গের উদ্দীপন হইয়াছে। ঠাকুর গাহিতেছেন:  এইবার শ্রীগৌরাঙ্গের ভাবে আবিষ্ট হইয়া গান গাহিতেছেন। বলিতেছেন, সারদাবাবু এই গান বড় ভালবাসেন:","ভাব হবে বইকি রে!
ভাবনিধি শ্রীগৌরাঙ্গের ভাব হবে বইকিরে ॥
ভাবে হাসে কাঁদে নাচে গায়।
বন দেখে বৃন্দাবন ভাবে; সমুদ্র দেখে শ্রীযমুনা ভাবে।
যার অন্তঃকৃষ্ণ বহির্গৌর (ভাব হবে) ।
গোরা ফুকরি ফুকরি কান্দে; গোরা আপনার পায় আপনি ধরে।
বলে কোথা রাই প্রেমময়ী।"
s0098,song,সেদিন কবে বা হবে?,,True,1,পরমহংসদেব,17,3,শ্রীযুক্ত বিজয় গোস্বামীর নির্জনে সাধন,"১৮৮৩, ২৬শে নভেম্বর",1883-11-26,https://www.ramakrishnavivekananda.info/kathamrita/unicodekathamrita/17_c_vijaya_goswami_298_301.html,া অনেক দূরের কথা। চৈতন্যদেবের প্রেম হয়েছিল। ঈশ্বরে প্রেম হলে বাহিরের জিনিস ভুল হয়ে যায়। জগৎ ভুল হয়ে যায়। নিজের দেহ যে এত প্রিয় জিনিস — তাও ভুল হয়ে যায়।” এই বলিয়া পরমহংসদেব আবার গান গাহিতেছেন:,"সেদিন কবে বা হবে?
হরি বলিতে ধারা বেয়ে পড়বে (সেদিন কবে বা হবে?)
সংসার বাসনা যাবে (সেদিন কবে বা হবে?)
অঙ্গে পুলক হবে (সেদিন কবে বা হবে?)।"
s0099,song,"ভেবে দেখ মন কেউ কারু নয়, মিছে ভ্রম ভূমণ্ডলে।",,True,3,ঠাকুর,17,4,ভাব ও কুম্ভক — মহাবায়ু উঠিলে ভগবানদর্শন,"১৮৮৩, ২৬শে নভেম্বর",1883-11-26,https://www.ramakrishnavivekananda.info/kathamrita/unicodekathamrita/17_d_vijaya_goswami_301_302.html,"ঘোড়া আছে।’ এ-কথায় বুঝতে হবে, ঘোড়া আদবেই নাই, কেননা গোয়ালে ঘোড়া থাকে না। (সকলের হাস্য) “কেউ ঐশ্বর্যের — বিভব, মান, পদ — এই সবের অহংকার করে। এ-সব দুই দিনের জন্য, কিছুই সঙ্গে যাবে না। একটা গানে আছে:","ভেবে দেখ মন কেউ কারু নয়, মিছে ভ্রম ভূমণ্ডলে।
ভুল না দক্ষিণাকালী বদ্ধ হয়ে মায়াজালে ॥
যার জন্য মর ভেবে, সে কি তোমার সঙ্গে যাবে।
সেই প্রেয়সী দিবে ছড়া, অমঙ্গল হবে বলে ॥
দিন দুই-তিনের জন্য ভবে কর্তা বলে সবাই মানে।
সেই কর্তারে দেবে ফেলে, কালাকালের কর্তা এলে ॥’"
s0100,verse,"সকলই তোমার ইচ্ছা, ইচ্ছাময়ী তারা তুমি।",,False,1,,17,9,কেশব সঙ্গে কথা — ঈশ্বরের হাসপাতালে আত্মার চিকিৎসা,"১৮৮৩, ২৮শে নভেম্বর",1883-11-28,https://www.ramakrishnavivekananda.info/kathamrita/unicodekathamrita/17_i_with_keshab_307_309.html,"্ছে। কিন্তু ঈশ্বরীয় কথা রাতদিন চলছে। নাটগড়ের রাম কবিরাজ দেখতে এল। সে দেখে, আমি বসে বিচার করছি। তখন সে বললে, “একি পাগল। দুখানা হাড় নিয়ে, বিচার করছে!” (কেশবের প্রতি) — “তাঁর ইচ্ছা। সকলই তোমার ইচ্ছা।","“সকলই তোমার ইচ্ছা, ইচ্ছাময়ী তারা তুমি।
তোমার কর্ম তুমি কর মা, লোকে বলে করি আমি।"
s0101,verse,১. বাহ্যদশা — তখন স্থূল আর সূক্ষ্ম তাঁর মন থাকত।,,False,1,,18,1,ঠাকুর শ্রীরামকৃষ্ণ দক্ষিণেশ্বর-কালীমন্দিরে ভক্তসঙ্গে,"১৮৮৩, ৯ই ডিসেম্বর",1883-12-09,https://www.ramakrishnavivekananda.info/kathamrita/unicodekathamrita/18_a_at_dakshineshwar_317_318.html,"বসিয়া আছেন, হাজরাও তখন ওইখানে থাকেন। ঠাকুর মহাপ্রভুর অবস্থা বর্ণনা করিতেছেন। [ভক্তিযোগ — সমাধিতত্ত্ব ও মহাপ্রভুর অবস্থা — হঠযোগ ও রাজযোগ ] শ্রীরামকৃষ্ণ (ভক্তদের প্রতি) — চৈতন্যদেবের তিনটি অবস্থা হত —","১. বাহ্যদশা — তখন স্থূল আর সূক্ষ্ম তাঁর মন থাকত।
২. অর্ধবাহ্যদশা — তখন কারণ শরীরে, কারণানন্দে মন গিয়েছে।
৩. অন্তর্দশা — তখন মহাকারণে মন লয় হত।"
s0102,verse,চরিত্র শ্রীমহারাজ শ্রীজয়মল,,False,1,,18,3,হরিকথাপ্রসঙ্গে,"১৮৮৩, ৯ই ডিসেম্বর",1883-12-09,https://www.ramakrishnavivekananda.info/kathamrita/unicodekathamrita/18_c_harikatha_320_321.html,র চিন্তা করিতেছেন। ক্রমে ঠাকুরবাড়িতে ঠাকুরদের আরতি আরম্ভ হইল। শাঁকঘন্টা বাজিতে লাগিল। মাস্টার আজ রাত্রে থাকিবেন। কিয়ৎক্ষণ পরে ঠাকুর মাস্টারকে “ভক্তমাল” পাঠ করিয়া শুনাইতে বলিলেন। মাস্টার পড়িতেছেন —,"চরিত্র শ্রীমহারাজ শ্রীজয়মল
জয়মল নামে এক রাজা শুদ্ধমতি।
অনির্বচনীয় তাঁর শ্রীকৃষ্ণ পিরীত ॥
ভক্তি-অঙ্গ-যাজনে যে সুদৃঢ় নিয়ম।
পাসাণের রেখা যেন নাহি বেশি কম ॥
শ্যামল সুন্দর নাম শ্রীবিগ্রহসেবা।
তাহাতে প্রপন্ন, নাহি জানে দেবী দেবা ॥
দশদণ্ড-বেলা-বধি তাঁহার সেবায়।
নিযুক্ত থাকয়ে সদা দৃঢ় নিয়ম হয় ॥
রাজ্যধন যায় কিবা বজ্রাঘাত হয়।
তথাপিহ সেবা সমে ফিরি না তাকায় ॥
প্রতিযোগী রাজা ইহা সন্ধান জানিয়া।
সেই অবকাশকালে আইল হানা দিয়া ॥
রাজার হুকুম বিনে সৈন্য-আদি-গণ।
যুদ্ধ না করিতে পারে করে নিরীক্ষণ ॥
ক্রমে ক্রমে আসি গড় ঘেরে রিপুগণ।
তথাপিহ তাহাতে কিঞ্চিৎ নাহি মন ॥
মাতা তাঁর আসি করে কত উচ্চধ্বনি।
উদ্বিগ্ন হইয়া যে মাথায় কর হানি ॥
সর্বস্ব লইল আর সর্বনাশ হৈল।
তথাপি তোমার কিছু ভুরুক্ষেপ নৈল ॥
জয়মল কহে মাতা কেন দুঃখভাব।
যেই দিল সেই লবে তাহে কি করিব ॥
সেই যদি রাখে তবে কে লইতে পারে।
অতএব আমা সবার উদ্যমে কি করে ॥
শ্যামলসুন্দর হেথা ঘোড়ায় চড়িয়া।
যুদ্ধ করিবারে গেলা অস্তর ধরিয়া ॥
একাই ভক্তের রিপু সৈন্যগণ মারি।
আসিয়া বান্ধিল ঘোড়া আপন তেওয়ারি ॥
সেবা সমাপনে রাজা নিকশিয়া দেখে।
ঘোরার সর্বাঙ্গে ঘর্ম শ্বাস বহে নাকে ॥
জিজ্ঞাসয়ে মোর অশ্বে সওয়ার কে হৈল।
ঠাকুর মন্দিরে বা কে আনি বান্ধিল ॥
সবে কহে কে চড়িল কে আনি বান্ধিল।
আমরা যে নাহি জানি কখন আনিল ॥
সংশয় হইয়া রাজা ভাবিতে ভাবিতে।
সৈন্যসামন্ত সহ চলিল যুদ্ধেতে ॥
যুদ্ধস্থানে গিয়া দেখে শত্তুরে সৈন্য।
রণশয্যায় শুইয়াছে মাত্র এক ভিন্ন ॥
প্রধান যে রাজা এবে সেই মাত্র আছে।
বিস্ময় হইয়া ঞিহ কারণ কি পুছে ॥
হেনকালে অই প্রতিযোগী যে রাজা।
গলবস্ত্র হইয়া করিল বহু পূজা ॥
আসিয়া জয়মল মহারাজার অগ্রেতে।
নিবেদন করে কিছু করি জোড়হাতে ॥
কি করিব যুদ্ধ তব এক যে সেপাই।
পরম আশ্চর্য সে ত্রৈলোক্য-বিজয়ী ॥
অর্থ নাহি মাগোঁ মুঞি রাজ্য নাহি চাহোঁ।
বরঞ্চ আমার রাজ্য চল দিব লহো ॥
শ্যামল সেপাই সেই লড়িতে আইল।
তোমাসনে প্রীতি কি তার বিবরিয়া বল ॥
সৈন্য যে মারিল মোর তারে মুই পারি।
দরশনমাত্রে মোর চিত্ত নিল হরি ॥
জয়মল বুঝিল এই শ্যামলজীর কর্ম।
প্রতিযোগী রাজা যে বুঝিল ইহা মর্ম ॥
জয়মলের চরণ ধরিয়া স্তব করে।
যাহার প্রসাদে কৃষ্ণকৃপা হৈল তারে ॥
তাঁহা-সবার শ্রীচরণে শরণ আমার।
শ্যামল সেপাই যেন করে অঙ্গীকার ॥"
s0103,verse,নয়নে গলয়ে ধারা মনে উতরোল। চমকি চাহিয়া রহে নাহি আইসে বোল ॥,,False,1,,18,5,"মণি, রামলাল, শ্যাম ডাক্তার, কাঁসারিপাড়ার ভক্তেরা","১৮৮৩, ১৪ই ডিসেম্বর",1883-12-14,https://www.ramakrishnavivekananda.info/kathamrita/unicodekathamrita/18_e_mani_others_322_325.html,"এই নাম মধুরকণ্ঠে উচ্চারণ করিতেছেন। * * * শ্রীরামকৃষ্ণ (রামলালকে) — একটু গুহক চণ্ডালের কথা বল দেখি! রামচন্দ্র যখন “পিতৃসত্যের কারণ” বনে গিয়াছিলেন, গুহকরাজ চমকিত হইয়াছিলেন। রামলাল ভক্তমাল পড়িতেছেন —","নয়নে গলয়ে ধারা মনে উতরোল। চমকি চাহিয়া রহে নাহি আইসে বোল ॥
নিমিখ নাহিক পড়ে চাহিয়া রহিল। কাষ্ঠের পুতুলি প্রায় অস্পন্দ হইল ॥"
s0104,verse,গুহ বলে ভাল ভাল তুমি মোর মিতে। তোমাতে সঁপিনু দেহ পরাণ সহিতে ॥,,False,1,,18,5,"মণি, রামলাল, শ্যাম ডাক্তার, কাঁসারিপাড়ার ভক্তেরা","১৮৮৩, ১৪ই ডিসেম্বর",1883-12-14,https://www.ramakrishnavivekananda.info/kathamrita/unicodekathamrita/18_e_mani_others_322_325.html,"ে গিয়াছিলেন, গুহকরাজ চমকিত হইয়াছিলেন। রামলাল ভক্তমাল পড়িতেছেন —  তারপর ধীরে ধীরে রামের কাছে গিয়া বলিলেন, আমার ঘরে এস। রামচন্দ্র তাঁকে মিতা বলে আলিঙ্গন করিলেন। গুহ তখন তাঁহাকে আত্মসমর্পণ করিতেছেন —","গুহ বলে ভাল ভাল তুমি মোর মিতে। তোমাতে সঁপিনু দেহ পরাণ সহিতে ॥
তুমি মোর সরবস প্রাণ ধন রাজ্য। তুমি মোর ভক্তি, মুক্তি, তুমি শুভকার্য ॥
আমি মর‍্যা যাই তব বালায়ের সনে। দেহ সমর্পিণু মিতা তোমার চরণে ॥"
s0105,verse,"দয়াল পরমানন্দ, প্রেমাধীন রামচন্দ্র, ভক্তবৎসল গুণধাম।",,False,1,,18,5,"মণি, রামলাল, শ্যাম ডাক্তার, কাঁসারিপাড়ার ভক্তেরা","১৮৮৩, ১৪ই ডিসেম্বর",1883-12-14,https://www.ramakrishnavivekananda.info/kathamrita/unicodekathamrita/18_e_mani_others_322_325.html,"ৌদ্দবৎসরান্তে রাম আসিতেছেন না দেখিয়া, গুহ অগ্নি প্রবেশ করিতে যাইতেছেন, এমন সময় হনুমান আসিয়া সংবাদ দিলেন। সংবাদ পাইয়া গুহ মহানন্দে ভাসিতেছেন। রামচনদ্র ও সীতা পুষ্পক রথে করিয়া আসিয়া উপস্থিত হইলেন।","দয়াল পরমানন্দ, প্রেমাধীন রামচন্দ্র, ভক্তবৎসল গুণধাম।
প্রিয় ভক্তরাজ গুহ, হেরিয়া পুলক দেহ, হৃদয়ে লইয়া প্রিয়তম ॥
গাঢ় আলিঙ্গন দোঁহে, প্রভু ভৃত্যে লাগি রহে,
অশ্রুজলে দোঁহা অঙ্গ ভিজে ॥ ধন্য গুহ মহাশয়, চারিদিকে জয় জয়,
কোলাহল হল ক্ষিতি মাঝে ॥"
s0106,song,"রাধার দেখা কি পায় সকলে,",,False,2,,18,7,'প্রয়োজন' (END OF LIFE) ঈশ্বরকে ভালবাসা,"১৮৮৩, ১৪ই ডিসেম্বর",1883-12-14,https://www.ramakrishnavivekananda.info/kathamrita/unicodekathamrita/18_g_love_of_god_327_329.html,"ন। ঠাকুর এক-একটি গান ধরাইয়া দিতেছেন। ঠাকুর বলাতে রামলাল প্রথমে শ্রীগৌরাঙ্গের সন্ন্যাস গাইতেছেন:  রামলাল পরে গাইলেন, শচী কেঁদে বলছেন, ‘নিমাই! কেমন করে তোকে ছেড়ে থাকব?’ ঠাকুর বলিলেন, সেই গানটি গা তো।","রাধার দেখা কি পায় সকলে,
রাধার প্রেম কি পায় সকলে।
অতি সুদুর্লভ ধন, না করলে আরাধন,
সাধন বিনে সে-ধন, এ-ধনে কি মেলে
তুলারাশিমাসে তিথি অমাবস্যা,
স্বাতী নক্ষত্রে যে বারি বরিষে,
সে বারি কি বরিষে বরিষার জলে।
যুবতী সকলে শিশু লয়ে কোলে,
আয় চাঁদ বলে ডাকে বাহু তুলে।
শিশু তাহে ভুলে, চন্দ্র কি তায় ভুলে,
গগন ছেড়ে চাঁদ কি উদয় হয় ভূতলে।"
s0107,song,"গৌর নিতাই তোমরা দুভাই, পরম দয়াল হে প্রভু",,False,6,গানটি | ত্রৈলোক্য,18,7,'প্রয়োজন' (END OF LIFE) ঈশ্বরকে ভালবাসা,"১৮৮৩, ১৪ই ডিসেম্বর",1883-12-14,https://www.ramakrishnavivekananda.info/kathamrita/unicodekathamrita/18_g_love_of_god_327_329.html,"রে গাইলেন, শচী কেঁদে বলছেন, ‘নিমাই! কেমন করে তোকে ছেড়ে থাকব?’ ঠাকুর বলিলেন, সেই গানটি গা তো।    ঠাকুর রামলালকে আবার বলিতেছেন, সেই গানটি গা — গৌর নিতাই তোমরা দুভাই। রামলালের সঙ্গে ঠাকুরও যোগ দিতেছেন —","গৌর নিতাই তোমরা দুভাই, পরম দয়াল হে প্রভু
(আমি তাই শুনে এসেছি হে নাথ)
আমি গিয়েছিলাম কাশীপুরে, আমায় কয়ে দিলেন কাশী বিশ্বেশ্বরে,
ও সে পরব্রহ্ম শচীর ঘরে, (আমি চিনেছি হে, পরব্রহ্ম)।
আমি গিয়েছিলাম অনেক ঠাঁই, কিন্তু এমন দয়াল দেখে নাই। (তোমাদের মতো)।
তোমরা ব্রজে ছিলে কানাই, বলাই, এখন নদে এসে হলে গৌর নিতাই। (সেরূপ লুকায়ে)
ব্রজের খেলা ছিল দৌড়াদৌড়ি, এখন নদের খেলা ধূলায় গড়াগড়ি।
(হরিবোল বলে হে) (প্রেমে মত্ত হয়ে)।
ছিল ব্রজের খেলা উচ্চরোল, আজ নদের খেলা কেবল হরিবোল
(ওহে প্রাণ গৌর)।
তোমার সকল অঙ্গ গেছে ঢাকা, কেবল আছে দুটি নয়ন বাঁকা।
(ওহে দয়াল গৌর)।
তোমার পতিতপাবন নাম শুনে, বড় ভরসা পেয়েছি মনে।
(ওহে পতিতপাবন)।
বড় আশা করে এলাম ধেয়ে, আমায় রাখ চরণ ছায়া দিয়ে।
(ওহে দয়াল গৌর)।
জগাই মাধাই তরে গেছে, প্রভু সেই ভরসা আমার আছে।
(ওহে অধমতারণ)।
তোমরা নাকি আচণ্ডালে দাও কোল, কোল দিয়ে বল হরিবোল!
(ওহে পরম করুণ) (ও কাঙালের ঠাকুর)।"
s0108,song,"সুরধনীর তীরে হরি বলে কে, বুঝি প্রেমদাতা নিতাই এসেছে।",,True,1,ঠাকুর,18,8,দক্ষিণেশ্বরে গুরুরূপী শ্রীরামকৃষ্ণ অন্তরঙ্গসঙ্গে,"১৮৮৩, ১৫ই ডিসেম্বর",1883-12-15,https://www.ramakrishnavivekananda.info/kathamrita/unicodekathamrita/18_h_at_dakshineshwar_329_331.html,"ছ হয়ে যায়। তাঁকে ব্যাকুল হয়ে প্রার্থনা করলে, তাঁর নামগুণ সর্বদা কীর্তন করলে — তাঁর উপর ভালবাসা ক্রমে হয়। এই বলিয়া ঠাকুর প্রেমোন্মত্ত হইয়া ঘরের মধ্যে নাচিয়া বেড়াইতে লাগিলেন ও গান গাইতে লাগিলেন:","সুরধনীর তীরে হরি বলে কে, বুঝি প্রেমদাতা নিতাই এসেছে।
(নিতাই নইলে প্রাণ জুড়াবে কিসে)।"
s0109,song,ভবহারা ভয়হারা নাম শুনেছি তোমার।,,False,1,,18,8,দক্ষিণেশ্বরে গুরুরূপী শ্রীরামকৃষ্ণ অন্তরঙ্গসঙ্গে,"১৮৮৩, ১৫ই ডিসেম্বর",1883-12-15,https://www.ramakrishnavivekananda.info/kathamrita/unicodekathamrita/18_h_at_dakshineshwar_329_331.html,্শন করিবার জন্য কালীঘরে যাইতেছেন। মণি সঙ্গে আছেন। মন্দিরে প্রবিষ্ট হইয়া ঠাকুর আসনে উপবিষ্ট হইলেন। দুই-একটি ফুল মার চরণে দিলেন। নিজের মাথায় ফুল দিয়া ধ্যান করিতেছেন। এইবার গীতচ্ছলে মার স্তব করিতেছেন:,"ভবহারা ভয়হারা নাম শুনেছি তোমার।
তাইতে এবার দিয়েছি ভার, তারো তারো না তারো মা।"
s0110,song,তারিতে হবে মা তারা হয়েছি শরণাগত।,,True,1,ঠাকুর,18,9,"শ্রীরাখাল, লাটু, জনাইয়ের মুখুজ্জে প্রভৃতি ভক্তসঙ্গে","১৮৮৩, ১৬ই ডিসেম্বর",1883-12-16,https://www.ramakrishnavivekananda.info/kathamrita/unicodekathamrita/18_i_rakhal_others_331_334.html,"েই করবী, বেল, জুঁই, গোলাপ, কৃষ্ণচূড়া প্রভৃতি নানা কুসুমবিভূষিত পুষ্পবৃক্ষ। বেলা ১০টা হইবে। আজ রবিবার, অগ্রহায়ণ কৃষ্ণা দ্বিতীয়া, ১৬ই ডিসেম্বর, ১৮৮৩ খ্রীষ্টাব্দ। ঠাকুর মণিকে দেখিতেছেন ও গান গাইতেছেন:","তারিতে হবে মা তারা হয়েছি শরণাগত।
হইয়া রয়েছি যেন পিঞ্জরের পাখির মতো ॥
অসংখ্য অপরাধী আমি, জ্ঞানশূন্য মিছে ভ্রমি।
মায়াতে মোহিত হয়ে বৎসহারা গাভীর মতো ॥"
s0111,song,ঘরে যাবই যে না গো!,,False,1,,18,12,দক্ষিণেশ্বর-মন্দিরে শ্রীরামকৃষ্ণ ভক্তসঙ্গে,"১৮৮৩, ১৮ই ডিসেম্বর",1883-12-18,https://www.ramakrishnavivekananda.info/kathamrita/unicodekathamrita/18_l_at_dakshineshwar_338_339.html,সমাধি হয়ে বাহ্যশূন্য! সেদিন দেহত্যাগের সম্ভাবনা ছিল।” শ্রীরামকৃষ্ণ স্নান করিতে গেলেন। স্নানান্তর ওই গোপী প্রেমের কথা বলিতেছেন। (মণি প্রভৃতির প্রতি) — “গোপীদের ওই টানটুকু নিতে হয়! “এই সব গান গাইবে:,"ঘরে যাবই যে না গো!
যে ঘরে কৃষ্ণ নামটি করা দায়। (সঙ্গিনীয়া)”"
s0112,song,গৌর হে আমি সাধন-ভজনহীন,,False,1,একাকী,18,15,শ্রীরামকৃষ্ণ মণি প্রভৃতি ভক্তসঙ্গে,"১৮৮৩, ১৯শে ডিসেম্বর",1883-12-19,https://www.ramakrishnavivekananda.info/kathamrita/unicodekathamrita/18_o_with_mani_342_344.html,দিয়ে দেখলে খুব ছোট জিনিস বড় দেখায়। সেইরূপ যোগের দ্বারা ওই সব সূক্ষ্মপদ্ম দেখা যায়। শ্রীরামকৃষ্ণ পঞ্চবটীর ঘরে থাকিতে বলিয়াছেন। মণি ওই ঘরে রাত্রিবাস করিতেছেন। প্রত্যূষে ওই ঘরে একাকী গান গাহিতেছেন:,"গৌর হে আমি সাধন-ভজনহীন
পরশে পবিত্র করো আমি দীনহীন ॥
চরণ পাবো পাবো বলে হে,
(চরণ তো আর পেলাম না, গৌর!)
আমার আশায় আশায় গেল দিন!"
s0113,song,আমি গেরুয়া বসন অঙ্গেতে পরিব,,False,1,,18,15,শ্রীরামকৃষ্ণ মণি প্রভৃতি ভক্তসঙ্গে,"১৮৮৩, ১৯শে ডিসেম্বর",1883-12-19,https://www.ramakrishnavivekananda.info/kathamrita/unicodekathamrita/18_o_with_mani_342_344.html,"কী গান গাহিতেছেন:  হঠাৎ জানালার দিকে দৃষ্টিপাত করিয়া দেখেন, শ্রীরামকৃষ্ণ দণ্ডায়মান। “পরশে পবিত্র করো আমি দীনহীন!” — এই কথা শুনিয়া তাঁহার চক্ষু, কি আশ্চর্য, অশ্রুপূর্ণ হইয়াছে। আবার একটি গান হইতেছে:","আমি গেরুয়া বসন অঙ্গেতে পরিব
শঙ্খের কুণ্ডল পরি।
আমি যোগিনীর বেশে যাব সেই দেশে,
যেখানে নিঠুর হরি ॥"
s0114,verse,‘সে যে কোঠার ভিতর চোরকুঠরি,,False,1,,18,16,দক্ষিণেশ্বরে ভক্তসঙ্গে — বলরামের পিতা প্রভৃতি,"১৮৮৩, ২২শে ডিসেম্বর",1883-12-22,https://www.ramakrishnavivekananda.info/kathamrita/unicodekathamrita/18_p_at_dakshineshwar_344_347.html,"্ড জ্যোতিঃ দর্শন। যশোদা তখন বললেন, কৃষ্ণ রে ও-সব আর দেখতে চাই না — এখন তোর সেই মানুষরূপ দেখবো! তোকে কোলে করবো, খাওয়াবো। “তাই অবতারে তিনি বেশি প্রকাশ। অবতারের শরীর থাকতে থাকতে তাঁর পূজা সেবা করতে হয়।","‘সে যে কোঠার ভিতর চোরকুঠরি
ভোর হলে সে লুকাবে রে।’"
s0115,verse,"‘পঞ্চভূতের ফাঁদে, ব্রহ্ম পড়ে কাঁদে।’",,False,1,,18,16,দক্ষিণেশ্বরে ভক্তসঙ্গে — বলরামের পিতা প্রভৃতি,"১৮৮৩, ২২শে ডিসেম্বর",1883-12-22,https://www.ramakrishnavivekananda.info/kathamrita/unicodekathamrita/18_p_at_dakshineshwar_344_347.html,"বতারে তিনি বেশি প্রকাশ। অবতারের শরীর থাকতে থাকতে তাঁর পূজা সেবা করতে হয়।  “অবতারকে সকলে চিনতে পারে না। দেহধারণ করলে রোগ, শোক, ক্ষুধা, তৃষ্ণা সবই আছে, মনে হয়, আমাদেরই মতো। রাম সীতার শোকে কেঁদেছিলেন —","‘পঞ্চভূতের ফাঁদে, ব্রহ্ম পড়ে কাঁদে।’"
s0116,song,শ্যাম তুমি পরাণের পরাণ।,,False,1,,18,17,"শ্রীরামকৃষ্ণ, ভবনাথ, রাখাল, মণি, লাটু প্রভৃতি সঙ্গে","১৮৮৩, ২২শে ডিসেম্বর",1883-12-22,https://www.ramakrishnavivekananda.info/kathamrita/unicodekathamrita/18_q_with_bhavanath_347_347.html,"আসিয়াছেন। ঘরে রাখাল, মাস্টার, হরিশ প্রভৃতি আছেন। শনিবার, ২২শে ডিসেম্বর, ১৮৮৩। শ্রীরামকৃষ্ণ (ভবনাথের প্রতি) — অবতারের উপর ভালবাসা এলেই হল। আহা গোপীদের কি ভালবাসা! এই বলিয়া গান গাহিতেছেন গোপীদের ভাবে:","শ্যাম তুমি পরাণের পরাণ।
গান — ঘরে যাবই যে না গো (সঙ্গিনীয়া)
গান — সেদিন আমি দুয়ারে দাঁড়ায়ে।
(বঁধু যখন বিপিন যাও, বিপিন যাও)
(বঁধু ইচ্ছা হয়, ইচ্ছা হয় রাখাল হয়ে তোমার বাধা মাথায় বই!)"
s0117,song,"ধরো না ধরো না রথচক্র, রথ কি চক্রে চলে!",,True,1,শ্রীরামকৃষ্ণ,18,17,"শ্রীরামকৃষ্ণ, ভবনাথ, রাখাল, মণি, লাটু প্রভৃতি সঙ্গে","১৮৮৩, ২২শে ডিসেম্বর",1883-12-22,https://www.ramakrishnavivekananda.info/kathamrita/unicodekathamrita/18_q_with_bhavanath_347_347.html,"ধবী, আমায় মাধব দে!’ গোপীদের প্রেমোন্মাদ! “যখন অক্রূর এলেন, শ্রীকৃষ্ণ, বলরাম মথুরা যাবার জন্য তাঁর রথে উঠলেন, তখন গোপীরা রথের চাকা ধরে রইলেন, যেতে দেবেন না।” এই বলিয়া শ্রীরামকৃষ্ণ আবার গান গাহিতেছেন:","ধরো না ধরো না রথচক্র, রথ কি চক্রে চলে!
যে চক্রের চক্রী হরি, যাঁর চক্রে জগৎ চলে!"
s0118,song,শ্রীগৌরাঙ্গসুন্দর নব-নটবর তপতকাঞ্চন কায়।,,False,5,বৈষ্ণব প্রথমে | নূতন | বৈষ্ণবচরণ | নীলকন্ঠ,19,1,সমাধিমন্দিরে — ঈশ্বরদর্শন ও ঠাকুরের পরমহংস অবস্থা,"১৮৮৩, ২৩শে ডিসেম্বর",1883-12-23,https://www.ramakrishnavivekananda.info/kathamrita/unicodekathamrita/19_a_samadhi_348_350.html,িয়াছেন। ঠাকুরকে দর্শন করিয়া ও কিয়ৎক্ষণ বিশ্রাম করিয়া আবার কলিকাতায় যাইবেন। হাজরাও ঠাকুরের কাছে বসিয়া আছেন। নীলকণ্ঠের দেশের একজন বৈষ্ণব ঠাকুরকে গান শুনাইতেছেন। বৈষ্ণব প্রথমে নীলকণ্ঠের গান গাইলেন:,"শ্রীগৌরাঙ্গসুন্দর নব-নটবর তপতকাঞ্চন কায়।
করে স্বরূপ বিভিন্ন, লুকাইয়ে চিহ্ন, অবতীর্ণ নদীয়ায়।
কলিঘোর অন্ধকার বিনাশিতে, উন্নত উজ্জ্বল রস প্রকাশিতে,
তিন বাঞ্ছা তিন বস্তু আস্বাদিতে, এসেছ তিনেরি দায়; —
সে তিন পরশে, বিরস-হরষে, দরশে জগৎ মাতায় ॥
নীলাব্জ হেমাব্জে করিয়ে আবৃত, হ্লাদিনীর পূরাও দেহভেদগত; —
অধিরূঢ় মহাভাবে বিভাবিত, সাত্ত্বিকাদি মিলে যায়;
সে ভাব আস্বাদনের জন্য, কান্দেন অরণ্যে,
প্রেমের বন্যে ভেসে যায় ॥
নবীন সন্ন্যাসী, সুতীর্থ অন্বেষী, কভু নীলাচলে কভু যান কাশী;
অযাচক দেন প্রেম রাশি রাশি, নাহি জাতিভেদ তায়;
দ্বিজ নীলকণ্ঠে ভণে, এই বাঞ্ছা মনে, কবে বিকাব গৌরের পায়।"
s0119,song,"‘জাগো মা কুলকুণ্ডলিনী! তুমি নিত্যানন্দ স্বরূপিণী,",,False,1,,19,4,ঠাকুর শ্রীরামকৃষ্ণ ও যোগশিক্ষা — শিবসংহিতা,"১৮৮৩, ২৪শে ডিসেম্বর",1883-12-24,https://www.ramakrishnavivekananda.info/kathamrita/unicodekathamrita/19_d_yoga_356_357.html,িয়ে রয়েছে! “প্রসুপ্ত-ভুজগাকারা আধারপদ্মবাসিনী!” (মণির প্রতি) — ভক্তিযোগে কুলকুণ্ডলিনী শীঘ্র জাগ্রত হয়। কিন্তু ইনি জাগ্রত না হলে ভগবানদর্শন হয় না। গান করে করে একাগ্রতার সহিত গাইবে — নির্জনে গোপনে —,"‘জাগো মা কুলকুণ্ডলিনী! তুমি নিত্যানন্দ স্বরূপিণী,
প্রসুপ্ত-ভুজগাকারা আধারপদ্মবাসিনী।’"
s0120,song,"প্রসাদ বলে ভুক্তি মুক্তি উভয় মাথায় রেখেছি,",,False,2,,19,6,ঠাকুর শ্রীরামকৃষ্ণের কলিকাতায় নিমন্ত্রণ — শ্রীযুক্ত ঈশান মুখোপাধ্যায়ের বাটীতে শুভাগমন,"১৮৮৩, ২৭শে ডিসেম্বর",1883-12-27,https://www.ramakrishnavivekananda.info/kathamrita/unicodekathamrita/19_f_at_kolkata_359_363.html,"য়। ফুল দেখা দেয় ফল হবার জন্য। সন্ধ্যাদি কর্ম কতদিন? যতদিন ঈশ্বরের নাম করতে রোমাঞ্চ আর চক্ষে জল না আসে। এ-সকল অবস্থা ঈশ্বরলাভের লক্ষণ, ইশ্বরে শুদ্ধাভক্তিলাভের লক্ষণ। “তাঁকে জানলে পাপ-পুণ্যের পার হয়।","“প্রসাদ বলে ভুক্তি মুক্তি উভয়ে মাথায় রেখেছি।
আমি কালী ব্রহ্ম জেনে মর্ম, ধর্মাধর্ম সব ছেড়েছি!"
s0121,song,"বাঁচলাম সখি, শুনি কৃষ্ণনাম (ভাল কথার মন্দও ভাল)।",,True,1,ঠাকুর,20,5,গুরুদেব শ্রীরামকৃষ্ণ — ভক্তজন্য ক্রন্দন ও প্রার্থনা,"১৮৮৪, ৫ই জানুয়ারি",1884-01-05,https://www.ramakrishnavivekananda.info/kathamrita/unicodekathamrita/20_e_guru_377_380.html,"ন। কিয়ৎক্ষণ পরে ঠাকুর শ্রীরামকৃষ্ণ পঞ্চবটিতে আসিয়াছেন। তাঁহার সঙ্গে বাবুরাম, হরিশ — ক্রমে রাখাল ও মণি। রাখাল — ইনি আজ বেশ কীর্তন করে আনন্দ দিয়েছেন। ঠাকুর শ্রীরামকৃষ্ণ ভাবাবিষ্ট হইয়া গান গাহিতেছেন:","বাঁচলাম সখি, শুনি কৃষ্ণনাম (ভাল কথার মন্দও ভাল)।"
s0122,song,সমর আলো করে কার কামিনী।,,False,2,রামলাল | ’ রামলাল,20,5,গুরুদেব শ্রীরামকৃষ্ণ — ভক্তজন্য ক্রন্দন ও প্রার্থনা,"১৮৮৪, ৫ই জানুয়ারি",1884-01-05,https://www.ramakrishnavivekananda.info/kathamrita/unicodekathamrita/20_e_guru_377_380.html,"আবার বলিতেছেন, “তুমি যা ভাবছো তাও হয়ে যাবে।” [ভক্তসঙ্গে কীর্তনানন্দে — মা ও জননী — কেন নরলীলা ] ঠাকর এইবার প্রকৃতিস্থ হইয়াছেন। ঘরে রাখাল, রামলাল। রামলালকে গান গাহিতে বলিতেছেন। রামলাল গান গাহিতেছেন:","সমর আলো করে কার কামিনী!
সজল জলদ জিনিয়া কায়, দশনে প্রকাশে দামিনী ॥
এলায়ে চাঁচর চিকুর পাশ, সুরাসুর মাঝে না করে ত্রাস
অট্টহাসে দানব নাশে, রণ প্রকাশে রঙ্গিণী ॥
কিবা শোভা করে শ্রমজ বিন্দু, ঘনতনু ঘেরি কুমুদবন্ধু,
অমিয় সিন্ধু হেরিয়ে ইন্দু, মলিন এ কোন মোহিনী ॥
এ কি অসম্ভব ভব পরাভব, পদতলে শবসদৃশ নীরব,
কমলাকান্ত কর অনুভব, কে বটে ও গজগামিনী ॥"
s0123,song,"কি দেখিলাম রে, কেশব ভারতীর কুটিরে, অপরূপ জ্যোতিঃ,",,True,5,ঠাকুর | ঠাকুরের | ত্রৈলোক্য,16,32,দক্ষিণেশ্বরে কোজাগর লক্ষ্মীপূর্ণিমা — ১৮৮৩,"১৮৮৩, ১৬ই অক্টোবর",1883-10-16,https://www.ramakrishnavivekananda.info/kathamrita/unicodekathamrita/16_zf_at_dakshineshwar_290_293.html,"মকৃষ্ণ সমাধিস্থ হইলেন। বাহ্যশূন্য, চিত্রার্পিতের ন্যায় বসিয়া আছেন। সমাধিভঙ্গের পর শ্রীরামকৃষ্ণ গান গাহিতেছেন:  এইবার শ্রীযুক্ত রামলালকে গান গাহিতে বলিতেছেন। তিনি গাইতেছেন। প্রথমেই গৌরাঙ্গ সন্ন্যাস —","কি দেখিলাম রে, কেশব ভারতীর কুটিরে,
অপরূপ জ্যোতিঃ, শ্রীগৌরাঙ্গ মূরতি,
দুনয়নে প্রেম বহে শতধারে।
গৌর মত্তমাতঙ্গের প্রায়, প্রেমাবেশে নাচে গায়,
কভু ধরাতে লুঠায়, নয়নজলে ভাসে রে,
কাঁদে আর বলে হরি, স্বর্গ-মর্ত্য ভেদ করি, সিংহরবে রে,
আবার দন্তে তৃণ লয়ে কৃতাঞ্জলি হয়ে,
দাস্য মুক্তি যাচেন দ্বারে দ্বারে ॥
কিবা মুড়ায়ে চাঁচর কেশ, ধরেছেন যোগীর বেশ,
দেখে ভক্তি প্রেমাবেশ, প্রাণ কেঁদে উঠে রে।
জীবের দুঃখে কাতর হয়ে, এলেন সর্বস্ব ত্যজিয়ে,
প্রেম বিলাতে রে,
প্রেমদাসের বাঞ্ছা মনে, শ্রীচৈতন্যচরণে,
দাস হয়ে বেড়াই দ্বারে দ্বারে ॥"
s0124,song,গৌর প্রেমের ঢেউ লেগেছে গায়।,,True,4,ঠাকুরের | কেদার,20,5,গুরুদেব শ্রীরামকৃষ্ণ — ভক্তজন্য ক্রন্দন ও প্রার্থনা,"১৮৮৪, ৫ই জানুয়ারি",1884-01-05,https://www.ramakrishnavivekananda.info/kathamrita/unicodekathamrita/20_e_guru_377_380.html,"তি (কালী)। তিনি নবরূপে শ্রীগৌরাঙ্গ।” ঠাকুর কি ইঙ্গিত করিয়া বলিতেছেন, যিনি আদ্যাশক্তি তিনিই নররূপী শ্রীরামকৃষ্ণ হইয়া আসিয়াছেন। শ্রীযুক্ত রামলাল ঠাকুরের আদেশে আবার গাহিতেছেন — এবারে শ্রীগৌরাঙ্গলীলা।","গৌর প্রেমের ঢেউ লেগেছে গায়।
তার হিল্লোলে পাষণ্ড-দলন এ-ব্রহ্মাণ্ড তলিয়ে যায় ॥
মনে করি ডুবে তলিয়ে রই,
গৌরচাঁদের প্রেম-কুমিরে গিলেছে গো সই।
এমন ব্যথার ব্যথী কে আর আছে
হাত ধরে টেনে তোলায় ॥"
s0125,verse,যদেকং নিষ্কলং ব্রহ্ম ব্যোমাতীতং নিরঞ্জনম্‌।,,False,1,,20,10,মহিমাচরণের শাস্ত্রপাঠ শ্রবণ ও ঠাকুরের সমাধি,"১৮৮৪, ২রা ফেব্রুয়ারি",1884-02-02,https://www.ramakrishnavivekananda.info/kathamrita/unicodekathamrita/20_j_mahimacharan_386_387.html,াধি কথা কহিতে কহিতে রাত আটটা হইয়াছে। ঠাকুর শ্রীরামকৃষ্ণ মহিমাচরণকে শাস্ত্র হইতে কিছু স্তবাদি শুনাইতে বলিলেন। মহিমাচরণ একখানি বই লইয়া উত্তর গীতার প্রথমেই পরব্রহ্মসম্বন্ধীয় যে শ্লোক তাহা শুনাইতেছেন —,"“যদেকং নিষ্কলং ব্রহ্ম ব্যোমাতীতং নিরঞ্জনম্‌।
অপ্রতর্ক্যমবিজ্ঞেয়ং বিনাশোৎপত্তিবর্জিতম্‌ ॥”"
s0126,verse,অগ্নির্দেবো দ্বিজাতীনাং মুনীনাং হৃদি দৈবতম্‌।,,False,1,,20,10,মহিমাচরণের শাস্ত্রপাঠ শ্রবণ ও ঠাকুরের সমাধি,"১৮৮৪, ২রা ফেব্রুয়ারি",1884-02-02,https://www.ramakrishnavivekananda.info/kathamrita/unicodekathamrita/20_j_mahimacharan_386_387.html,্রীরামকৃষ্ণ মহিমাচরণকে শাস্ত্র হইতে কিছু স্তবাদি শুনাইতে বলিলেন। মহিমাচরণ একখানি বই লইয়া উত্তর গীতার প্রথমেই পরব্রহ্মসম্বন্ধীয় যে শ্লোক তাহা শুনাইতেছেন —  ক্রমে তৃতীয় অধ্যায়ের ৭ম শ্লোক পড়িতেছেন —,"“অগ্নির্দেবো দ্বিজাতীনাং মুনীনাং হৃদি দৈবতম্‌।
প্রতিমা স্বল্পবুদ্ধীনাং সর্বত্র সমদর্শিনাম্‌ ॥”"
s0127,verse,অন্তর্বহির্যদিহরিস্তপসা ততঃ কিম্‌।,,False,2,,20,10,মহিমাচরণের শাস্ত্রপাঠ শ্রবণ ও ঠাকুরের সমাধি,"১৮৮৪, ২রা ফেব্রুয়ারি",1884-02-02,https://www.ramakrishnavivekananda.info/kathamrita/unicodekathamrita/20_j_mahimacharan_386_387.html,ীর অবস্থা নিরীক্ষণ করিতেছেন। অনেকক্ষণ এইরূপে দাঁড়াইয়া প্রকৃতিস্থ হইলেন ও আবার আসন গ্রহণ করিলেন। মহিমাচরণকে এইবার সেই হরিভক্তির শ্লোক আবৃত্তি করিতে বলিলেন। মহিমা নারদপঞ্চরাত্র হইতে আবৃত্তি করিতেছেন —,"অন্তর্বহির্যদিহরিস্তপসা ততঃ কিম্‌।
নান্তর্বহির্যদিহরিস্তপসা ততঃ কিম্‌ ॥
আরাধিতো যদি হরিস্তপসা ততঃ কিম্‌।
নারাধিতো যদি হরিস্তপসা ততঃ কিম্‌ ॥
বিরম বিরম ব্রহ্মন্‌ কিং তপস্যাসু বৎস।
ব্রজ ব্রজ দ্বিজ শীঘ্রং শঙ্করং জ্ঞানসিন্ধুম্‌ ॥
লভ লভ হরিভক্তিং বৈষ্ণবোক্তাং সুপক্কাম্‌।
ভবনিগড়নিবন্ধচ্ছেদনীং কর্তরীঞ্চ ॥"
s0128,verse,"যস্যামিদং কল্পিতমিন্দ্রজালং, চরাচরং ভাতি মনোবিলাসম্‌।",,False,1,,20,10,মহিমাচরণের শাস্ত্রপাঠ শ্রবণ ও ঠাকুরের সমাধি,"১৮৮৪, ২রা ফেব্রুয়ারি",1884-02-02,https://www.ramakrishnavivekananda.info/kathamrita/unicodekathamrita/20_j_mahimacharan_386_387.html,ি করিতেছেন —  শ্রীরামকৃষ্ণ — আহা! আহা! [ভাণ্ড ও ব্রহ্মাণ্ড — তুমিই চিদানন্দ — নাহং নাহং ] শ্লোকগুলির আবৃত্তি শুনিয়া ঠাকুর আবার ভাবাবিষ্ট হইতেছিলেন। কষ্টে ভাব সংবরণ করিলেন। এইবার যতিপঞ্চক পাঠ হইতেছে —,"যস্যামিদং কল্পিতমিন্দ্রজালং, চরাচরং ভাতি মনোবিলাসম্‌।
সচ্চিৎসুখৈকং জগদাত্মরূপং, সা কাশিকাহং নিজবোধরূপম্‌ ॥"
s0129,verse,ঊর্ধ্বপূর্ণমধঃপূর্ণং মধ্যপূর্ণং যদাত্মকম্‌।,,False,1,,20,10,মহিমাচরণের শাস্ত্রপাঠ শ্রবণ ও ঠাকুরের সমাধি,"১৮৮৪, ২রা ফেব্রুয়ারি",1884-02-02,https://www.ramakrishnavivekananda.info/kathamrita/unicodekathamrita/20_j_mahimacharan_386_387.html,"ণ (সহাস্যে) —তুমি রামগীতা রামগীতা কচ্ছো, — তবে তুমি ঘোর বেদান্তী! সাধুরা কত পড়ত এখানে। মহিমাচরণ প্রণব শব্দ কিরূপ তাই পড়িতেছেন — “তৈলধারামবিচ্ছিন্নম্‌ দীর্ঘঘন্টানিনাদবৎ”! আবার সমাধির লক্ষণ বলিতেছেন —","“ঊর্ধ্বপূর্ণমধঃপূর্ণং মধ্যপূর্ণং যদাত্মকম্‌।
সর্বপূর্ণং স আত্মেতি সমাধিস্থস্য লক্ষণম্‌ ॥”"
s0130,song,তোর কোলে লুকায়ে থাকি (মা)।,,False,1,,20,14,দক্ষিণেশ্বর-মন্দিরে নরেন্দ্রাদি ভক্তসঙ্গে,"১৮৮৪, ২রা মার্চ",1884-03-02,https://www.ramakrishnavivekananda.info/kathamrita/unicodekathamrita/20_n_at_dakshineshwar_391_395.html,"কষ্টে আছেন। ঠাকুরের শরীর, হাত ভাঙা অবধি, এখনও ভাল হয় নাই। হাতে অনেক দিন বাড়্‌ (Bar) দিয়া রাখা হইয়াছিল। ত্রৈলোক্য মার গান গাইতেছেন। গানে বলিতেছেন, মা তোমার কোলে নিয়ে অঞ্চল ডেকে আমায় বুকে করে রাখ:","তোর কোলে লুকায়ে থাকি (মা)।
চেয়ে চেয়ে মুখপানে মা মা মা বলে ডাকি।
ডুবে চিদানন্দরসে, মহাযোগ নিদ্রাবশে,
দেখি রূপ অনিমেষে, নয়নে নয়নে রাখি।
দেখে শুনে ভয় করে প্রাণ কেঁদে ওঠে ডরে,
রাখ আমায় বুকে ধরে, স্নেহের অঞ্চলে ঢাকি (মা)।"
s0131,song,লজ্জা নিবারণ হরি আমার।,,False,1,ত্রৈলোক্য,20,14,দক্ষিণেশ্বর-মন্দিরে নরেন্দ্রাদি ভক্তসঙ্গে,"১৮৮৪, ২রা মার্চ",1884-03-02,https://www.ramakrishnavivekananda.info/kathamrita/unicodekathamrita/20_n_at_dakshineshwar_391_395.html,"রৈলোক্য মার গান গাইতেছেন। গানে বলিতেছেন, মা তোমার কোলে নিয়ে অঞ্চল ডেকে আমায় বুকে করে রাখ:  ঠাকুর শুনিতে শুনিতে প্রেমাশ্রু বিসর্জন করিতেছেন। আর বলিতেছেন, আহা! কি ভাব! ত্রৈলোক্য আবার গাহিতেছেন: (লোফা)","লজ্জা নিবারণ হরি আমার।
(দেখো দেখো হে — যেন — মনোবাঞ্ছা পূর্ণ হয়)।
ভকতের মান, ওহে ভগবান, তুমি বিনা কে রাখিবে আর।
তুমি প্রাণপতি প্রাণাধার, আমি চিরক্রীত দাস তোমার!
(দেখো)।
তুয়া পদ সার করি, জাতি কুল পরিহরি, লাজ ভয়ে দিনু জলাঞ্জলি
(এখন কোথা বা যাই হে পথের পথিক হয়ে);
আব হাম তোর লাগি, হইনু কলঙ্কভাগী,
গঞ্জে লোকে কত মন্দ বলি। (কত নিন্দা করে হে)
(তোমায় ভালবাসি বলে) (ঘরে পরে গঞ্জনা হে)
সরম ভরম মোর, অবহি সকল তোর, রাখ বা না রাখ তব দায়
(দাসের মানে তোমারি মান হরি),
তুমি হে হৃদয় স্বামী, তব মানে মানী আমি, কর নাথ যেঁউ তুহে ভায়।
ঘরের বাহির করি, মজাইলে যদি হরি, দেও তবে শ্রীচরণে স্থান,
(চির দিনের মতো) অনুদিন প্রেমবধু, পিয়াও পরাণ বঁধু,
প্রেমদাসে করে পরিত্রাণ।"
s0132,song,‘যশ অপযশ কুরস সুরস সকল রস তোমারি।,,True,1,ঠাকুর (implied),20,14,দক্ষিণেশ্বর-মন্দিরে নরেন্দ্রাদি ভক্তসঙ্গে,"১৮৮৪, ২রা মার্চ",1884-03-02,https://www.ramakrishnavivekananda.info/kathamrita/unicodekathamrita/20_n_at_dakshineshwar_391_395.html,"রু বিসর্জন করিতেছেন। আর বলিতেছেন, আহা! কি ভাব! ত্রৈলোক্য আবার গাহিতেছেন: (লোফা)  (বড় দশকশী) (ছোট দশকশী) ঠাকুর আবার প্রেমাশ্রু বির্সজন করিতে করিতে মেঝেতে আসিয়া বসিলেন। আর রামপ্রসাদের ভাবে গাহিতেছেন —","‘যশ অপযশ কুরস সুরস সকল রস তোমারি।
(ওমা) রসে থেকে রসভঙ্গ কেন রসেশ্বরী ॥"
s0133,song,"(হরি) আপনি নাচ, আপনি গাও, আপনি বাজাও তালে তালে,",,False,1,ত্রৈলোক্য,20,14,দক্ষিণেশ্বর-মন্দিরে নরেন্দ্রাদি ভক্তসঙ্গে,"১৮৮৪, ২রা মার্চ",1884-03-02,https://www.ramakrishnavivekananda.info/kathamrita/unicodekathamrita/20_n_at_dakshineshwar_391_395.html,"ে মেঝেতে আসিয়া বসিলেন। আর রামপ্রসাদের ভাবে গাহিতেছেন —  ঠাকুর ত্রৈলোক্যকে বলিতেছেন, আহা! তোমার কি গান! তোমার গান ঠিক ঠিক। যে সমুদ্রে গিয়েছিল সেই সমুদ্রের জল এনে দেখায়। ত্রৈলোক্য আবার গান গাহিতেছেন:","(হরি) আপনি নাচ, আপনি গাও, আপনি বাজাও তালে তালে,
মানুষ তো সাক্ষীগোপাল মিছে আমার আমার বলে।
ছায়াবাজির পুতুল যেমন, জীবের জীবন তেমন,
দেবতা হতে পারে, যদি তোমার পথে চলে।
দেহ যন্ত্রে তুমি যন্ত্রী, আত্মরথে তুমি রথী,
জীব কেবল পাপের ভাগী, নিজ স্বাধীনতার ফলে।
সর্বমূলাধার তুমি, প্রাণের প্রাণ হৃদয় স্বামী,
অসাধুকে সাধু কর, তুমি নিজ পুণ্যবলে।"
s0134,song,"প্রেম গিরি-কন্দরে, যোগী হয়ে রহিব।",,True,1,ঠাকুরদাদা,20,19,ঠাকুরদাদা ও মহিমাচরণের প্রতি উপদেশ,"১৮৮৪, ২৩শে মার্চ",1884-03-23,https://www.ramakrishnavivekananda.info/kathamrita/unicodekathamrita/20_s_advice_to_thakurdada_407_411.html,"। শ্রীরামকৃষ্ণ — মন্ত্র নিয়েছ? ঠাকুরদাদা — আজ্ঞা, হয়েছে। শ্রীরামকৃষ্ণ — মন্ত্রে বিশ্বাস আছে? ঠাকুরদাদার বন্ধু বলিতেছেন — ইনি বেশ গান গাইতে পারেন। ঠাকুর বলিতেছেন — একটা গাওনা গো। ঠাকুরদাদা গাইতেছেন —","প্রেম গিরি-কন্দরে, যোগী হয়ে রহিব।
আনন্দনির্ঝর পাশে যোগধ্যানে থাকিব ॥
তত্ত্বফল আহরিয়ে জ্ঞান-ক্ষুধা নিবারিয়ে,
বৈরাগ্য-কুসুম দিয়ে শ্রীপাদপদ্ম পূজিব।
মিটাতে বিরহ-তৃষা কূপ জলে আর যাব না,
হৃদয়-করঙ্গ ভরে শান্তি-বারি তুলিব।
কভু ভাব শৃঙ্গ পরে, পদামৃত পান করে,
হাসিব কাঁদিব নাচিব গাইব।"
s0135,verse,বিরম বিরম ব্রহ্মন্‌ কিং তপস্যাসু বৎস।,,False,1,,20,19,ঠাকুরদাদা ও মহিমাচরণের প্রতি উপদেশ,"১৮৮৪, ২৩শে মার্চ",1884-03-23,https://www.ramakrishnavivekananda.info/kathamrita/unicodekathamrita/20_s_advice_to_thakurdada_407_411.html,ন সমাপ্ত হইলে ঠাকুর মহিমাচরণকে বলিতেছেন — তুমি সেই শ্লোকটি একবার বলতো — হরিভক্তির কথা। মহিমাচরণ নারদপঞ্চরাত্র হইতে সেই শ্লোকটি বলিতেছেন —  শ্রীরামকৃষ্ণ — ওটাও বল — লভ লভ হরিভক্তিং। মহিমাচরণ বলিতেছেন —,"বিরম বিরম ব্রহ্মন্‌ কিং তপস্যাসু বৎস।
ব্রজ ব্রজ দ্বিজ শীঘ্রং শঙ্করং জ্ঞানসিন্ধুম্‌ ॥
লভ লভ হরিভক্তিং বৈষ্ণবোক্তাং সুপক্কাম্‌।
ভব-নিগড়-নিবন্ধচ্ছেদনীং কর্তরীঞ্চ।"
s0136,song,প্রেমের বাজারে আনন্দের মালা।,,False,1,,20,23,শ্রীকেশবচন্দ্র সেন ও নববিধান — নববিধানে সার আছে,"১৮৮৪, ৫ই এপ্রিল",1884-04-05,https://www.ramakrishnavivekananda.info/kathamrita/unicodekathamrita/20_w_keshab_419_423.html,"মকৃষ্ণ — হাঁ, ঠিক ঠিক; তা না হলে মনে এত টানে কেন? রাম — সব আপনার ভাব নিয়ে গান বেঁধেছেন। কেশব সেন উপাসনার সময় সেই ভাবগুলি সব বর্ণনা করতেন, আর ত্রৈলোক্যবাবু সেইরূপ গান বাঁধতেন। এই দেখুন না, ওই গানটা —","“প্রেমের বাজারে আনন্দের মালা।
হরিভক্তসঙ্গে রসরঙ্গে করিছেন কত খেলা ॥"
s0137,song,আমি ওই খেদে খেদ করি শ্যামা।,,True,2,ঠাকুর,20,30,"ঠাকুর শ্রীরামকৃষ্ণ দক্ষিণেশ্বর-মন্দিরে, জন্মোৎসব্দিবসে বিজয়, কেদার, রাখাল, সুরেন্দ্র প্রভৃতি ভক্তসঙ্গে","১৮৮৪, ২৫শে মে",1884-05-25,https://www.ramakrishnavivekananda.info/kathamrita/unicodekathamrita/20_zd_at_dakshineshwar_438_440.html,"সময় বলি — মা তুমি কত বাঁধাই বেঁধেছ। [সুরেন্দ্র আফিস — সংসার, অষ্টপাশ ও তিনগুণ ] শ্রীরামকৃষ্ণ — অষ্টপাশ দিয়ে বন্ধন। লজ্জা, ঘৃণা, ভয়, জাতি, অভিমান, সঙ্কোচ, গোপনের ইচ্ছা — এই সব। ঠাকুর গান গাহিতেছেন:","আমি ওই খেদে খেদ করি শ্যামা।
তুমি মাতা থাকতে আমার জাগা ঘরে চুরি গো মা।"
s0138,verse,অখণ্ডমণ্ডলাকারং ব্যাপ্তং যেন চরাচরম্‌।,,False,1,,20,32,বিজয়াদি ভক্তসঙ্গে সংকীর্তনানন্দে — সহচরীর গৌরাঙ্গসন্ন্যাস গান,"১৮৮৪, ২৫শে মে",1884-05-25,https://www.ramakrishnavivekananda.info/kathamrita/unicodekathamrita/20_zf_kirtanwithvijayandothers_442_444.html,"ন না। বলিতেছেন — কৃষ্ণ! কৃষ্ণ! কৃষ্ণ! কৃষ্ণ, সচ্চিদাননদ! — কই তোমার রূপ আজকাল দেখি না! এখন তোমায় অন্তরে বাহিরে দেখছি — জীব, জগৎ, চতুর্বিংশতি তত্ত্ব — সবই তুমি! মন বুদ্ধি সবই তুমি! গুরুর প্রণামে আছে —","অখণ্ডমণ্ডলাকারং ব্যাপ্তং যেন চরাচরম্‌।
তৎপদং দর্শিতং যেন তস্মৈ শ্রীগুরবে নমঃ।"
s0139,song,হরি বলিতে ধারা বেয়ে পড়বে। (সে দিন কবে বা হবে),,False,1,,20,32,বিজয়াদি ভক্তসঙ্গে সংকীর্তনানন্দে — সহচরীর গৌরাঙ্গসন্ন্যাস গান,"১৮৮৪, ২৫শে মে",1884-05-25,https://www.ramakrishnavivekananda.info/kathamrita/unicodekathamrita/20_zf_kirtanwithvijayandothers_442_444.html,"রভৃতি ভক্তের প্রতি) — প্রেম কাকে বলে। ঈশ্বরে যার প্রেম হয় — যেমন চৈতন্যদেবের — তার জগৎ তো ভুল হয়ে যাবে, আবার দেহ যে এত প্রিয়, এ পর্যন্ত ভুল হয়ে যাবে! প্রেম হলে কি হয়, ঠাকুর গান গাইয়া বুঝাইতেছেন।","হরি বলিতে ধারা বেয়ে পড়বে। (সে দিন কবে বা হবে)
(অঙ্গে পুলক হবে) (সংসার বাসনা যাবে)
(দুর্দিন ঘুচে সুদিন হবে) (কবে হরির দয়া হবে)"
s0140,song,প্রেমধন বিলায় গোরারায়।,,False,1,,20,33,সন্ন্যাসীর কঠিন ব্রত — সন্ন্যাসী ও লোকশিক্ষা,"১৮৮৪, ২৫শে মে",1884-05-25,https://www.ramakrishnavivekananda.info/kathamrita/unicodekathamrita/20_zg_toughvowsofsannyasi_444_445.html,েন — “হা কৃষ্ণচৈতন্য!” শ্রীরামকৃষ্ণ (বিজয় প্রভৃতি ভক্তদের প্রতি) — ঘরে নাকি অনেক হরিনাম হয়েছে — তাই খুব জমে গেল! ভবনাথ — তাতে আবার সন্ন্যাসের কথা! শ্রীরামকৃষ্ণ — ‘আহা! কি ভাব!’ এই বলিয়া গান ধরিলেন:,"প্রেমধন বিলায় গোরারায়।
প্রেমকলসে কলসে ঢালে তবু না ফুরায়!
চাঁদ নিতাই ডাকে আয়! আয়! চাঁদ, গৌর ডাকে আয়!
(ওই) শান্তিপুর ডুবু ডুবু নদে ভেসে যায়।"
s0141,song,শীতল তছু অঙ্গ হেরি সঙ্গসুখ লালসে (হে)।,,False,2,,13,8,দক্ষিণেশ্বর-মন্দিরে ভক্তসঙ্গে শ্রীরামকৃষ্ণ,"১৮৮৩, ২৭শে মে",1883-05-27,https://www.ramakrishnavivekananda.info/kathamrita/unicodekathamrita/13_h_with_devotees_187_190.html,ন্তিত? — বুঝি রাধার ভাবে হয়েছে ভাবিত।” গোস্বামী আবার গান গাইতেছেন:  গানের এই লাইনটি শুনিয়া ঠাকুর শ্রীরামকৃষ্ণের মহাভাবের অবস্থা হইয়াছে। গায়ের জামা ছিঁড়িয়া ফেলিয়া দিলেন। কীর্তনিয়া যখন গাইতেছেন:,"শীতল তছু অঙ্গ।
তনু পরশে, অমনি অবশ অঙ্গ!
মহাভাবে ঠাকুরের কম্প হইতেছে!"
s0142,song,"মরিব মরিব সখি, নিশ্চয় মরিব,",,False,1,,21,1,সুরেন্দ্রের বাগানে,"১৮৮৪, ১৫ই জুন",1884-06-15,https://www.ramakrishnavivekananda.info/kathamrita/unicodekathamrita/21_a_surendra_gardenhouse_446_449.html,"ভূষণ গেছে আর ভূষণে কাজ নাই)। (আমার সুদিন গিয়ে দুর্দিন হয়েছে) (দুর্দশার দিন কি দেরি হয় না)। ঠাকুর আখর দিতেছেন — (সে কাল কি আজও হয় নাই)। কীর্তনিয়া আখর দিতেছেন — (এতকাল গেল, সে কাল কি আজও হয় নাই)।","মরিব মরিব সখি, নিশ্চয় মরিব,
(আমার) কানু হেন গুণনিধি কারে দিয়ে যাব।
না পোড়াইও রাধা অঙ্গ, না ভাসাইও জলে,
(দেখো যেন অঙ্গ পোড়াইও না গো)
(কৃষ্ণ বিলাসের অঙ্গ ভাসাইও না গো)
(কৃষ্ণ বিলাসের অঙ্গ জলে না ডারবি, অনলে না দিবি)
মরিলে তুলিয়ে রেখ তমালের ডালে।
(বেঁধে তমালে রাখবি) (তাতে পরশ হবে)
(কালোতে পরশ হবে) (কৃষ্ণ কালো তমাল কালো)
(কালো বড় ভালবাসি) (শিশুকাল হ’তে)
(আমার কানু অনুগত তনু)
(দেখ যেন কানু ছাড়া করো না গো)।"
s0143,song,ধনি দাঁড়ালো রে,,False,1,,21,1,সুরেন্দ্রের বাগানে,"১৮৮৪, ১৫ই জুন",1884-06-15,https://www.ramakrishnavivekananda.info/kathamrita/unicodekathamrita/21_a_surendra_gardenhouse_446_449.html,"থ! কতক সংজ্ঞা লাভ করিয়া অস্ফুট স্বরে বলিতেছেন, “কিট্ন কিট্ন” (কৃষ্ণ কৃষ্ণ)। ভাবে নিমগ্ন। নাম সম্পূর্ণ উচ্চারণ হইতেছে না। রাধাকৃষ্ণের মিলন হইল। কীর্তনিয়ারা ওই ভাবের গান গাহিতেছেন। ঠাকুর আখর দিতেছেন —","“ধনি দাঁড়ালো রে
অঙ্গ হেলাইয়ে ধনি দাঁড়ালো রে।
শ্যামের বামে ধনি দাঁড়ালো রে।
তমাল বেড়ি বেড়ি ধনি দাঁড়ালো রে।”"
s0144,song,মা কি এমনি মায়ের মেয়ে।,,True,1,ঠাকুর (implied),24,1,কালীব্রহ্ম — ব্রহ্ম ও শক্তি অভেদ,"১৮৮৪, ৩০শে জুন",1884-06-30,https://www.ramakrishnavivekananda.info/kathamrita/unicodekathamrita/24_a_brahmashakti_476_478.html,"কথা কহিতেছেন। পণ্ডিতকে বলিতেছেন, “বাপু, ব্রহ্ম অটল, অচল, সুমেরুবৎ। কিন্তু ‘অচল’ যার আছে তার ‘চল’ও আছে।” ঠাকুর প্রেমানন্দে মত্ত আছেন। সেই গন্ধর্ব বিনিন্দিত কণ্ঠে গান গাহিতেছেন। গানের পর গান গাহিতেছেন:","মা কি এমনি মায়ের মেয়ে।
যার নাম জপিয়ে মহেশ বাঁচেন হলাহল খাইয়ে ॥
সৃষ্টি স্থিতি প্রলয় যার কটাক্ষে হেরিয়ে।
সে যে অনন্ত ব্রহ্মাণ্ড রাখে উদরে পুরিয়ে ॥
যে চরণে শরণ লয়ে দেবতা বাঁচেন দায়ে।
দেবের দেব মহাদেব যাঁর চরণে লুটায়ে ॥"
s0145,song,মা কি শুধুই শিবের সতী।,,True,1,ঠাকুর (implied),24,1,কালীব্রহ্ম — ব্রহ্ম ও শক্তি অভেদ,"১৮৮৪, ৩০শে জুন",1884-06-30,https://www.ramakrishnavivekananda.info/kathamrita/unicodekathamrita/24_a_brahmashakti_476_478.html,"থা কহিতেছেন। পণ্ডিতকে বলিতেছেন, “বাপু, ব্রহ্ম অটল, অচল, সুমেরুবৎ। কিন্তু ‘অচল’ যার আছে তার ‘চল’ও আছে।” ঠাকুর প্রেমানন্দে মত্ত আছেন। সেই গন্ধর্ব বিনিন্দিত কণ্ঠে গান গাহিতেছেন। গানের পর গান গাহিতেছেন:","মা কি শুধুই শিবের সতী।
যাঁরে কালের কাল করে প্রণতি ॥
ন্যাংটাবেশে শত্রু নাশে মহাকাল হৃদয়ে স্থিতি।
বল দেখি মন সে বা কেমন, নাথের বুকে মারি লাথি ॥
প্রসাদ বলে মায়ের লীলা, সকলই জেনো ডাকাতি।
সাবধানে মন কর যতন, হবে তোমার শুদ্ধমতি ॥"
s0146,song,"আমি সুরা পান করি না, সুধা খাই জয় কালী বলে,",,True,1,ঠাকুর (implied),24,1,কালীব্রহ্ম — ব্রহ্ম ও শক্তি অভেদ,"১৮৮৪, ৩০শে জুন",1884-06-30,https://www.ramakrishnavivekananda.info/kathamrita/unicodekathamrita/24_a_brahmashakti_476_478.html,"া কহিতেছেন। পণ্ডিতকে বলিতেছেন, “বাপু, ব্রহ্ম অটল, অচল, সুমেরুবৎ। কিন্তু ‘অচল’ যার আছে তার ‘চল’ও আছে।” ঠাকুর প্রেমানন্দে মত্ত আছেন। সেই গন্ধর্ব বিনিন্দিত কণ্ঠে গান গাহিতেছেন। গানের পর গান গাহিতেছেন:","আমি সুরা পান করি না, সুধা খাই জয় কালী বলে,
মন-মাতালে মাতাল করে, মদ-মাতালে মাতাল বলে।
গুরুদত্ত বীজ লয়ে প্রবৃত্তি তায় মশলা দিয়ে,
জ্ঞান শুঁড়িতে চোয়ায় ভাঁটি, পান করে মোর মন-মাতালে।
মূল মন্ত্র যন্ত্র ভরা, শোধন করি বলে তারা,
প্রসাদ বলে এমন সুরা খেলে চতুর্বর্গ মিলে।"
s0147,song,"কালীনাম কল্পতরু, হৃদয়ে রোপণ করেছি।",,True,1,ঠাকুর,24,1,কালীব্রহ্ম — ব্রহ্ম ও শক্তি অভেদ,"১৮৮৪, ৩০শে জুন",1884-06-30,https://www.ramakrishnavivekananda.info/kathamrita/unicodekathamrita/24_a_brahmashakti_476_478.html,"হইয়াছেন। তিনি অতি বিনীত ভাবে ঠাকুরকে বলিতেছেন, “আবার গান হবে কি?” ঠাকুর একটু পরেই আবার গান গাহিতেছেন:    “দুর্গানাম কিনে এনেছি” এই কথা শুনিয়া পণ্ডিত অশ্রুবারি বিসর্জন করিতেছেন। ঠাকুর আবার গাহিতেছেন:","কালীনাম কল্পতরু, হৃদয়ে রোপণ করেছি।
এবার শমন এলে হৃদয় খুলে দেখাব তাই বসে আছি ॥
দেহের মধ্যে ছজন কুজন, তাদের ঘরে দূর করেছি।
রামপ্রসাদ বলে দুর্গা বলে যাত্রা করে বসে আছি ॥"
s0148,verse,"‘নির্গুণ মেরা বাপ, সগুণ মাহতারি,",,False,1,,25,1,বলরাম-মন্দিরে,"১৮৮৪, ৩রা জুলাই",1884-07-03,https://www.ramakrishnavivekananda.info/kathamrita/unicodekathamrita/25_a_balaramhome_493_494.html,"দেখলে মা-কালীর প্রসাদ খেতে, অমনি পালাল! “যে সমন্বয় করেছে, সেই-ই লোক। অনেকেই একঘেয়ে। আমি কিন্তু দেখি — সব এক। শাক্ত, বৈষ্ণব, বেদান্ত মত সবই সেই এককে লয়ে। যিনিই নিরাকার, তিনিই সাকার, তাঁরই নানা রূপ।","‘নির্গুণ মেরা বাপ, সগুণ মাহতারি,
কারে নিন্দো কারে বন্দো, দোনো পাল্লা ভারী।’"
s0149,song,শিব সঙ্গে সদারঙ্গে আনন্দে মগনা।,,True,5,ঠাকুর | কথা,25,4,"বলরামের বাড়ি, শশধর প্রভৃতি ভক্তগণ — ঠাকুরের সমাধি","১৮৮৪, ৩রা জুলাই",1884-07-03,https://www.ramakrishnavivekananda.info/kathamrita/unicodekathamrita/25_d_balaramhome_499_501.html,"হে কৃষ্ণ দয়া কর, — আমি অধম, আমি পাপী!’ “এমন জ্বলন্ত বিশ্বাস চাই যে, তাঁর নাম করেছি আমার আবার পাপ! — রাতদিন হরিনাম করে, আমার বলে — আমার পাপ!’ কথা কহিতে কহিতে ঠাকুর প্রেমে উন্মত্ত হইয়া গান গাহিতেছেন:","শিব সঙ্গে সদা রঙ্গে আনন্দে মগনা,
সুধাপানে ঢল ঢল ঢলে কিন্তু পড়ে না (মা)।
বিপরীত রতাতুরা, পদভরে কাঁপে ধরা,
উভয়ে পাগলের পারা, লজ্জা ভয় আর মানে না (মা)।"
s0150,song,"দুর্গানাম জপ সদা রসনা আমার,",,False,2,,25,4,"বলরামের বাড়ি, শশধর প্রভৃতি ভক্তগণ — ঠাকুরের সমাধি","১৮৮৪, ৩রা জুলাই",1884-07-03,https://www.ramakrishnavivekananda.info/kathamrita/unicodekathamrita/25_d_balaramhome_499_501.html,"মি পাপী!’ “এমন জ্বলন্ত বিশ্বাস চাই যে, তাঁর নাম করেছি আমার আবার পাপ! — রাতদিন হরিনাম করে, আমার বলে — আমার পাপ!’ কথা কহিতে কহিতে ঠাকুর প্রেমে উন্মত্ত হইয়া গান গাহিতেছেন:   গান শুনিয়া শশধর কাঁদিতেছেন।","দুর্গানাম জপ সদা রসনা আমার,
দুর্গমে শ্রীদুর্গা বিনে কে করে নিস্তার।
তুমি স্বর্গ তুমি মর্ত্য তুমি সে পাতাল,
তোমা হতে হরি ব্রহ্মা দ্বাদশ গোপাল।
দশমহাবিদ্যা মাতা দশ অবতার,
এবার কোনরূপে আমায় করিতে হবে পার।
চল অচল তুমি মা তুমি সূক্ষ্ম স্থূল,
সৃষ্টি স্থিতি প্রলয় তুমি তুমি বিশ্বমূল।
ত্রিলোকজননী তুমি ত্রিলোকতারিণী,
সকলের শক্তি তুমি (মা গো) তোমার শক্তি তুমি।"
s0151,song,"যশোদা নাচাতো শ্যামা বলে নীলমণি,",,True,1,ঠাকুর,25,4,"বলরামের বাড়ি, শশধর প্রভৃতি ভক্তগণ — ঠাকুরের সমাধি","১৮৮৪, ৩রা জুলাই",1884-07-03,https://www.ramakrishnavivekananda.info/kathamrita/unicodekathamrita/25_d_balaramhome_499_501.html,"আমার বলে — আমার পাপ!’ কথা কহিতে কহিতে ঠাকুর প্রেমে উন্মত্ত হইয়া গান গাহিতেছেন:   গান শুনিয়া শশধর কাঁদিতেছেন।  এই কয় চরণ গান শুনিয়া ঠাকুর ভাবাবিষ্ট হইয়াছেন, গান সমাপ্ত হইলে ঠাকুর নিজে গান ধরিলেন:","যশোদা নাচাতো শ্যামা বলে নীলমণি,
সেরূপ লুকালে কোথা করালবদনী।"
s0152,song,আমার গৌর নাচে।,,False,2,,25,5,পুনর্যাাত্রা — রথের সম্মুখে ভক্তসঙ্গে ঠাকুরের নৃত্য ও সংকীর্তন,"১৮৮৪, ৩রা জুলাই",1884-07-03,https://www.ramakrishnavivekananda.info/kathamrita/unicodekathamrita/25_e_sriramakrishnadance_501_503.html,ল খাওয়াইবেন। এই সুযোগে মেয়ে ভক্তেরাও তাঁহাকে আবার দর্শন করিবেন। এদিকে ভক্তেরা বাহিরের বৈঠকখানায় তাঁহার অপেক্ষা করিতেছেন ও একসঙ্গে সংকীর্তন করিতেছেন। ঠাকুর বাহিরে আসিয়াই যোগ দিলেন। কীর্তন চলিতেছে —,"আমার গৌর নাচে।
নাচে সংকীর্তনে, শ্রীবাস অঙ্গনে, ভক্তগণসঙ্গে ॥
হরিবোল বলে বদনে গোরা, চায় গদাধর পানে,
গোরার অরুণ নয়নে, বহিছে সঘনে, প্রেমধারা হেম অঙ্গে ॥"
s0153,song,নাচে সংকীর্তনে (শচীর দুলাল নাচে রে)।,,False,1,,25,5,পুনর্যাাত্রা — রথের সম্মুখে ভক্তসঙ্গে ঠাকুরের নৃত্য ও সংকীর্তন,"১৮৮৪, ৩রা জুলাই",1884-07-03,https://www.ramakrishnavivekananda.info/kathamrita/unicodekathamrita/25_e_sriramakrishnadance_501_503.html,গে মেয়ে ভক্তেরাও তাঁহাকে আবার দর্শন করিবেন। এদিকে ভক্তেরা বাহিরের বৈঠকখানায় তাঁহার অপেক্ষা করিতেছেন ও একসঙ্গে সংকীর্তন করিতেছেন। ঠাকুর বাহিরে আসিয়াই যোগ দিলেন। কীর্তন চলিতেছে —  ঠাকুর আখর দিতেছেন —,"নাচে সংকীর্তনে (শচীর দুলাল নাচে রে)।
(আমার গোরা নাচে রে) (প্রাণের গোরা নাচে রে)।"
s0154,song,হরিনাম মদিরায় মত্ত হও —,,False,1,,26,1,শিবপুর ভক্তসঙ্গে যোগতত্ত্ব কথা — কুণ্ডলিনী ও ষট্‌চক্রভেদ,"১৮৮৪, ৩রা অগস্ট",1884-08-03,https://www.ramakrishnavivekananda.info/kathamrita/unicodekathamrita/26_a_shibpurdevotees_504_506.html,"াপী, আমাদের উদ্ধার কর।” শ্রীরামকৃষ্ণ (ভক্তদের প্রতি) — ভয় দেখিয়ে — ভয় পেয়ে — ভজনা, প্রবর্তকের ভাব। তাঁকে লাভ করার গান গাও। আনন্দের গান। (রাখালের প্রতি) নবীন নিয়োগীর বাড়িতে সেদিন কেমন গান করছিল —",হরিনাম মদিরায় মত্ত হও —
s0155,song,কৌপিন দাও কাঙালবেশে ব্রজে যাই হে ভারতী।,,False,1,,26,1,শিবপুর ভক্তসঙ্গে যোগতত্ত্ব কথা — কুণ্ডলিনী ও ষট্‌চক্রভেদ,"১৮৮৪, ৩রা অগস্ট",1884-08-03,https://www.ramakrishnavivekananda.info/kathamrita/unicodekathamrita/26_a_shibpurdevotees_504_506.html,"কে লয়ে আনন্দ — তাঁকে লয়ে মাতোয়ারা হওয়া।” শিবপুরের ভক্ত — আজ্ঞা, আপনার গান একটি হবে না? শ্রীরামকৃষ্ণ — আমি কি গাইব? আচ্ছা, যখন হবে গাইব। কিয়ৎক্ষণ পরে ঠাকুর গান গাহিতেছেন। গাইবার সময় ঊর্ধ্বদৃষ্টি।",কৌপিন দাও কাঙালবেশে ব্রজে যাই হে ভারতী।
s0156,song,দেখসে আয় গৌরবরণ রূপখানি (গো সজানী)।,,False,1,,26,1,শিবপুর ভক্তসঙ্গে যোগতত্ত্ব কথা — কুণ্ডলিনী ও ষট্‌চক্রভেদ,"১৮৮৪, ৩রা অগস্ট",1884-08-03,https://www.ramakrishnavivekananda.info/kathamrita/unicodekathamrita/26_a_shibpurdevotees_504_506.html,"লয়ে আনন্দ — তাঁকে লয়ে মাতোয়ারা হওয়া।” শিবপুরের ভক্ত — আজ্ঞা, আপনার গান একটি হবে না? শ্রীরামকৃষ্ণ — আমি কি গাইব? আচ্ছা, যখন হবে গাইব। কিয়ৎক্ষণ পরে ঠাকুর গান গাহিতেছেন। গাইবার সময় ঊর্ধ্বদৃষ্টি।","দেখসে আয় গৌরবরণ রূপখানি (গো সজানী)।
আলতোলা দুধের ছানা মাখা গোরার গায়,
(দেখে ভাবের উদয় হয়)।
কারিগর ভাঙ্গড়, মিস্ত্রী বৃষভানুনন্দিনী"
s0157,song,শ্যামা ধন কি সবাই পায়। অবোধ মন বোঝে না একি দায় ॥,,True,4,ঠাকুর (implied) | ঠাকুর,24,1,কালীব্রহ্ম — ব্রহ্ম ও শক্তি অভেদ,"১৮৮৪, ৩০শে জুন",1884-06-30,https://www.ramakrishnavivekananda.info/kathamrita/unicodekathamrita/24_a_brahmashakti_476_478.html,"কহিতেছেন। পণ্ডিতকে বলিতেছেন, “বাপু, ব্রহ্ম অটল, অচল, সুমেরুবৎ। কিন্তু ‘অচল’ যার আছে তার ‘চল’ও আছে।” ঠাকুর প্রেমানন্দে মত্ত আছেন। সেই গন্ধর্ব বিনিন্দিত কণ্ঠে গান গাহিতেছেন। গানের পর গান গাহিতেছেন:","শ্যামাধন কি সবাই পায় (কালীধন কি সবাই পায়)
অবোধ মন বোঝে না একি দায়।
শিবেরই অসাধ্য সাধন মনমজানো রাঙা পায় ॥
ইন্দ্রাদি সম্পদ সুখ তুচ্ছ হয় যে ভাবে মায়।
সদানন্দ সুখে ভাসে, শ্যামা যদি ফিরে চায় ॥
যোগীন্দ্র মুনীন্দ্র ইন্দ্র যে চরণ ধ্যানে না পায়।
নির্গুণে কমলাকান্ত তবু সে চরণ চায় ॥"
s0158,song,"শ্যামা মা কি কল করেছে, কালী মা কি কল করেছে,",,False,1,,26,1,শিবপুর ভক্তসঙ্গে যোগতত্ত্ব কথা — কুণ্ডলিনী ও ষট্‌চক্রভেদ,"১৮৮৪, ৩রা অগস্ট",1884-08-03,https://www.ramakrishnavivekananda.info/kathamrita/unicodekathamrita/26_a_shibpurdevotees_504_506.html,"ুরের ভক্ত — আজ্ঞা, আপনার গান একটি হবে না? শ্রীরামকৃষ্ণ — আমি কি গাইব? আচ্ছা, যখন হবে গাইব। কিয়ৎক্ষণ পরে ঠাকুর গান গাহিতেছেন। গাইবার সময় ঊর্ধ্বদৃষ্টি।     গৌরাঙ্গের নামের পর ঠাকুর মার নাম করিতেছেন:","শ্যামা মা কি কল করেছে, কালী মা কি কল করেছে,
চৌদ্দ পোয়া কলের ভিতরি, কত রঙ্গ দেখাতেছে।
আপনি থাকি কলের ভিতরি, কল ঘুরায় ধরে কলডুরি;
কল বলে আপনি ঘুরি, জানে না কে ঘুরাতেছে।।
যে কল জেনেছে তারে, কল হতে হবে না তারে,
কোনো কলের ভক্তি ডোরে আপনি শ্যামা বাঁধা আছে।"
s0159,song,সুন্দর তোমার নাম দীনশরণ হে।,,False,4,নরেন্দ্র,27,1,নরেন্দ্রাদি ভক্তসঙ্গে কীর্তনানন্দে। সমাধিমন্দিরে,"১৮৮৪, ৬ই সেপ্টেম্বর",1884-09-06,https://www.ramakrishnavivekananda.info/kathamrita/unicodekathamrita/27_a_kirtannarendra_515_518.html,"কীর্তনাঙ্গের গান সম্বন্ধে কথা হইতেছে। নরেন্দ্র বলিতেছেন, “কীর্তনে তাল সম্‌ এ-সব নাই — তাই অত Popular — লোকে ভালবাসে।” শ্রীরামকৃষ্ণ — সে কি বললি! করুণ বলে তাই অত — লোকে ভালবাসে। নরেন্দ্র গান গাইতেছেন:","সুন্দর তোমার নাম দীন-শরণ হে,
বরিষে অমৃতধার, জুড়ায় শ্রবণ ও প্রাণরমণ হে।
এক তব নাম ধন, অমৃত-ভবন হে,
অমর হয় সেইজন, যে করে কীর্তন হে।
গভীর বিষাদরাশি নিমেষে বিনাশে,
যখনি তব নামসুধা শ্রবণে পরশে;
হৃদয় মধুময় তব নাম গানে,
হয় হে হৃদয়নাথ, চিদানন্দ ঘন হে।"
s0160,song,যাবে কি হে দিন আমার বিফলে চলিয়ে।,,False,4,নরেন্দ্র,27,1,নরেন্দ্রাদি ভক্তসঙ্গে কীর্তনানন্দে। সমাধিমন্দিরে,"১৮৮৪, ৬ই সেপ্টেম্বর",1884-09-06,https://www.ramakrishnavivekananda.info/kathamrita/unicodekathamrita/27_a_kirtannarendra_515_518.html,"কীর্তনাঙ্গের গান সম্বন্ধে কথা হইতেছে। নরেন্দ্র বলিতেছেন, “কীর্তনে তাল সম্‌ এ-সব নাই — তাই অত Popular — লোকে ভালবাসে।” শ্রীরামকৃষ্ণ — সে কি বললি! করুণ বলে তাই অত — লোকে ভালবাসে। নরেন্দ্র গান গাইতেছেন:","যাবে কি হে দিন আমার বিফলে চলিয়ে।
আছি নাথ দিবানিশি আশাপথ নিরখিয়ে ॥
তুমি ত্রিভুবন নাথ, আমি ভিখারি অনাথ।
কেমনে বলিব তোমায় এস হে মম হৃদয়ে ॥
হৃদয়-কুটীর-দ্বার, খুলে রাখি আনিবার।
কৃপা করি একবার এসে কি জুড়াবে হিয়ে ॥"
s0161,song,"চিনিব কেমনে হে তোমায় (হরি),",,False,2,বৈষ্ণবচরণ,27,1,নরেন্দ্রাদি ভক্তসঙ্গে কীর্তনানন্দে। সমাধিমন্দিরে,"১৮৮৪, ৬ই সেপ্টেম্বর",1884-09-06,https://www.ramakrishnavivekananda.info/kathamrita/unicodekathamrita/27_a_kirtannarendra_515_518.html,"শ্রীরামকৃষ্ণ — সে কি বললি! করুণ বলে তাই অত — লোকে ভালবাসে। নরেন্দ্র গান গাইতেছেন:   শ্রীরামকৃষ্ণ (হাজরার প্রতি, সহাস্যে) — প্রথম এই গান করে! নরেন্দ্র আরও দুই-একটি গান করবার পর বৈষ্ণবচরণ গান গাইতেছেন:","চিনিব কেমনে হে তোমায় (হরি),
ওহে বঙ্কুরায়, ভুলে আছ মথুরায়।
হাতিচড়া জোড়াপরা, ভুলেছ কি ধেনুচরা,
ব্রজের মাখন চুরি করা, মনে কিছু হয়।"
s0162,song,হরি হরি বল রে বীণে!,,True,4,বৈষ্ণবচরণ | ঠাকুরের | ঠাকুর,27,1,নরেন্দ্রাদি ভক্তসঙ্গে কীর্তনানন্দে। সমাধিমন্দিরে,"১৮৮৪, ৬ই সেপ্টেম্বর",1884-09-06,https://www.ramakrishnavivekananda.info/kathamrita/unicodekathamrita/27_a_kirtannarendra_515_518.html,"তেছেন:   শ্রীরামকৃষ্ণ (হাজরার প্রতি, সহাস্যে) — প্রথম এই গান করে! নরেন্দ্র আরও দুই-একটি গান করবার পর বৈষ্ণবচরণ গান গাইতেছেন:  শ্রীরামকৃষ্ণ — “হরি হরি বল রে বীণে” ওইটে একবার হোক না। বৈষ্ণবচরণ গাইতেছেন:","হরি হরি বল রে বীণে!
শ্রীহরির চরণ বিনে পরম তত্ত্ব আর পাবিনে ॥
হরিনামে তাপ হরে, মুখে বল হরে কৃষ্ণ হরে,
হরি যদি কৃপা করে, তবে ভবে আর ভাবিনে।
বীণে একবার হরি বল, হরি নাম বিনে নাহি সম্বল,
দাস গোবিন্দ কয় দিন গেল, অকুলে যেন ভাসিনে ॥"
s0163,song,"‘হরিনাম বিনে আর কি ধন আছে সংসারে, বল মাধাই মধুর স্বরে।’",,False,1,,27,1,নরেন্দ্রাদি ভক্তসঙ্গে কীর্তনানন্দে। সমাধিমন্দিরে,"১৮৮৪, ৬ই সেপ্টেম্বর",1884-09-06,https://www.ramakrishnavivekananda.info/kathamrita/unicodekathamrita/27_a_kirtannarendra_515_518.html,ু প্রসারিত করিয়া আখর দিতেছেন। — (একবার হরি বল রে) ঠাকুর আখর দিতে দিতে ভাবাবিষ্ট হইলেন ও হেঁটমস্তক হইয়া সমাধিস্থ হইলেন। তাকিয়াটি সম্মুখে। তাহার উপর শিরদেশ ঢলিয়া পড়িয়াছে। কীর্তনিয়া আবার গাইতেছেন:,"‘হরিনাম বিনে আর কি ধন আছে সংসারে, বল মাধাই মধুর স্বরে।’"
s0164,song,হরে কৃষ্ণ হরে কৃষ্ণ কৃষ্ণ কৃষ্ণ হরে হরে।,,False,1,,27,1,নরেন্দ্রাদি ভক্তসঙ্গে কীর্তনানন্দে। সমাধিমন্দিরে,"১৮৮৪, ৬ই সেপ্টেম্বর",1884-09-06,https://www.ramakrishnavivekananda.info/kathamrita/unicodekathamrita/27_a_kirtannarendra_515_518.html,প্রসারিত করিয়া আখর দিতেছেন। — (একবার হরি বল রে) ঠাকুর আখর দিতে দিতে ভাবাবিষ্ট হইলেন ও হেঁটমস্তক হইয়া সমাধিস্থ হইলেন। তাকিয়াটি সম্মুখে। তাহার উপর শিরদেশ ঢলিয়া পড়িয়াছে। কীর্তনিয়া আবার গাইতেছেন:,"হরে কৃষ্ণ হরে কৃষ্ণ কৃষ্ণ কৃষ্ণ হরে হরে।
হরে রাম হরে রাম রাম রাম হরে হরে ॥"
s0165,song,হরি বলে আমার গৌর নাচে।,,False,3,,27,1,নরেন্দ্রাদি ভক্তসঙ্গে কীর্তনানন্দে। সমাধিমন্দিরে,"১৮৮৪, ৬ই সেপ্টেম্বর",1884-09-06,https://www.ramakrishnavivekananda.info/kathamrita/unicodekathamrita/27_a_kirtannarendra_515_518.html,প্রসারিত করিয়া আখর দিতেছেন। — (একবার হরি বল রে) ঠাকুর আখর দিতে দিতে ভাবাবিষ্ট হইলেন ও হেঁটমস্তক হইয়া সমাধিস্থ হইলেন। তাকিয়াটি সম্মুখে। তাহার উপর শিরদেশ ঢলিয়া পড়িয়াছে। কীর্তনিয়া আবার গাইতেছেন:,"হরি বলে আমার গৌর নাচে।
নাচে রে গৌরাঙ্গ আমার হেমগিরির মাঝে।
রাঙ্গাপায়ে সোনার নূপুর রুণু ঝুণু বাজে ॥
থেকো রে বাপ নরহরি থেকো গৌরের পাশে।
রাধার প্রেমে গড়া তনু, ধূলায় পড়ে পাছে ॥
বামেতে অদ্বৈত আর দক্ষিণে নিতাই।
তার মাঝে নাচে আমার চৈতন্য গোঁসাই ॥"
s0166,song,চিদানন্দ সিন্ধুনীরে প্রেমানন্দের লহরী।,,False,4,নরেন্দ্র | ভূপতি,27,1,নরেন্দ্রাদি ভক্তসঙ্গে কীর্তনানন্দে। সমাধিমন্দিরে,"১৮৮৪, ৬ই সেপ্টেম্বর",1884-09-06,https://www.ramakrishnavivekananda.info/kathamrita/unicodekathamrita/27_a_kirtannarendra_515_518.html,াছেন। এখনও ভাবাবেশ। সেই অবস্থায় নরেন্দ্রকে বলিতেছেন — সেই গানটি — “আমায় দে মা পাগল করে।” ঠাকুরের আজ্ঞা পাইয়া নরেন্দ্র গান গাইতেছেন:  শ্রীরামকৃষ্ণ — আর ওইটি “চিদানন্দ সিন্ধুনীরে।” নরেন্দ্র গাইতেছেন:,"চিদানন্দ সিন্ধুনীরে প্রেমানন্দের লহরী।
মহাভাব রসলীলা কি মাধুরী মরি মরি
বিবিধ বিলাস রসপ্রসঙ্গ, কত অভিনব ভাবতরঙ্গ,
ডুবিছে উঠিছে করিছে রঙ্গ, নবীন নবীন রূপ ধরি,
(হরি হরি বলে)
মহাযোগে সমুদয় একাকার হইল,
দেশ-কাল ব্যবধান ভেদাভেদ ঘুচিল,
(আশা পুরিল রে, আমার সকল সাধ মিটে গেল!)
এখন আনন্দে মাতিয়া দুবাহু তুলিয়া, বলরে মন হরি হরি।
টুটল ভরম ভীতি ধরম করম নীতি
দূর ভেল জাতি কুল মান;
কাঁহা হাম, কাঁহা হরি, প্রাণমন চুরি করি,
বঁধূয়া করিলা পয়ান;
(আমি কেনই বা এলাম গো, প্রেমসিন্ধুতটে),
ভাবেতে হল ভোর, অবহিঁ হৃদয় মোর
নাহি যাত আপনা পসান,
প্রেমদার কহে হাসি, শুন সাধু জগবাসী,
এয়সাহি নূতন বিধান।
(কিছু ভয় নাই! ভয় নাই!)"
s0167,song,"লুটায়ে অবনীতল, হরি হরি বলি কাঁদ রে ॥",,False,1,,27,1,নরেন্দ্রাদি ভক্তসঙ্গে কীর্তনানন্দে। সমাধিমন্দিরে,"১৮৮৪, ৬ই সেপ্টেম্বর",1884-09-06,https://www.ramakrishnavivekananda.info/kathamrita/unicodekathamrita/27_a_kirtannarendra_515_518.html,"রীরামকৃষ্ণ (নরেন্দ্রের প্রতি) — আর ‘চিদাকাশে’? — না, ওটা বড় লম্বা, না? আচ্ছা, একটু আস্তে আস্তে! নরেন্দ্র গাইতেছেন:  শ্রীরামকৃষ্ণ — আর ওইটে — ‘হরিরস মদিরা?’ নরেনদ্র — হরিরস মদিরা পিয়ে মম মানস মাত রে।","লুটায়ে অবনীতল, হরি হরি বলি কাঁদ রে ॥"
s0168,song,"প্রেমে মত্ত হয়ে, হরি হরি বলি কাঁদ রে।",,False,1,,27,1,নরেন্দ্রাদি ভক্তসঙ্গে কীর্তনানন্দে। সমাধিমন্দিরে,"১৮৮৪, ৬ই সেপ্টেম্বর",1884-09-06,https://www.ramakrishnavivekananda.info/kathamrita/unicodekathamrita/27_a_kirtannarendra_515_518.html,"ের প্রতি) — আর ‘চিদাকাশে’? — না, ওটা বড় লম্বা, না? আচ্ছা, একটু আস্তে আস্তে! নরেন্দ্র গাইতেছেন:  শ্রীরামকৃষ্ণ — আর ওইটে — ‘হরিরস মদিরা?’ নরেনদ্র — হরিরস মদিরা পিয়ে মম মানস মাত রে।  ঠাকুর আখর দিতেছেন:","প্রেমে মত্ত হয়ে, হরি হরি বলি কাঁদ রে।
ভাবে মত্ত হয়ে, হরি হরি বলি কাঁদ রে!"
s0169,song,ভুবনরঞ্জনরূপ নদে গৌর কে আনিল রে (অলকা আবৃত মুখ),,True,1,ঠাকুর,27,1,নরেন্দ্রাদি ভক্তসঙ্গে কীর্তনানন্দে। সমাধিমন্দিরে,"১৮৮৪, ৬ই সেপ্টেম্বর",1884-09-06,https://www.ramakrishnavivekananda.info/kathamrita/unicodekathamrita/27_a_kirtannarendra_515_518.html,ন — “আপনি সেই গানটি একবার গাইবেন? —” শ্রীরামকৃষ্ণ বলিতেছেন — ‘আমার গলাটা একটু ধরে গেছে —’ কিয়ৎক্ষণ পরে ঠাকুর আবার নরেন্দ্রকে বলিতেছেন — ‘কোন্‌টি?’ নরেন্দ্র — ভুবনরঞ্জনরূপ। ঠাকুর আস্তে আস্তে গাইতেছেন:,"ভুবনরঞ্জনরূপ নদে গৌর কে আনিল রে (অলকা আবৃত মুখ)
(মেঘের গায়ে বিজলী) (আন হেরিতে শ্যাম হেরি)"
s0170,verse,"ফরে ফৃষ্ট, ফরে ফৃষ্ট, ফৃষ্ট ফৃষ্ট ফরে ফরে!",,False,1,,27,2,ভাবাবস্থায় অন্তর্দৃষ্টি — নরেন্দ্রাদির নিমন্ত্রণ,"১৮৮৪, ৬ই সেপ্টেম্বর",1884-09-06,https://www.ramakrishnavivekananda.info/kathamrita/unicodekathamrita/27_b_samadhi_518_520.html,", আমাদের থাক।’ শ্রীরামকৃষ্ণ (সহাস্যে) — এঁরা সবই কচ্ছেন, শুধু ওইটেতেই সঙ্কোচ। “একজনের শ্বশুর ভাসুরের নাম হরি, কৃষ্ণ — এই সব। এখন হরিনাম তো করতে হবে? — কিন্তু হরে কৃষ্ণ, বলবার জো নাই। তাই সে জপ কচ্ছে —","ফরে ফৃষ্ট, ফরে ফৃষ্ট, ফৃষ্ট ফৃষ্ট ফরে ফরে!
ফরে রাম, ফরে রাম, রাম রাম ফরে ফরে!”"
s0171,song,মনের কথা কইবো কি সই কইতে মানা। দরদী নইলে প্রাণ বাঁচে না ॥,,True,3,ঠাকুর | কেদার,19,9,"দক্ষিণেশ্বর-মন্দিরে রাখাল, রাম, কেদার প্রভৃতি ভক্তসঙ্গে -- বেদান্তবাদী সাধুসঙ্গে ব্রহ্মজ্ঞানের কথা","১৮৮৩, ২৯শে ডিসেম্বর",1883-12-29,https://www.ramakrishnavivekananda.info/kathamrita/unicodekathamrita/19_i_at_dakshineshwar_366_369.html,"্যাগী। সংসার যে ত্যাগ করেছে, সে অনেকটা এগিয়েছে। “সাধুটি প্রবর্তকের ঘর। তাঁকে লাভ না করলে কিছুই হল না। যখন তাঁর প্রেমে মত্ত হওয়া যায়, আর কিছু ভাল লাগে না, তখন:  ঠাকুরের ভাবে কেদার একটি গান বলিতেছেন—","মনের কথা কইবো কি সই কইতে মানা। দরদী নইলে প্রাণ বাঁচে না ॥
মনের মানুষ হয় যে-জনা, নয়নে তার যায় গো চেনা,
সে দু-এক জনা; সে যে রসে ভাসে প্রেমে ডোবে,
কচ্ছে রসের বেচাকেনা। (ভাবের মানুষ)
মনের মানুষ মিলবে কোথা, বগলে তার ছেঁড়া কাঁথা;
ও সে কয় না গো কথা; ভাবের মানুষ উজান পথে, করে আনাগোনা।
(মনের মানুষ, উজান পথে করে আনাগোনা)।"
s0172,song,"দরবেশে দাঁড়ারে, সাধের করোয়া ধারী,",,False,1,,28,1,"ঠাকুর শ্রীরামকৃষ্ণ দক্ষিণেশ্বর-মন্দিরে রাম, বাবুরাম, মাস্টার, চুনি, অধর, ভবনাথ, নিরঞ্জন প্রভৃতি ভক্তসঙ্গে","১৮৮৪, ৭ই সেপ্টেম্বর",1884-09-07,https://www.ramakrishnavivekananda.info/kathamrita/unicodekathamrita/28_a_dakshineshwar_521_523.html,বাউল ও সাঁই ] শ্রীরামকৃষ্ণ (মাস্টারের প্রতি) — কাল অধর সেনের ভাবাবস্থায় একপাশে থেকে পায়ে ব্যথা হয়েছিল। তাই তো বাবুরামকে নিয়ে যাই। দরদী! এই বলিয়া ঠাকুর গান গাইতেছেন:  “বাউলের এই সব গান। আবার আছে —,"দরবেশে দাঁড়ারে, সাধের করোয়া ধারী,
দাঁড়ারে, তোর রূপ নেহারি!"
s0173,song,নাথ দরশসুখে ইত্যাদি —,,False,1,শ্যামদাস মাথুর কীর্তন,28,3,ভক্তসঙ্গে সংকীর্তনানন্দে — ভক্তসঙ্গে নৃত্য,"১৮৮৪, ৭ই সেপ্টেম্বর",1884-09-07,https://www.ramakrishnavivekananda.info/kathamrita/unicodekathamrita/28_c_kirtanwithdevotees_526_528.html,"১৮৮৪, ৭ই সেপ্টেম্বর ভক্তসঙ্গে সংকীর্তনানন্দে — ভক্তসঙ্গে নৃত্য ঠাকুর একটু বিশ্রাম করিয়াছেন। সম্প্রদায় লইয়া শ্যামদাস মাথুর কীর্তন গাইতেছেন:","“নাথ দরশসুখে ইত্যাদি —
“সুখময় সায়র, মরুভূমি ভেল। জলদ নেহারই, চাতকী মরি গেল।”"
s0174,song,তোদের খ্যাপার হাট বাজার মা (তারা)।,,False,1,,28,3,ভক্তসঙ্গে সংকীর্তনানন্দে — ভক্তসঙ্গে নৃত্য,"১৮৮৪, ৭ই সেপ্টেম্বর",1884-09-07,https://www.ramakrishnavivekananda.info/kathamrita/unicodekathamrita/28_c_kirtanwithdevotees_526_528.html,র্যন্ত ঠাকুরের সঙ্গে নৃত্য করিতেছেন। কীর্তনান্তে ঠাকুর নিজের আসনে উপবেশন করিলেন। হরিনামের পর এবার আনন্দময়ী মায়ের নাম করিতেছেন। ঠাকুর ভাবে মত্ত হইয়া মার নাম করিতেছেন। নাম করিবার সময় ঊর্ধ্বদৃষ্টি।,"তোদের খ্যাপার হাট বাজার মা (তারা)।
কব গুণের কথা কার মা তোদের ॥
গজ বিনে গো আরোহণে ফিরিস কদাচার।
মণি-মুক্তা ফেলে পরিস গলে নরশির হার ॥
শ্মশানে-মশানে ফিরিস কার বা ধারিস ধার।
রামপ্রসাদকে ভবঘোরে করতে হবে পার ॥"
s0175,verse,"ওঁ নমস্তে সতে তে জগৎকারণায়, নমস্তে চিতে সর্বলোকাশ্রয়ায়।",,False,2,,13,6,"নন্দনবাগান ব্রাহ্মসমাজে রাখাল, মাস্টার প্রভৃতি ভক্তসঙ্গে","১৮৮৩, ২রা মে",1883-05-02,https://www.ramakrishnavivekananda.info/kathamrita/unicodekathamrita/13_f_at_nandanbagan_183_186.html,"ি পিতা নোবোধি। নমস্তেস্তু মা মা হিংসীঃ। ‘তুমি আমাদের পিতা, আমাদের সদ্বুদ্ধি দাও — তোমাকে নমস্কার। আমাদিগকে বিনাশ করিও না।’ ব্রাহ্মভক্তেরা সমস্বরে আচার্যের সহিত বলিতেছেন:  এইবার আচার্যগণ স্তব করিতেছেন:","ওঁ নমস্তে সতে তে জগৎকারণায়, নমস্তে চিতে সর্বলোকাশ্রয়ায়।
নমোঽদ্বৈততত্ত্বায় মুক্তিপ্রদায়, নমো ব্রহ্মণে ব্যাপিনে শাশ্বতায় ॥
ত্বমেকং শরণ্যং ত্বমেকং বরেণ্যং, ত্বমেকং জগৎপালকং স্বপ্রকাশম্‌।
ত্বমেকং জগৎকতৃপাতৃপ্রহর্তৃ, ত্বমেকং পরং নিশ্চলং নির্বিকল্পম্‌ ॥
ভয়ানাং ভয়ং ভীষণং ভীষণানাং, গতিঃ প্রাণিনাং পাবণং পাবনানাম্‌।
মহোচ্চৈঃপদানাং নিয়ন্তৃ ত্বমেকং, পরেষাং পরং রক্ষণং রক্ষণানাম্‌ ॥
বয়ন্ত্বাং সমরামো বয়ন্ত্বান্‌ভজামো, বয়ন্ত্বাং জগৎসাক্ষিরূপং নমামঃ।
সদেকং নিধানং নিরালম্বমীশং, ভবাম্ভোধিপোতং শরণ্যং ব্রজামঃ ॥"
s0176,song,মলিন পঙ্কিল মনে কেমনে ডাকিব তোমায়।,,False,1,নরেন্দ্র,28,7,নারাণের জন্য ঠাকুরের ভাবনা — কোন্নগরের ভক্তগণ — শ্রীরামকৃষ্ণের সমাধি ও নরেন্দ্রের গান,"১৮৮৪, ১৪ই সেপ্টেম্বর",1884-09-14,https://www.ramakrishnavivekananda.info/kathamrita/unicodekathamrita/28_g_naran_535_537.html,ইয়া বসিয়া আছেন। বেলা ৩টা-৪টা হইবে। পশ্চিমের রোদ্র আসিয়া তাঁহার গায়ে পড়িয়াছে। ঠাকুর তাড়াতাড়ি একটি ছাতি লইয়া তাহার পশ্চিমদিকে রাখিলেন। যাহাতে রৌদ্র সাধকের গায়ে না লাগে। নরেন্দ্র গান গাহিতেছেন:,"মলিন পঙ্কিল মনে কেমনে ডাকিব তোমায়।
পারে কি তৃণ পশিতে জ্বলন্ত অনল যথায় ॥
তুমি পুণ্যের আধার, জ্বলন্ত অনলসম।
আমি পাপী তৃণসম, কেমনে পূজিব তোমায় ॥
শুনি তব নামের গুণে, তরে মহাপাপী জনে।
লইতে পবিত্র নাম কাঁপে হে মম হৃদয় ॥
অভ্যস্ত পাপের সেবায়, জীবন চলিয়া যায়।
কেমনে করিব আমি পবিত্র পথ আশ্রয় ॥
এ পাতকী নরাধমে, তার যদি দয়াল নামে।
বল করে কেশে ধরে, দাও চরণে আশ্রয় ॥"
s0177,song,"দিবানিশি করিয়া যতন হৃদয়েতে র’চেছি আসন,",,False,1,নরেন্দ্র,28,8,নরেন্দ্রাদির শিক্ষা — বেদ-বেদান্তে কেবল আভাস,"১৮৮৪, ১৪ই সেপ্টেম্বর",1884-09-14,https://www.ramakrishnavivekananda.info/kathamrita/unicodekathamrita/28_h_teachingnarendra_537_541.html,নগরের ভক্তেরা ঠাকুরের সমাধি কখন দেখেন নাই। ঠাকুর চুপ করিলেন দেখিয়া তাঁহারা গাত্রোত্থান করিতেছেন। ভবনাথ — আপনারা বসুন না। এঁর সমাধি অবস্থা। কোন্নগরের ভক্তেরা আবার আসন গ্রহণ করিলেন। নরেন্দ্র গাহিতেছেন:,"দিবানিশি করিয়া যতন হৃদয়েতে র’চেছি আসন,
জগৎপতি হে কৃপা করি, সেথা কি করিবে আগমন।"
s0178,song,"এবার আমি ভাল ভেবেছি, ভাল ভাবীর কাছে ভাব শিখেছি।",,True,3,ঠাকুর | ”,24,1,কালীব্রহ্ম — ব্রহ্ম ও শক্তি অভেদ,"১৮৮৪, ৩০শে জুন",1884-06-30,https://www.ramakrishnavivekananda.info/kathamrita/unicodekathamrita/24_a_brahmashakti_476_478.html,"ে। তাঁহার গান থামিল। একটু চুপ করিয়া আছেন। ছোট খাটটিতে গিয়া বসিয়াছেন। পণ্ডিত গান শুনিয়া মোহিত হইয়াছেন। তিনি অতি বিনীত ভাবে ঠাকুরকে বলিতেছেন, “আবার গান হবে কি?” ঠাকুর একটু পরেই আবার গান গাহিতেছেন:","এবার আমি ভাল ভেবেছি।
ভাল ভাবীর কাছে ভাব শিখেছি ॥
যে দেশে রজনী নাই, সেই দেশের এক লোক পেয়েছি।
আমি কিবা দিবা কিবা সন্ধ্যা সন্ধ্যারে বন্ধ্যা করেছি ॥
ঘুম ভেঙেছে আর কি ঘুমাই যোগে যাগে জেগে আছি।
যোগনিদ্রা তোরে দিয়ে মা, ঘুমেরে ঘুম পাড়ায়েছি ॥
সোহাগা গন্ধক দিয়ে খাসা রঙ চড়ায়েছি।
মণি মন্দির মেজে লব অক্ষ দু’টি করে কুঁচি ॥
প্রসাদ বলে ভুক্তি মুক্তি উভয়ে মাথায় রেখেছি।
(আমি) কালীব্রহ্ম জেনে মর্ম ধর্মাধর্ম সব ছেড়েছি ॥"
s0179,song,"(আমায়) দে মা পাগল করে, আর কাজ নাই জ্ঞানবিচারে।",,False,1,নরেন্দ্র,28,8,নরেন্দ্রাদির শিক্ষা — বেদ-বেদান্তে কেবল আভাস,"১৮৮৪, ১৪ই সেপ্টেম্বর",1884-09-14,https://www.ramakrishnavivekananda.info/kathamrita/unicodekathamrita/28_h_teachingnarendra_537_541.html,"গাইব।” এখনও ভাবাবেশ রহিয়াছে — ঠাকুর গাহিতেছেন:  “মা! বিচার কেন করাও?” আবার গাহিতেছেন:  ঠাকুর বলিতেছেন — “আমি হুঁশে আছি।” এখনও ভাবাবস্থা।  ঠাকুর বলিয়াছেন, ‘মা, বিচার আর শুনব না।’ নরেন্দ্র গাহিতেছেন:","(আমায়) দে মা পাগল করে, আর কাজ নাই জ্ঞানবিচারে।
তোমার প্রেমের সুরা পানে কর মাতোয়ারা,
ও মা ভক্ত-চিত্তহরা ডুবাও প্রেম-সাগরে।"
s0180,song,রাই বলিলে বলিতে পারে! (কৃষ্ণের জন্য জেগে আছে।),,False,1,,28,8,নরেন্দ্রাদির শিক্ষা — বেদ-বেদান্তে কেবল আভাস,"১৮৮৪, ১৪ই সেপ্টেম্বর",1884-09-14,https://www.ramakrishnavivekananda.info/kathamrita/unicodekathamrita/28_h_teachingnarendra_537_541.html,"ায়ক — মহাশয়! মাপ করবেন। শ্রীরামকৃষ্ণ (গায়ককে হাতজোড় করিয়া প্রণাম করিতে করিতে বলছেন) — “না বাপু! একটি, জোর করতে পারি!” এই বলিয়া গোবিন্দ অধিকারীর যাত্রায় বৃন্দার উক্তি কীর্তন গান গাইয়া বলিতেছেন:","রাই বলিলে বলিতে পারে! (কৃষ্ণের জন্য জেগে আছে।)
(সারা রাত জেগে আছে!) (মান করিলে করিতে পারে।)"
s0181,song,"কেমন করে পরের ঘরে, ছিলি উমা বল মা তাই।",,False,1,নরেন্দ্র,28,9,নরেন্দ্রের ভক্তি — যদু মল্লিকের বাগানে ভক্তসঙ্গে শ্রীগৌরাঙ্গের ভাব,"১৮৮৪, ১৪ই সেপ্টেম্বর",1884-09-14,https://www.ramakrishnavivekananda.info/kathamrita/unicodekathamrita/28_i_narendradevotion_541_543.html,"। গেরুয়া রঙে ছোপানো একটি ফ্লানেলের জামা পরিতেছেন ও নরেন্দ্রকে বলছেন, “তুই আগমনী গেয়েছিস?” গোল বারান্দা হইতে নামিয়া নরেন্দ্রের সঙ্গে গঙ্গার পোস্তার উপর আসিলেন। সঙ্গে মাস্টার। নরেন্দ্র গান গাহিতেছেন:","কেমন করে পরের ঘরে, ছিলি উমা বল মা তাই।
কত লোকে কত বলে, শুনে প্রাণে মরে যাই ॥
চিতাভস্ম মেখে অঙ্গে, জামাই বেড়ায় মহারঙ্গে।
তুই নাকি মা তারই সঙ্গে, সোনার অঙ্গে মাখিস ছাই ॥
কেমন মা ধৈর্য ধরে, জামাই নাকি ভিক্ষা করে।
এবার নিতে এলে পরে, বলব উমা ঘরে নাই ॥"
s0182,song,আমার গৌর রতন।,,False,1,,28,9,নরেন্দ্রের ভক্তি — যদু মল্লিকের বাগানে ভক্তসঙ্গে শ্রীগৌরাঙ্গের ভাব,"১৮৮৪, ১৪ই সেপ্টেম্বর",1884-09-14,https://www.ramakrishnavivekananda.info/kathamrita/unicodekathamrita/28_i_narendradevotion_541_543.html,"্রীরামকৃষ্ণ (যদুর প্রতি) — কই অধরের কর্ম হল না? যদু ও তাঁহার বন্ধুরা বলিলেন, অধরের কর্মের বয়স যায় নাই। কিয়ৎক্ষণ পরে যদু বলিতেছেন — “তুমি একটু তাঁর নাম করো।” ঠাকুর গৌরাঙ্গের ভাব গানের ছলে বলিতেছেন:",আমার গৌর রতন।
s0183,song,"গৌর চাহে বৃন্দাবনপানে, আর ধারা বহে দুনয়নে।",,False,1,,28,9,নরেন্দ্রের ভক্তি — যদু মল্লিকের বাগানে ভক্তসঙ্গে শ্রীগৌরাঙ্গের ভাব,"১৮৮৪, ১৪ই সেপ্টেম্বর",1884-09-14,https://www.ramakrishnavivekananda.info/kathamrita/unicodekathamrita/28_i_narendradevotion_541_543.html,"রীরামকৃষ্ণ (যদুর প্রতি) — কই অধরের কর্ম হল না? যদু ও তাঁহার বন্ধুরা বলিলেন, অধরের কর্মের বয়স যায় নাই। কিয়ৎক্ষণ পরে যদু বলিতেছেন — “তুমি একটু তাঁর নাম করো।” ঠাকুর গৌরাঙ্গের ভাব গানের ছলে বলিতেছেন:","গৌর চাহে বৃন্দাবনপানে, আর ধারা বহে দুনয়নে।
(ভাব হবে বইকি রে) (ভাবনিধি শ্রীগৌরাঙ্গের)
(ভাবে হাসে কাঁদে নাচে গায়) (বন দেখে বৃন্দাবন ভাবে)
(সমুদ্র দেখে শ্রীযমুনা ভাবে) (গৌর আপনার পায় আপনি ধরে)
(যার অন্তঃ কৃষ্ণ বহিঃ গৌর)"
s0184,song,"গোরা চাহে বৃন্দাবনপানে, আর ধারা বহে দুনয়নে ॥",,False,1,,28,13,ঠাকুর শ্রীরামকৃষ্ণ ও শ্রীযুক্ত রাধিকা গোস্বামী,"১৮৮৪, ১৯শে সেপ্টেম্বর",1884-09-19,https://www.ramakrishnavivekananda.info/kathamrita/unicodekathamrita/28_m_ramakrishna_radhika_551_555.html,"(অতি বিনীতভাবে) — আজ্ঞে না, — দর্শন হল। আর কথা তো সব শুনছি। শ্রীরামকৃষ্ণ — ঠাকুরদের দর্শন করুন। গোস্বামী (অতি বিনীতভাবে) — একটু মহাপ্রভুর গুণানুকীর্তন — ঠাকুর শ্রীরামকৃষ্ণ গোস্বামীকে গান শুনাইতেছেন:","গোরা চাহে বৃন্দাবনপানে, আর ধারা বহে দুনয়নে ॥
ভাব হবে বইকি রে!) (ভাবনিধি শ্রীগৌরাঙ্গের)
(যার অন্তঃ কৃষ্ণ বহিঃ গৌর) (ভাবে হাসে কাঁদে নাচে গায়)
(বন দেখে বৃন্দাবন ভাবে) (সমুদ্র দেখে শ্রীযমুনা ভাবে)
(গোরা আপনার পা আপনি ধরে)"
s0185,song,"নয়ন বাঁকা, বাঁকা শিখিপাখা, রাধিকা-হৃদিরঞ্জন’",,False,1,বিদ্যাধরীগণ,29,5,নাট্যালয়ে চৈতন্যলীলা — শ্রীরামকৃষ্ণ সমাধিস্থ,"১৮৮৪, ২১শে সেপ্টেম্বর",1884-09-21,https://www.ramakrishnavivekananda.info/kathamrita/unicodekathamrita/29_e_chaitanyalila_569_570.html,"— নয়ন বাঁকা, বাঁকা শিখিপাখা, রাধিকা হৃদিরঞ্জন। পুরুষগণ — গোবর্ধনধারণ, বনকুসুমভূষণ, দামোদের কংসদর্পহারী। স্ত্রীগণ — শ্যাম রাসরসবিহারী। সকলে — হরিবোল, হরিবোল, হরিবোল, মন আমার। বিদ্যাধরীগণ যখন গাইলেন —","নয়ন বাঁকা, বাঁকা শিখিপাখা, রাধিকা-হৃদিরঞ্জন’"
s0186,song,"কাঁহা মেরা বৃন্দাবন, কাঁহা যশোদা মাই।",,False,1,,29,6,চৈতন্যলীলাদর্শন — গৌরপ্রেমে মাতোয়ারা শ্রীরামকৃষ্ণ,"১৮৮৪, ২১শে সেপ্টেম্বর",1884-09-21,https://www.ramakrishnavivekananda.info/kathamrita/unicodekathamrita/29_f_chaitanyalila_570_573.html,"১৮৮৪, ২১শে সেপ্টেম্বর চৈতন্যলীলাদর্শন — গৌরপ্রেমে মাতোয়ারা শ্রীরামকৃষ্ণ জগন্নাথ মিশ্রের ঘরে অতিথি আসিয়াছেন। বালক নিমাই সদানন্দে সমবয়স্যদের সহিত গান গাহিয়া বেড়াইতেছেন:","কাঁহা মেরা বৃন্দাবন, কাঁহা যশোদা মাই।
কাঁহা মেরা নন্দ পিতা, কাঁহা বলাই ভাই ॥
কাঁহা মেরি ধবলী শ্যামলী, কাঁহা মেরি মোহন মুরলী।
শ্রীদাম সুদাম রাখালগণ কাঁহা মে পাই ॥
কাঁহা মেরি যমুনাতট, কাঁহা মেরি বংশীবট।
কাঁহা গোপনারী মেরি, কাঁহা হামারা রাই ॥"
s0187,song,জয় নিত্যানন্দ গৌরচন্দ্র জয় ভবতারণ।,,False,1,,29,6,চৈতন্যলীলাদর্শন — গৌরপ্রেমে মাতোয়ারা শ্রীরামকৃষ্ণ,"১৮৮৪, ২১শে সেপ্টেম্বর",1884-09-21,https://www.ramakrishnavivekananda.info/kathamrita/unicodekathamrita/29_f_chaitanyalila_570_573.html,মাই দৌড়িয়া গিয়া সেই অন্ন ভক্ষণ করিতেছেন। অতিথি ভগবান বলিয়া তাঁহাকে জানিতে পারিলেন ও দশাবতারের স্তব করিয়া প্রসন্ন করিতেছেন। মিশ্র ও শচীর কাছে বিদায় লইবার সময় তিনি আবার গান করিয়া স্তব করিতেছেন —,"জয় নিত্যানন্দ গৌরচন্দ্র জয় ভবতারণ।
অনাথত্রাণ জীবপ্রাণ ভীতভয়বারণ ॥
যুগে যুগে রঙ্গ, নব লীলা নব রঙ্গ,
নব তরঙ্গ নব প্রসঙ্গ ধরাভার ধারণ।
তাপহারী প্রেমবারি, বিতর রাসরসবিহারী,
দীনআশ-কলুষনাশ দুষ্ট-ত্রাসকারণ।"
s0188,song,দে গো ভিক্ষা দে।,,False,1,,29,6,চৈতন্যলীলাদর্শন — গৌরপ্রেমে মাতোয়ারা শ্রীরামকৃষ্ণ,"১৮৮৪, ২১শে সেপ্টেম্বর",1884-09-21,https://www.ramakrishnavivekananda.info/kathamrita/unicodekathamrita/29_f_chaitanyalila_570_573.html,"কে) — দেখ, যদি আমার ভাব কি সমাধি হয়, তোমরা গোলমাল করো না। ঐহিকেরা ঢঙ মনে করবে। নিমাই-এর উপনয়ন। নিমাই সন্ন্যাসী সাজিয়াছেন। শচী ও প্রতিবাসিনিগণ চতুর্দিকে দাঁড়াইয়া। নিমাই গান গাইয়া ভিক্ষা করিতেছেন:","দে গো ভিক্ষা দে।
আমি নূতন যোগী ফিরি কেঁদে কেঁদে।
ওগো ব্রজবাসী তোদের ভালবাসি,
ওগো তাইতো আসি, দেখ মা উপবাসী।
দেখ মা দ্বারে যোগী বলে ‘রাধে রাধে’।
বেলা গেল যেতে হবে ফিরে,
একাকী থাকি মা যমুনাতীরে
আঁখিনীরে মিশে নীরে,
চলে ধীরে ধীরে ধারা মৃদু নাদে।"
s0189,song,"পুরুষগণ — চন্দ্রকিরণ অঙ্গে, নমো বামনরূপধারী।",,False,1,,29,6,চৈতন্যলীলাদর্শন — গৌরপ্রেমে মাতোয়ারা শ্রীরামকৃষ্ণ,"১৮৮৪, ২১শে সেপ্টেম্বর",1884-09-21,https://www.ramakrishnavivekananda.info/kathamrita/unicodekathamrita/29_f_chaitanyalila_570_573.html,নয়ন। নিমাই সন্ন্যাসী সাজিয়াছেন। শচী ও প্রতিবাসিনিগণ চতুর্দিকে দাঁড়াইয়া। নিমাই গান গাইয়া ভিক্ষা করিতেছেন:  সকলে চলিয়া গেলেন। নিমাই একাকী আছেন। দেবগণ ব্রাহ্মণ-ব্রাহ্মণী বেশে তাঁহাকে স্তব করিতেছেন।,"পুরুষগণ — চন্দ্রকিরণ অঙ্গে, নমো বামনরূপধারী।
স্ত্রীগণ — গোপীগণ মনোমোহন, মঞ্জুকুঞ্জচারী।
নিমাই — জয় রাধে শ্রীরাধে।
পুরুষগণ — ব্রজবালক সঙ্গ, মদন মান ভঙ্গ।
স্ত্রীগণ — উন্মাদিনী ব্রজকামিনী, উন্মাদ তরঙ্গ।
পুরুষগণ — দৈত্যছলন, নারায়ণ, সুরগণভয়হারী।
স্ত্রীগণ — ব্রজবিহারী গোপনারী-মান-ভিখারী।
নিমাই — জয় রাধে শ্রীরাধে।"
s0190,song,আর ঘুমাইও না মন। মায়াঘোরে কতদিন রবে অচেতন।,,False,1,মুকুন্দ,29,6,চৈতন্যলীলাদর্শন — গৌরপ্রেমে মাতোয়ারা শ্রীরামকৃষ্ণ,"১৮৮৪, ২১শে সেপ্টেম্বর",1884-09-21,https://www.ramakrishnavivekananda.info/kathamrita/unicodekathamrita/29_f_chaitanyalila_570_573.html,ান শুনিতে শুনিতে সমাধিস্থ হইলেন। যবনিকা পতন হইল। কনসার্ট বাজিতেছে। [“সংসারী লোক দুদিক রাখতে বলে” — গঙ্গাদাস ও শ্রীবাস ] অদ্বৈতের বাটীর সম্মুখে শ্রীবাসাদি কথা কহিতেছেন। মুকুন্দ মধুর কণ্ঠে গান গাইতেছেন:,"আর ঘুমাইও না মন। মায়াঘোরে কতদিন রবে অচেতন।
কে তুমি কি হেতু এলে, আপনারে ভুলে গেলে
চাহরে নয়ন মেলে ত্যজ কুস্বপন ॥
রয়েছো অনিত্য ধ্যানে নিত্যানন্দ হের প্রাণে,
তম পরিহরি হের তরুণ তপন ॥"
s0191,verse,"‘যে অবধি গেছে বিশ্বরূপ,",,False,1,,29,6,চৈতন্যলীলাদর্শন — গৌরপ্রেমে মাতোয়ারা শ্রীরামকৃষ্ণ,"১৮৮৪, ২১শে সেপ্টেম্বর",1884-09-21,https://www.ramakrishnavivekananda.info/kathamrita/unicodekathamrita/29_f_chaitanyalila_570_573.html,"েন:  মুকুন্দ বড় সুকণ্ঠ। শ্রীরামকৃষ্ণ মণির নিকট প্রশংসা করিতেছেন। নিমাই বাটীতে আছেন। শ্রীবাস দেখা করিতে আসিয়াছেন। আগে শচির সঙ্গে দেখা হইল। শচী কাঁদিতে লাগিলেন। বলিলেন, পুত্র আমার গৃহধর্মে মন দেয় না।","‘যে অবধি গেছে বিশ্বরূপ,
প্রাণ মম কাঁপে নিরন্তর, পাছে হয় নিমাই সন্ন্যাসী।’"
s0192,verse,"‘আহা দেখ দেখ পাগলের প্রায়,",,False,1,,29,6,চৈতন্যলীলাদর্শন — গৌরপ্রেমে মাতোয়ারা শ্রীরামকৃষ্ণ,"১৮৮৪, ২১শে সেপ্টেম্বর",1884-09-21,https://www.ramakrishnavivekananda.info/kathamrita/unicodekathamrita/29_f_chaitanyalila_570_573.html,"শংসা করিতেছেন। নিমাই বাটীতে আছেন। শ্রীবাস দেখা করিতে আসিয়াছেন। আগে শচির সঙ্গে দেখা হইল। শচী কাঁদিতে লাগিলেন। বলিলেন, পুত্র আমার গৃহধর্মে মন দেয় না।  এমন সময় নিমাই আসিতেছেন। শচী শ্রীবাসকে বলিতেছেন —","‘আহা দেখ দেখ পাগলের প্রায়,
আঁখিনীরে বুক ভেসে যায়, বল বল এ ভাব কেমনে যাবে?’"
s0193,verse,"কই প্রভু কই মম কৃষ্ণভক্তি হলো,",,False,1,,29,6,চৈতন্যলীলাদর্শন — গৌরপ্রেমে মাতোয়ারা শ্রীরামকৃষ্ণ,"১৮৮৪, ২১শে সেপ্টেম্বর",1884-09-21,https://www.ramakrishnavivekananda.info/kathamrita/unicodekathamrita/29_f_chaitanyalila_570_573.html,"ঙ্গে দেখা হইল। শচী কাঁদিতে লাগিলেন। বলিলেন, পুত্র আমার গৃহধর্মে মন দেয় না।  এমন সময় নিমাই আসিতেছেন। শচী শ্রীবাসকে বলিতেছেন —  নিমাই শ্রীবাসকে দেখিয়া তাঁহার পায়ে জড়াইয়া কাঁদিতেছেন — আর বলিতেছেন —","কই প্রভু কই মম কৃষ্ণভক্তি হলো,
অধম জনম বৃথা কেটে গেল।
বল প্রভু, কৃষ্ণ কই, কৃষ্ণ কোথা পাব,
দেহ পদধূলি বনমালী যেন পাই।"
s0194,verse,"প্রভু কোন্‌ হেতু কিছু নাহি জানি,",,False,1,,29,6,চৈতন্যলীলাদর্শন — গৌরপ্রেমে মাতোয়ারা শ্রীরামকৃষ্ণ,"১৮৮৪, ২১শে সেপ্টেম্বর",1884-09-21,https://www.ramakrishnavivekananda.info/kathamrita/unicodekathamrita/29_f_chaitanyalila_570_573.html,"না করে অন্য আচার কেন কর?’ শ্রীরামকৃষ্ণ (মাস্টারকে) — দেখলে? দুইদিক রাখতে বলছে! মাস্টার — আজ্ঞা, হাঁ। নিমাই বলিলেন, আমি ইচ্ছা করে সংসারধর্ম উপেক্ষা করি নাই; আমার বরং ইচ্ছা যাতে সব বজায় থাকে। কিন্তু —","প্রভু কোন্‌ হেতু কিছু নাহি জানি,
প্রাণ টানে কি করি কি করি,
ভাবি কুলে রই, কুলে আর রহিতে না পারি,
প্রাণ ধায় বুঝালে না ফেরে,
সদা চায় ঝাঁপ দিতে অকুল পাথারে।"
s0195,verse,সার্থক জীবন; সত্য মম ফলেছে স্বপন;,,False,1,,29,7,নাট্যালয়ে নিত্যানন্দবংশ ও শ্রীরামকৃষ্ণের উদ্দীপন,"১৮৮৪, ২১শে সেপ্টেম্বর",1884-09-21,https://www.ramakrishnavivekananda.info/kathamrita/unicodekathamrita/29_g_nityananda_573_574.html,"ীপন [মাস্টার, বাবুরাম, খড়দার নিত্যানন্দবংশের গোস্বামী ] নবদ্বীপে নিত্যানন্দ আসিয়াছেন, তিনি নিমাইকে খুঁজিতেছেন এমন সময় নিমাই-এর সহিত দেখা হইল। নিমাইও তাঁহাকে খুঁজিতেছিলেন। মিলনের পর নিমাই বলিতেছেন —","সার্থক জীবন; সত্য মম ফলেছে স্বপন;
লুকাইলে স্বপ্নে দেখা দিয়ে।"
s0196,song,কই কৃষ্ণ এল কুঞ্জে প্রাণ সই!,,False,1,নিতাই,29,7,নাট্যালয়ে নিত্যানন্দবংশ ও শ্রীরামকৃষ্ণের উদ্দীপন,"১৮৮৪, ২১শে সেপ্টেম্বর",1884-09-21,https://www.ramakrishnavivekananda.info/kathamrita/unicodekathamrita/29_g_nityananda_573_574.html,"ঠাকুর শ্রীরামকৃষ্ণ ভাবাবিষ্ট হইয়া ষড়্‌ভুজ দর্শন করিতেছেন। গৌরাঙ্গের ঈশ্বর আবেশ হইয়াছে। তিনি অদ্বৈত, শ্রীবাস, হরিদাস ইত্যাদির সহিত ভাবে কথা কহিতেছেন। গৌরাঙ্গের ভাব বুঝিতে পারিয়া নিতাই গান গাইতেছেন:","কই কৃষ্ণ এল কুঞ্জে প্রাণ সই!
দে রে কৃষ্ণ দে, কৃষ্ণ এনে দে, রাধা জানে কি গো কৃষ্ণ বই।"
s0197,song,"প্রাণ ভরে আয় হরি বলি, নেচে আয় জগাই মাধাই।",,False,2,,29,7,নাট্যালয়ে নিত্যানন্দবংশ ও শ্রীরামকৃষ্ণের উদ্দীপন,"১৮৮৪, ২১শে সেপ্টেম্বর",1884-09-21,https://www.ramakrishnavivekananda.info/kathamrita/unicodekathamrita/29_g_nityananda_573_574.html,"় হাত দিয়া রক্তস্রোত বন্ধ করিতেছেন। মাধাই কলসির কানা ছুঁড়িয়া মারিয়াছেন; নিতাইয়ের ভ্রূক্ষেপ নাই। গৌরপ্রেমে গরগর মাতোয়ারা! ঠাকুর ভাবাবিষ্ট। দেখিতেছেন, নিতাই জগাই মাধাইকে কোল দিবেন। নিতাই বলিতেছেন:","প্রাণ ভরে আয় হরি বলি, নেচে আয় জগাই মাধাই।
মেরেছ বেশ করেছ, হরি বলে নাচ ভাই ॥
বলরে হরিবোল; প্রেমিক হরি প্রেমে দিবে কোল।
তোল রে তোল হরিনামের রোল ॥
পাওনি প্রেমের স্বাদ, ওরে হরি বলে কাঁদ, হেরবি হৃদয় চাঁদ।
ওরে প্রেমে তোদের নাম বিলাব, প্রেমে নিতাই ডাকে তাই ॥"
s0198,song,যে-জন প্রেমের ঘাট চেনে না।,,False,1,কেদার,31,1,মহাষ্টমীদিবসে রামের বাটীতে শ্রীরামকৃষ্ণ,"১৮৮৪, ২৮শে সেপ্টেম্বর",1884-09-28,https://www.ramakrishnavivekananda.info/kathamrita/unicodekathamrita/31_a_mahaashtami_581_585.html,্তি অর্থাৎ জ্ঞানের জমাটবাঁধা। এমনি হয়েছে সাধ্য-সাধনা করে নয়।” কথাগুলি বলিতে বলিতে ঠাকুর শ্রীরামকৃষ্ণ প্রকৃতিস্থ হইলেন। এখন ভক্তদের সহিত কথা কহিতে পারিবেন। কেদারকে গান করিতে বলিলেন। কেদার গাইতেছেন:,যে-জন প্রেমের ঘাট চেনে না।
s0199,song,এবার কালী তোমায় খাব। (খাব খাব গো দীন দয়াময়ী)।,,True,2,ঠাকুর (implied),31,1,মহাষ্টমীদিবসে রামের বাটীতে শ্রীরামকৃষ্ণ,"১৮৮৪, ২৮শে সেপ্টেম্বর",1884-09-28,https://www.ramakrishnavivekananda.info/kathamrita/unicodekathamrita/31_a_mahaashtami_581_585.html,"াণে যা বলে গেছে — ‘করো না, অনাচার হবে’ — তন্ত্রে আবার তাই ভাল বলেছে। “কি অবস্থাই গেছে! মুখ করতুম আকাশ-পাতাল জোড়া, আর ‘মা’ বলতুম। যেন, মাকে পাকড়ে আনছি। যেন জাল ফেলে মাছ হড়হড় করে টেনে আনা। গানে আছে:","এবার কালী তোমায় খাব। (খাব খাব গো দীন দয়াময়ী)।
(তারা গণ্ডযোগে জন্ম আমার)
গণ্ডযোগে জনমিলে সে হয় মা-খোকা ছেলে।
এবার তুমি খাও কি আমি খাই মা, দুটার একটা করে যাব ॥
হাতে কালী মুখে কালী, সর্বাঙ্গে কালী মাখিব।
যখন আসবে শমন বাঁধবে কসে, সেই কালী তার মুখে দিব ॥
খাব খাব বলি মা গো উদরস্থ করিব।
এই হৃদিপদ্মে বসাইয়ে, মনোমানসে পূজিব ॥
যদি বল কালী খেলে, কালের হাতে ঠেকা যাব।
আমার ভয় কি তাতে, কালী ব’লে কালেরে কলা দেখাব ॥
ডাকিনী যোগিনী দিয়ে, তরকারী বানায়ে খাব।
মুণ্ডমালা কেড়ে নিয়ে অম্বল সম্বরা চড়াব ॥
কালীর বেটা শ্রীরামপ্রসাদ, ভালমতে তাই জানাব।
তাতে মন্ত্রের সাধন, শরীর পতন, যা হবার তাই ঘটাইব ॥"
s0200,song,"আমায় দে মা পাগল করে, আর কাজ নাই জ্ঞানবিচারে।",,True,5,ঠাকুরের | নরেন্দ্র | দুইটি,27,1,নরেন্দ্রাদি ভক্তসঙ্গে কীর্তনানন্দে। সমাধিমন্দিরে,"১৮৮৪, ৬ই সেপ্টেম্বর",1884-09-06,https://www.ramakrishnavivekananda.info/kathamrita/unicodekathamrita/27_a_kirtannarendra_515_518.html,গিয়াছে। ভক্তসঙ্গে অনেকক্ষণ নৃত্যের পর ঠাকুর আবার আসন গ্রহণ করিয়াছেন। এখনও ভাবাবেশ। সেই অবস্থায় নরেন্দ্রকে বলিতেছেন — সেই গানটি — “আমায় দে মা পাগল করে।” ঠাকুরের আজ্ঞা পাইয়া নরেন্দ্র গান গাইতেছেন:,"আমায় দে মা পাগল করে (ব্রহ্মময়ী)
আর কাজ নাই জ্ঞানবিচারে ॥
তোমার প্রেমের সুরা, পানে কর মাতোয়ারা।
ও মা ভক্ত চিত্তহরা ডুবাও প্রেমসাগরে॥
তোমার এ পাগলা গারদে, কেহ হাসে কেহ কাঁদে,
কেহ নাচে আনন্দ ভরে।
ঈশা মুসা শ্রীচৈতন্য, ওমা প্রেমের ভরে অচৈতন্য,
হায় কবে হব মা ধন্য, (ওমা) মিশে তার ভিতরে ॥
স্বর্গেতে পাগলের মেলা, যেমন গুরু তেমনি চেলা,
প্রেমের খেলা কে বুঝতে পারে।
তুই প্রেমে উন্মাদিনী, ওমা পাগলের শিরোমণি,
প্রেমধনে কর মা ধনী, কাঙ্গাল প্রেমদাসেরে ॥"
s0201,song,"তারে কই পেলুম সই, হলাম যার জন্য পাগল।",,True,1,ঠাকুর,31,1,মহাষ্টমীদিবসে রামের বাটীতে শ্রীরামকৃষ্ণ,"১৮৮৪, ২৮শে সেপ্টেম্বর",1884-09-28,https://www.ramakrishnavivekananda.info/kathamrita/unicodekathamrita/31_a_mahaashtami_581_585.html,"গান গাইতেছেন। গানের পর ঠাকুর ভক্তদের বলিতেছেন, “আজ মহাষ্টমী কিনা; মা এসেছেন! তাই এত উদ্দীপন হচ্ছে!” কেদার — প্রভু! আপনিই এসেছেন। মা কি আপনি ছাড়া? ঠাকুর অন্যদিকে দৃষ্টিনিক্ষেপ করিয়া আনমনে গান ধরিলেন:","তারে কই পেলুম সই, হলাম যার জন্য পাগল।
ব্রহ্মা পাগল, বিষ্ণু পাগল, আর পাগল শিব।
তিন পাগলে যুক্তি করে ভাঙল নবদ্বীপ ॥
আর এক পাগল দেখে এলাম বৃন্দাবন মাঝে।
রাইকে রাজা সাজায়ে আপনি কোটাল সাজে ॥
আর এক পাগল দেখে এলাম নবদ্বীপের পথে।
রাধাপ্রেম সুধা বলে, করোয়া কীস্তি হাতে।"
s0202,song,কখন কি রঙ্গে থাক মা শ্যামা সুধাতরঙ্গিণী!,,True,4,ঠাকুর | নরেন্দ্র,31,1,মহাষ্টমীদিবসে রামের বাটীতে শ্রীরামকৃষ্ণ,"১৮৮৪, ২৮শে সেপ্টেম্বর",1884-09-28,https://www.ramakrishnavivekananda.info/kathamrita/unicodekathamrita/31_a_mahaashtami_581_585.html,"িতেছেন, “আজ মহাষ্টমী কিনা; মা এসেছেন! তাই এত উদ্দীপন হচ্ছে!” কেদার — প্রভু! আপনিই এসেছেন। মা কি আপনি ছাড়া? ঠাকুর অন্যদিকে দৃষ্টিনিক্ষেপ করিয়া আনমনে গান ধরিলেন:  আবার ভাবে মত্ত হইয়া ঠাকুর গাহিতেছেন:","কখন কি রঙ্গে থাক মা, শ্যামা, সুধা-তরঙ্গিনী!
তুমি রঙ্গে ভঙ্গে অপাঙ্গে অনঙ্গে ভঙ্গ দাও জননী ॥"
s0203,verse,প্রাণ হে গোবিন্দ মম জীবন!,,False,1,,32,1,"দক্ষিণেশ্বরে শ্রীরামকৃষ্ণ নরেন্দ্র, ভবনাথ প্রকৃতি সঙ্গে","১৮৮৪, ২৯শে সেপ্টেম্বর",1884-09-29,https://www.ramakrishnavivekananda.info/kathamrita/unicodekathamrita/32_a_atdakshineshwar_588_590.html,"জয় দুর্গে! জয় জয় দুর্গে! — ঠিক একটি বালক! কোমড়ে কাপড় নাই। মার নাম করিতে করিতে ঘরের মধ্যে নাচিয়া বেড়াইতেছেন। কিয়ৎক্ষণ পরে আবার বলিতেছেন — সহজানন্দ, সহজানন্দ! শেষ গোবিন্দের নাম বারবার বলিতেছেন —",প্রাণ হে গোবিন্দ মম জীবন!
s0204,song,"আর ভুলালে ভুলব না মা, দেখেছি তোমার রাঙা চরণ।",,False,2,,32,3,ভবনাথ নরেন্দ্র প্রভৃতি মধ্যে শ্রীরামকৃষ্ণের সমাধি ও নৃত্য,"১৮৮৪, ২৯শে সেপ্টেম্বর",1884-09-29,https://www.ramakrishnavivekananda.info/kathamrita/unicodekathamrita/32_c_withbhavanath_591_593.html,"্য) হাজরা — তাতে পঞ্চ মকার, চক্র — এ-সব করতে হয়। ঠাকুর বামাচারের কথায় চুপ করিয়া রহিলেন। ও কথায় সায় দিলেন না। কেবল রহস্য করিয়া উড়াইয়া দিলেন। হঠাৎ মাতোয়ারা হইয়া নৃত্য করিতে লাগিলেন। গাহিতেছেন:","“আর ভুলালে ভুলবো না মা, দেখেছি তোমার রাঙ্গা চরণ।”"
s0205,verse,"ঘরে আসবেন চণ্ডী, শুনব কত চণ্ডী,",,False,1,,32,4,"নরেন্দ্র প্রভৃতিকে স্ত্রীলোক লইয়া সাধন নিষেধ, বামাচার নিন্দা","১৮৮৪, ২৯শে সেপ্টেম্বর",1884-09-29,https://www.ramakrishnavivekananda.info/kathamrita/unicodekathamrita/32_d_warning_594_595.html,"যায়? ধদি অন্যের মন পাওয়া না গেল। তো রাতদিন কি ওই ভাবতে হবে? যে মন তাঁকে দেব, সে মন এদিক-ওদিক বাজে খরচ করব? আমি বলি, মা, আমি নরেন্দ্র, ভবনাথ, রাখাল কিছুই চাই না, কেবল তোমায় চাই! মানুষ নিয়ে কি করব?","“ঘরে আসবেন চণ্ডী, শুনব কত চণ্ডী,
কত আসবেন দণ্ডী যোগী জটাধারী!"
s0206,song,"এক পুরাতন পুরুষ নিরঞ্জনে, চিত্ত সমাধান কর রে,",,False,1,নরেন্দ্র,32,5,ঈশ্বর অভিভাবক — শ্রীরামকৃষ্ণের মাতৃভক্তি — সংকীর্তনানন্দে,"১৮৮৪, ২৯শে সেপ্টেম্বর",1884-09-29,https://www.ramakrishnavivekananda.info/kathamrita/unicodekathamrita/32_e_ishwarguardian_595_597.html,"নদিন গিয়ে থাকব। তারপর যে সেই। (ভক্তদের প্রতি) — “আজ ঘোষপাড়া-ফোষপাড়া কি কথা হল। গোবিন্দ, গোবিন্দ, গোবিন্দ! এখন হরিনাম একটু বল। কড়ার ডাল টড়ার ডালের পর পায়েস মুণ্ডি হয়ে যাক্‌।” নরেন্দ্র গাহিতেছেন:","এক পুরাতন পুরুষ নিরঞ্জনে, চিত্ত সমাধান কর রে,
আদি সত্য তিনি কারণ-কারণ, প্রাণরূপে ব্যাপ্ত চরাচরে,
জীবন্ত জ্যোতির্ময়, সকলের আশ্রয়, দেখে সেই যে জন বিশ্বাস করে।
অতীন্দ্রিয় নিত্য চৈতন্যস্বরূপ, বিরাজিত হৃদিকন্দরে;
জ্ঞানপ্রেম পুণ্যে, ভূষিত নানাগুনে, যাহার চিন্তনে সন্তাপ হরে।
অনন্ত গুণাধার প্রশান্ত-মূরতি, ধারণা করিতে কেহ নাহি পারে,
পদাশ্রিত জনে, দেখা দেন নিজ গুণে, দীন হীন ব’লে দয়া করে।
চির ক্ষমাশীল কল্যাণদাতা, নিকট সহায় দুঃখসাগরে;
পরম ন্যায়বান্‌ করেন ফলদান, পাপপুণ্য কর্ম অনুসারে।
প্রেমময় দয়াসিন্ধু, কৃপানিধি, শ্রবণে যাঁর গুণ আঁখি ঝরে,
তাঁর মুখ দেখি, সবে হও রে সুখী, তৃষিত মন প্রাণ যাঁর তরে।
বিচিত্র শোভাময় নির্মল প্রকৃতি, বর্ণিতে সে অপরূপ বচন হারে;
ভজন সাধন তাঁর, কর হে নিরন্তর, চির ভিখারী হয়ে তাঁর দ্বারে।"
s0207,song,শ্রীদুর্গানাম জপ সদা রসনা আমার।,,False,1,বৈষ্ণবচরণ,33,2,ভক্তসঙ্গে কীর্তনানন্দে,"১৮৮৪, ১লা অক্টোবর",1884-10-01,https://www.ramakrishnavivekananda.info/kathamrita/unicodekathamrita/33_b_withbhaktas_598_601.html,"সঙ্গে সঙ্গে গাইতেছেন। ঠাকুরের গান সমাপ্ত হইলে বৈষ্ণবচরণ আবার গাইলেন:  ঠাকুর কীর্তনিয়ার মতন গানের সঙ্গে সঙ্গে সুর করিতেছেন। বৈষ্ণবচরণকে বলিতেছেন, ওইরকম করে বলো — কীর্তনিয়া ঢঙে। বৈষ্ণবচরণ আবার গাইলেন:","শ্রীদুর্গানাম জপ সদা রসনা আমার।
দুর্গমে শ্রীদুর্গা বিনে কে করে নিস্তার ॥
দুর্গানাম তরী ভবার্ণব তরিবারে,
ভাসিতেছে, সেই তরী শ্রদ্ধাসরোবরে।
শ্রীগুরু করুণা করি যেই ধন দিলে,
সাধনা করহ তরী মিলিবে গো কূলে ॥
যদি বল ছয় রিপু হইয়ে পবন,
ধরিতে না দিবে তরী করিবে তুফান।
তুফানেতে কি করিবে শ্রীদুর্গানাম যার তরী,
তুমি স্বর্গ, তুমি মর্ত্য মা, তুমি সে পাতাল; তোমা হতে হরি ব্রহ্মা দ্বাদশ গোপাল।
দশ মহাবিদ্যা মাতা দশ অবতার,
এবার কোনরূপে আমায় করিতে হবে পার ॥
চল অচল তুমি মা তুমি সূক্ষ্ম স্থূল,
সৃষ্টি স্থিতি প্রলয় তুমি মা তুমি বিশ্বমূল।
ত্রিলোকজননী তুমি, ত্রিলোক তারিণী;
সকলের শক্তি তুমি মা তোমার শক্তি তুমি ॥"
s0208,song,"চল অচল তুমি মা তুমি সূক্ষ্ম স্থূল,",,True,1,ঠাকুর,33,2,ভক্তসঙ্গে কীর্তনানন্দে,"১৮৮৪, ১লা অক্টোবর",1884-10-01,https://www.ramakrishnavivekananda.info/kathamrita/unicodekathamrita/33_b_withbhaktas_598_601.html,"ৈষ্ণবচরণ আবার গাইলেন:  ঠাকুর কীর্তনিয়ার মতন গানের সঙ্গে সঙ্গে সুর করিতেছেন। বৈষ্ণবচরণকে বলিতেছেন, ওইরকম করে বলো — কীর্তনিয়া ঢঙে। বৈষ্ণবচরণ আবার গাইলেন:  ঠাকুর গায়কের সঙ্গে পুনঃ পুনঃ গাহিতে লাগিলেন:","চল অচল তুমি মা তুমি সূক্ষ্ম স্থূল,
সৃষ্টি স্থিতি প্রলয় তুমি মা তুমি বিশ্বমূল,
ত্রিলোকজননী তুমি, ত্রিলোক তারিণী;
সকলের শক্তি তুমি মা তোমার শক্তি তুমি ॥"
s0209,song,"বায়ু অন্ধকার আদি শূন্য আর আকাশ,",,False,1,,33,2,ভক্তসঙ্গে কীর্তনানন্দে,"১৮৮৪, ১লা অক্টোবর",1884-10-01,https://www.ramakrishnavivekananda.info/kathamrita/unicodekathamrita/33_b_withbhaktas_598_601.html,"র্তনিয়ার মতন গানের সঙ্গে সঙ্গে সুর করিতেছেন। বৈষ্ণবচরণকে বলিতেছেন, ওইরকম করে বলো — কীর্তনিয়া ঢঙে। বৈষ্ণবচরণ আবার গাইলেন:  ঠাকুর গায়কের সঙ্গে পুনঃ পুনঃ গাহিতে লাগিলেন:  কীর্তনীয়া আবার আরম্ভ করিলেন:","বায়ু অন্ধকার আদি শূন্য আর আকাশ,
রূপ দিক্‌ দিগন্তর তোমা হ’তে প্রকাশ।
ব্রহ্মা, বিষ্ণু আদি করি যতেক অমরে,
তব শক্তি প্রকাশিছে সকল শরীরে ॥
ইড়া পিঙ্গলা সুষুম্না বজ্রা চিত্রিণীতে,
ক্রমযোগে আছে জেগে সহস্রা হইতে।
চিত্রিণীর মধ্যে ঊর্ধ্বে আছে পদ্ম সারি সারি,
শুক্লবর্ণ সুবর্ণবর্ণ বিদ্যুতাদি করি ॥
দুই পদ্ম প্রস্ফুটিত একপদ্ম কোঢ়া,
অধোমুখে ঊর্ধ্ব মুখে আছে দুই পদ্ম জোড়া।
হংসরূপে বিহার তথায় কর গো আপনি,
আধার কমলে হও মা কুলকুণ্ডলিনী ॥
তদূর্ধ্বে মণিপুর নাম নাভিস্থল,
রক্তবর্ণ পদ্ম তাহে আছে দশদল।
সেই পদ্মে তব শক্তি অনল আছয়,
সে অনল নিবৃত্তি হ’লে সকলই নিভায় ॥
হৃদিপদ্মে আছে মানস সরোবর,
অনাহত পদ্ম ভাসে তাহার উপর।
সুবর্ণবর্ণ দ্বাদশদল তথায় শিব বাণ,
যেই পদ্মে তব শক্তি জীব আর আণ ॥
তদূর্ধ্বে কণ্ঠদেশ ধুম্রবর্ণ পদ্ম,
ষোড়শদল নাম তাঁর পদ্ম বিশুদ্ধাখ্য।
সেই পদ্মে তব শক্তি আছয়ে আকাশ,
সে আকাশ রুদ্ধ হঞ্চলে সকলি আকাশ ॥
তদূর্ধে শিরসি মধ্যে পদ্ম সহস্রদল,
গুরুদেবের স্থান সেই অতি গুহ্য স্থল।
সেই পদ্মে বিম্বরূপে পরমশিব বিরাজে,
একা আছেন শুক্লবর্ণ সহস্রদল পঙ্কজে ॥
ব্রহ্মরন্ধ্র আছে যথা শিব বিম্বরূপ,
তুমি তথা গেলে, শিব হন স্বীয়রূপ।
তথাশিবসঙ্গে রঙ্গে কর গো বিহার,
বিহার সমাপনে শিব হন বিম্বাকার ॥"
s0210,song,অমূল্যধন পাবি রে মন হলে খাঁটি!,,True,1,ঠাকুর,34,2,"আচার্যের কামিনী-কাঞ্চনত্যাগ, তবে লোকশিক্ষার অধিকার — সন্ন্যাসীর কঠিন নিয়ম — ব্রাহ্ম মণিলালকে শিক্ষা","১৮৮৪, ২রা অক্টোবর",1884-10-02,https://www.ramakrishnavivekananda.info/kathamrita/unicodekathamrita/34_b_lustlucre_605_607.html,িজয় বেশ সরল — খুব উদার সরল না হলে ঈশ্বরকে পাওয়া যায় না। “বিজয় কাল অধর সেনের বাড়িতে গিছল। তা যেন আপনার বাড়ি — সবাই যেন আপনার। “বিষয়বুদ্ধি না গেলে উদার সরল হয় না। এই বলিয়া ঠাকুর গান গাহিতেছেন —,“অমূল্যধন পাবি রে মন হলে খাঁটি!
s0211,song,তুমি সর্বস্ব আমার (হে নাথ) প্রাণাধার সারাৎসার।,,False,2,,34,6,ঠাকুর শ্রীরামকৃষ্ণ কলুটোলায় শ্রীযুক্ত নবীন সেনের বাটীতে ব্রাহ্মভক্তসঙ্গে কীর্তনানন্দে,"১৮৮৪, ৪ঠা অক্টোবর",1884-10-04,https://www.ramakrishnavivekananda.info/kathamrita/unicodekathamrita/34_f_nabinsen_616_618.html,"াইতেছেন:  ঠাকুর বলিতেছেন — ডুব দাও — উপরে ভাসলে কি হবে? দিন কতক নির্জনে সব ছেড়ে, ষোল আনা মন দিয়ে, তাঁকে ডাকো। ঠাকুর গান গাইতেছেন:  ঠাকুর ব্রাহ্মভক্তদের, “তুমি সর্বস্ব আমার।” এই গানটি গাইতে বলিতেছেন।","তুমি সর্বস্ব আমার (হে নাথ) প্রাণাধার সারাৎসার।
নাহি তোমা বিনে, কেহ ত্রিভুবনে, আপনার বলিবার।"
s0212,song,যশোদা নাচাতো গো মা বলে নীলমণি।,,True,2,ঠাকুর | শ্রীরামকৃষ্ণ,34,6,ঠাকুর শ্রীরামকৃষ্ণ কলুটোলায় শ্রীযুক্ত নবীন সেনের বাটীতে ব্রাহ্মভক্তসঙ্গে কীর্তনানন্দে,"১৮৮৪, ৪ঠা অক্টোবর",1884-10-04,https://www.ramakrishnavivekananda.info/kathamrita/unicodekathamrita/34_f_nabinsen_616_618.html,"েন — ডুব দাও — উপরে ভাসলে কি হবে? দিন কতক নির্জনে সব ছেড়ে, ষোল আনা মন দিয়ে, তাঁকে ডাকো। ঠাকুর গান গাইতেছেন:  ঠাকুর ব্রাহ্মভক্তদের, “তুমি সর্বস্ব আমার।” এই গানটি গাইতে বলিতেছেন।  ঠাকুর নিজে গাইতেছেন:","যশোদা নাচাতো গো মা বলে নীলমণি।
সেরূপ লুকালে কোথা করালবদনী ॥
(একবার নাচ গো শ্যামা) (অসি ফেলে বাঁশী লয়ে)
(মুণ্ডমালা ফেলে বনমালা লয়ে) (তোর শিব বলরাম হোক)
(তেমনি তেমনি করে নাচ গো শ্যামা)
(যেরূপে ব্রজমাঝে নেচেছিলি)
(একবার বাজা গো মা, তোর মোহন বেণু)
(যে বেণুরবে গোপীর মন ভুলাতিস্‌)
(যে বেণুরবে ধেনু ফিরাতিস্‌)
(যে বেণুরবে যমুনা উজান বয়)।
গগনে বেলা বাড়িত, রানীর মন ব্যাকুল হতো,
বলে ধর ধর ধর, ধর রে গোপাল, ক্ষীর সর নবনী;
এলায়ে চাঁচর কেশ রানী বেঁধে দিত বেণী।
শ্রীদামের সঙ্গে, নাচিতে ত্রিভঙ্গ,
আবার তাথৈয়া তাথৈয়া, তাতা থৈয়া থৈয়া, বাজত নূপুরধ্বনি;
শুনতে পেয়ে আসত ধেয়ে যত ব্রজের রমণী (গো মা!) — ।"
s0213,song,"কত ভালবাস গো মা মানব সন্তানে,",,True,2,খোল-করতাল সংযোগে সেই | ত্রৈলোক্য,34,6,ঠাকুর শ্রীরামকৃষ্ণ কলুটোলায় শ্রীযুক্ত নবীন সেনের বাটীতে ব্রাহ্মভক্তসঙ্গে কীর্তনানন্দে,"১৮৮৪, ৪ঠা অক্টোবর",1884-10-04,https://www.ramakrishnavivekananda.info/kathamrita/unicodekathamrita/34_f_nabinsen_616_618.html,"ছেন:  ঠাকুর ব্রাহ্মভক্তদের, “তুমি সর্বস্ব আমার।” এই গানটি গাইতে বলিতেছেন।  ঠাকুর নিজে গাইতেছেন:  এই গান শুনিয়া কেশব ওই সুরের একটি গান বাঁধাইয়াছিলেন। ব্রাহ্মভক্তেরা খোল-করতাল সংযোগে সেই গান গাইতেছেন:","কত ভালবাস গো মা মানব সন্তানে,
মনে হলে প্রেমধারা বহে দুনয়নে (গো মা)।
তব পদে অপরাধী, আছি আমি জন্মাবধি,
তবু চেয়ে মুখপানে প্রেমনয়নে, ডাকিছ মধুর বচনে,
মনে হলে প্রেমধারা বহে দুনয়নে।
তোমার প্রেমের ভার, বহিতে পারি না গো আর,
প্রাণ উঠিছে কাঁদিয়া, হৃদয় ভেদিয়া, তব স্নেহ দরশনে,
লইনু শরণ মা গো তব শ্রীচরণে (গো মা) ॥"
s0214,song,"অন্তরে জাগিছ গো মা অন্তরযামিনী,",,False,4,,34,6,ঠাকুর শ্রীরামকৃষ্ণ কলুটোলায় শ্রীযুক্ত নবীন সেনের বাটীতে ব্রাহ্মভক্তসঙ্গে কীর্তনানন্দে,"১৮৮৪, ৪ঠা অক্টোবর",1884-10-04,https://www.ramakrishnavivekananda.info/kathamrita/unicodekathamrita/34_f_nabinsen_616_618.html,ি সর্বস্ব আমার।” এই গানটি গাইতে বলিতেছেন।  ঠাকুর নিজে গাইতেছেন:  এই গান শুনিয়া কেশব ওই সুরের একটি গান বাঁধাইয়াছিলেন। ব্রাহ্মভক্তেরা খোল-করতাল সংযোগে সেই গান গাইতেছেন:  তাঁহারা আবার মার নাম করিতেছেন:,"১। অন্তরে জাগিছ ও মা অন্তর যামিনী,
কোলে করে আছ মোরে দিবস যামিনী;
২। গাও রে আনন্দময়ীর নাম।
ওরে আমার একতন্ত্রী প্রাণের আরাম।
৩। নিবিড় আঁধারে মা তোর চমকে ও রূপরাশি।
তাই যোগী ধ্যান ধরে হয়ে গিরিগুহাবাসী ৷৷"
s0215,song,"কেন রে মন ভাবিস এত দীন হীন কাঙালের মতো,",,False,1,,34,6,ঠাকুর শ্রীরামকৃষ্ণ কলুটোলায় শ্রীযুক্ত নবীন সেনের বাটীতে ব্রাহ্মভক্তসঙ্গে কীর্তনানন্দে,"১৮৮৪, ৪ঠা অক্টোবর",1884-10-04,https://www.ramakrishnavivekananda.info/kathamrita/unicodekathamrita/34_f_nabinsen_616_618.html,সর্বস্ব আমার।” এই গানটি গাইতে বলিতেছেন।  ঠাকুর নিজে গাইতেছেন:  এই গান শুনিয়া কেশব ওই সুরের একটি গান বাঁধাইয়াছিলেন। ব্রাহ্মভক্তেরা খোল-করতাল সংযোগে সেই গান গাইতেছেন:  তাঁহারা আবার মার নাম করিতেছেন:,"কেন রে মন ভাবিস এত দীন হীন কাঙালের মতো,
আমার মা ব্রহ্মাণ্ডেশ্বরী সিদ্ধেশ্বরী ক্ষেমঙ্করী।"
s0216,song,"মধুর হরিনাম নসে রে, জীব যদি সুখে থাকবি।",,False,1,,34,6,ঠাকুর শ্রীরামকৃষ্ণ কলুটোলায় শ্রীযুক্ত নবীন সেনের বাটীতে ব্রাহ্মভক্তসঙ্গে কীর্তনানন্দে,"১৮৮৪, ৪ঠা অক্টোবর",1884-10-04,https://www.ramakrishnavivekananda.info/kathamrita/unicodekathamrita/34_f_nabinsen_616_618.html,ব ওই সুরের একটি গান বাঁধাইয়াছিলেন। ব্রাহ্মভক্তেরা খোল-করতাল সংযোগে সেই গান গাইতেছেন:  তাঁহারা আবার মার নাম করিতেছেন:   ঠাকুর এইবার হরিনাম ও শ্রীগৌরাঙ্গের নাম করিতেছেন ও ব্রাহ্মভক্তদের সহিত নাচিতেছেন।,"মধুর হরিনাম নসে রে, জীব যদি সুখে থাকবি।"
s0217,song,ব্রজে যাই কাঙ্গালবেশে কৌপিন দাও হে ভারতী।,,False,1,,34,6,ঠাকুর শ্রীরামকৃষ্ণ কলুটোলায় শ্রীযুক্ত নবীন সেনের বাটীতে ব্রাহ্মভক্তসঙ্গে কীর্তনানন্দে,"১৮৮৪, ৪ঠা অক্টোবর",1884-10-04,https://www.ramakrishnavivekananda.info/kathamrita/unicodekathamrita/34_f_nabinsen_616_618.html,ওই সুরের একটি গান বাঁধাইয়াছিলেন। ব্রাহ্মভক্তেরা খোল-করতাল সংযোগে সেই গান গাইতেছেন:  তাঁহারা আবার মার নাম করিতেছেন:   ঠাকুর এইবার হরিনাম ও শ্রীগৌরাঙ্গের নাম করিতেছেন ও ব্রাহ্মভক্তদের সহিত নাচিতেছেন।,ব্রজে যাই কাঙ্গালবেশে কৌপিন দাও হে ভারতী।
s0218,song,কে হরিবোল হরিবোল বলিয়ে যায়। যারে মাধাই জেনে আয়।,,True,2,ঠাকুর,34,6,ঠাকুর শ্রীরামকৃষ্ণ কলুটোলায় শ্রীযুক্ত নবীন সেনের বাটীতে ব্রাহ্মভক্তসঙ্গে কীর্তনানন্দে,"১৮৮৪, ৪ঠা অক্টোবর",1884-10-04,https://www.ramakrishnavivekananda.info/kathamrita/unicodekathamrita/34_f_nabinsen_616_618.html,সুরের একটি গান বাঁধাইয়াছিলেন। ব্রাহ্মভক্তেরা খোল-করতাল সংযোগে সেই গান গাইতেছেন:  তাঁহারা আবার মার নাম করিতেছেন:   ঠাকুর এইবার হরিনাম ও শ্রীগৌরাঙ্গের নাম করিতেছেন ও ব্রাহ্মভক্তদের সহিত নাচিতেছেন।,"কে হরিবোল হরিবোল বলিয়ে যায়। যারে মাধাই জেনে আয়।
(আমার গৌর যায় কি নিতাই যায় রে) (যাদের সোনার নূপুর রাঙা পায়)
(যাদের নেড়া মাথা ছেঁড়া কাঁথা রে,) (যেন দেখি পাগলের প্রায়)।"
s0219,song,কত দিনে হবে সে প্রেম সঞ্চার।,,False,3,ব্রাহ্মভক্তেরা | নরেন্দ্র,34,6,ঠাকুর শ্রীরামকৃষ্ণ কলুটোলায় শ্রীযুক্ত নবীন সেনের বাটীতে ব্রাহ্মভক্তসঙ্গে কীর্তনানন্দে,"১৮৮৪, ৪ঠা অক্টোবর",1884-10-04,https://www.ramakrishnavivekananda.info/kathamrita/unicodekathamrita/34_f_nabinsen_616_618.html,ব্রাহ্মভক্তেরা খোল-করতাল সংযোগে সেই গান গাইতেছেন:  তাঁহারা আবার মার নাম করিতেছেন:   ঠাকুর এইবার হরিনাম ও শ্রীগৌরাঙ্গের নাম করিতেছেন ও ব্রাহ্মভক্তদের সহিত নাচিতেছেন।       ব্রাহ্মভক্তেরা আবার গাইতেছেন:,"কতদিনে হবে সে প্রেম সঞ্চার।
হয়ে পূর্ণকাম বলব হরিনাম, নয়নে বহিবে প্রেম অশ্রুধার ॥
কবে হবে আমার শুদ্ধ প্রাণমন, কবে যাব আমি প্রেমের বৃন্দাবন,
সংসার বন্ধন হইবে মোচন, জ্ঞানাঞ্জনে যাবে লোচন আঁধার ॥
কবে পরশমণি করি পরশন লৌহময় দেহ হইবে কাঞ্চন
হরিময় বিশ্ব করিব দর্শন, লুটিব ভক্তিপথে অনিবার ॥
(হায়) কবে যাবে আমার ধরম করম, কবে যাবে জাতি কুলের ভরম,
কবে যাবে ভয় ভাবনা সরম, পরিহরি অভিমান লোকাচার ॥
মাখি সর্ব অঙ্গে ভক্তপদধূলি, কাঁধে লয়ে চির বৈরাগ্যের ঝুলি,
পিব প্রেমবারি দুই হাতে তুলি, অঞ্জলি অঞ্জলি প্রেমযমুনার ॥
প্রেমে পাগল হয়ে হাসিব কাঁদিব সচ্চিদানন্দ সাগরে ভাসিব,
আপনি মাতিয়ে সকলে মাতাব, হরিপদে নিত্য করিব বিহার।"
s0220,verse,য়ৎ করোষি য়দশ্নাসি য়জ্জুহোষি দদাসি য়ৎ।,,False,1,,35,2,ঠাকুর শ্রীরামকৃষ্ণ সাধুদ্বয় সঙ্গে — ঠাকুরের পরমহংস অবস্থা,"১৮৮৪, ৫ই অক্টোবর",1884-10-05,https://www.ramakrishnavivekananda.info/kathamrita/unicodekathamrita/35_b_sadhus_621_622.html,"দুটি ভাত খাই। আচ্ছা জী, আপনারা যা জপ ধ্যান করেন তা নিষ্কাম করেন; না? সাধু — জী, মহারাজ। শ্রীরামকৃষ্ণ — ওই আচ্ছা হ্যায়, আর ঈশ্বরে ফল সমর্পণ করতে হয়; — না? গীতাতে ওইরূপ আছে। সাধু (অন্য সাধুর প্রতি) —","য়ৎ করোষি য়দশ্নাসি য়জ্জুহোষি দদাসি য়ৎ।
য়ৎ তপস্যসি কৌন্তেয় তৎ কুরুষ্ব মদর্পণম্‌ ॥"
s0221,song,"শ্যামাপদে আশ, নদীর তীরে বাস।",,False,1,নীলকণ্ঠ সাঙ্গোপাঙ্গ,35,5,নীলকণ্ঠ প্রভৃতি ভক্তগণসঙ্গে সংকীর্তনানন্দে,"১৮৮৪, ৫ই অক্টোবর",1884-10-05,https://www.ramakrishnavivekananda.info/kathamrita/unicodekathamrita/35_e_nilkantha_629_633.html,"“তোমার গান হবে শুনে আমি আপনি যাচ্ছিলাম — তা নিয়োগীও বলতে এসেছিল।” ঠাকুর ছোট তক্তপোশের উপর নিজের আসনে গিয়া বসিয়াছেন। নীলকণ্ঠকে বলিতেছেন, একটু মায়ের নাম শুনব। নীলকণ্ঠ সাঙ্গোপাঙ্গ লইয়া গান গাইতেছেন:","শ্যামাপদে আশ, নদীর তীরে বাস।"
s0222,song,মহিষমর্দিনী।,,False,1,নীলকণ্ঠ সাঙ্গোপাঙ্গ,35,5,নীলকণ্ঠ প্রভৃতি ভক্তগণসঙ্গে সংকীর্তনানন্দে,"১৮৮৪, ৫ই অক্টোবর",1884-10-05,https://www.ramakrishnavivekananda.info/kathamrita/unicodekathamrita/35_e_nilkantha_629_633.html,"তোমার গান হবে শুনে আমি আপনি যাচ্ছিলাম — তা নিয়োগীও বলতে এসেছিল।” ঠাকুর ছোট তক্তপোশের উপর নিজের আসনে গিয়া বসিয়াছেন। নীলকণ্ঠকে বলিতেছেন, একটু মায়ের নাম শুনব। নীলকণ্ঠ সাঙ্গোপাঙ্গ লইয়া গান গাইতেছেন:",মহিষমর্দিনী।
s0223,song,শিব শিব।,,False,1,ভক্তগণ তাঁহাকে,35,5,নীলকণ্ঠ প্রভৃতি ভক্তগণসঙ্গে সংকীর্তনানন্দে,"১৮৮৪, ৫ই অক্টোবর",1884-10-05,https://www.ramakrishnavivekananda.info/kathamrita/unicodekathamrita/35_e_nilkantha_629_633.html,"ীলকণ্ঠ গানে বলিতেছেন, ‘যার জটায় গঙ্গা, তিনি রাজরাজেশ্বরীকে হদয়ে ধারণ করিয়া আছেন।’ ঠাকুর প্রেমোন্মত্ত হইয়া নৃত্য করিতেছেন। নীলকণ্ঠ ও ভক্তগণ তাঁহাকে বেড়িয়া বেড়িয়া গান গাহিতেছেন ও নৃত্য করিতেছেন।",শিব শিব।
s0224,song,"‘রাধার প্রেমে মাতোয়ারা, তারা দুভাই এসেছে রে।’",,False,1,,35,5,নীলকণ্ঠ প্রভৃতি ভক্তগণসঙ্গে সংকীর্তনানন্দে,"১৮৮৪, ৫ই অক্টোবর",1884-10-05,https://www.ramakrishnavivekananda.info/kathamrita/unicodekathamrita/35_e_nilkantha_629_633.html,রিতেছেন। তাঁহাদের মধ্যেও একজনের ভাব হইয়াছিল। মনোমোহন ঠাকুরের ভক্ত ও শ্রীযুক্ত রাখালের সম্বন্ধী। ঠাকুর আবার গান ধরিলেন:  সংকীর্তন করিতে করিতে ঠাকুর নীলকণ্ঠাদি ভক্তসঙ্গে নৃত্য করিতেছেন। ও আখর দিতেছেন —,"‘রাধার প্রেমে মাতোয়ারা, তারা দুভাই এসেছে রে।’"
s0225,song,গিরি! গণেশ আমার শুভকারী। —,,False,1,,35,5,নীলকণ্ঠ প্রভৃতি ভক্তগণসঙ্গে সংকীর্তনানন্দে,"১৮৮৪, ৫ই অক্টোবর",1884-10-05,https://www.ramakrishnavivekananda.info/kathamrita/unicodekathamrita/35_e_nilkantha_629_633.html,ি না! শ্রীরামকৃষ্ণ (সহাস্যে) — যদি ডোবো তো ওই সুধাহ্রদে! ঠাকুর নীলকণ্ঠকে পাইয়া আনন্দিত হইয়াছেন। তাঁহাকে আবার বলিতেছেন “তোমার এখানে আসা! — যাকে অনেক সাধ্য-সাধনা করে তবে পাওয়া যায়! তবে একটা গান শোন:,"গিরি! গণেশ আমার শুভকারী। —
পূজে গণপতি, পেলাম হৈমবতী
যাও হে গিরিরাজ, আন গিয়ে গৌরী ॥
বিল্ববৃক্ষমূলে পাতিয়ে বোধন,
গণেশের কল্যাণে গৌরীর আগমন।
ঘরে আনবো চণ্ডী, শুনবো কত চণ্ডী,
কত আসবেন দণ্ডী, যোগী জটাধারী ॥"
s0226,song,মন কর কি তত্ত্ব তাঁরে যেন উন্মত্ত আঁধার ঘরে।,,True,2,ঠাকুর | ঠাকুরের,35,8,"পুরুষপ্রকৃতিবিবেক যোগ — রাধাকৃষ্ণ, তাঁরা কে? আদ্যাশক্তি","১৮৮৪, ১১ই অক্টোবর",1884-10-11,https://www.ramakrishnavivekananda.info/kathamrita/unicodekathamrita/35_h_purusha_637_642.html,"ত্মা এই নিয়ে কেবল থাকলে ঈশ্বরকে খোঁজা হয় না। তাঁর পাদপদ্মে ভক্তি হবার জন্য সাধন করা চাই, ব্যাকুল হয়ে ডাকা চাই। নানা জিনিস থেকে মন কুড়িয়ে এনে তাঁতে লাগাতে হয়। বলিয়া ঠাকুর রামপ্রসাদের গান ধরিলেন:","মন কর কি তত্ত্ব তাঁরে যেন উন্মত্ত আঁধার ঘরে।
সে যে ভাবের বিষয়, ভাব ব্যতীত অভাবে কি ধরতে পারে ॥
সে ভাব লাগি পরম যোগী যোগ করে যুগ যুগান্তরে।
হলে ভাবের উদয় লয় সে যেমন লোহাকে চুম্বক ধরে ॥"
s0227,song,"ষড় দর্শনে না পায় দরশন, আগম নিগম তন্ত্রসারে।",,False,1,,35,8,"পুরুষপ্রকৃতিবিবেক যোগ — রাধাকৃষ্ণ, তাঁরা কে? আদ্যাশক্তি","১৮৮৪, ১১ই অক্টোবর",1884-10-11,https://www.ramakrishnavivekananda.info/kathamrita/unicodekathamrita/35_h_purusha_637_642.html,"ে ডাকা চাই। নানা জিনিস থেকে মন কুড়িয়ে এনে তাঁতে লাগাতে হয়। বলিয়া ঠাকুর রামপ্রসাদের গান ধরিলেন:  “আর শাস্ত্র বল, দর্শন বল, বেদান্ত বল — কিছুতেই তিনি নাই। তাঁর জন্য প্রাণ ব্যাকুল না হলে কিছু হবে না।","“ষড় দর্শনে না পায় দরশন, আগম নিগম তন্ত্রসারে।
সে যে ভক্তিরসের রসিক সদানন্দে বিরাজ করে পুরে ॥"
s0228,song,"রামপ্রসাদ বলে ভক্তি মুক্তি উভয়ে মাথায় রেখেছি,",,False,1,,35,10,নিবৃত্তিমার্গ — ঈশ্বরলাভের পর কর্মত্যাগ,"১৮৮৪, ১১ই অক্টোবর",1884-10-11,https://www.ramakrishnavivekananda.info/kathamrita/unicodekathamrita/35_j_workrenunciation_643_646.html,"টা গান শুন। ভাবে উন্মত্ত হইয়া ঈশানের কাছে বসিয়া মধুর কন্ঠে গাইতেছেন:  “সন্ধ্যাদি কতদিন? যতদিন না তাঁর পাদপদ্মে ভক্তি হয় — তাঁর নাম করতে করতে চক্ষের জল যতদিন না পড়ে, — আর শরীর রোমাঞ্চ যতদিন না হয়।","রামপ্রসাদ বলে ভক্তি মুক্তি উভয়ে মাথায় রেখেছি,
আমি কালী ব্রহ্ম জেনে মর্ম ধর্মাধর্ম সব ছেড়েছি।"
s0229,verse,"মায়ে পোয়ে মোকদ্দমা ধুম হবে রামপ্রসাদ বলে,",,False,1,,35,10,নিবৃত্তিমার্গ — ঈশ্বরলাভের পর কর্মত্যাগ,"১৮৮৪, ১১ই অক্টোবর",1884-10-11,https://www.ramakrishnavivekananda.info/kathamrita/unicodekathamrita/35_j_workrenunciation_643_646.html,"বা। কিন্তু কর্মফল সমস্ত ঈশ্বরকে সমর্পণ করতে হবে। নিজে কোন ফলকামনা করতে নাই। “তবে একটা কথা আছে। ভক্তিকামনা কামনার মধ্যে নয়। ভক্তিকামনা, ভক্তিপ্রার্থনা — করতে পার। “ভক্তির তমঃ আনবে। মার কাছে জোর কর। —","“মায়ে পোয়ে মোকদ্দমা ধুম হবে রামপ্রসাদ বলে,
তখন শান্ত হবো ক্ষান্ত হয়ে আমায় যখন করবি কোলে।"
s0230,verse,আমি কি আটাশে ছেলে আমি ভয় করিনি চোখ রাঙ্গালে।,,False,1,,35,10,নিবৃত্তিমার্গ — ঈশ্বরলাভের পর কর্মত্যাগ,"১৮৮৪, ১১ই অক্টোবর",1884-10-11,https://www.ramakrishnavivekananda.info/kathamrita/unicodekathamrita/35_j_workrenunciation_643_646.html,"“ভক্তির তমঃ আনবে। মার কাছে জোর কর। —  “ত্রৈলোক্য বলেছিল, আমি যেকালে ওদের ঘরে জন্মেছি, তখন আমার হিস্যে আছে। “তোমার যে আপনার মা, গো! এ কি পাতানো মা, এ কি ধর্ম মা! এতে জোর চলবে না তো কিসে জোর চলবে? বলো —","“আমি কি আটাশে ছেলে আমি ভয় করিনি চোখ রাঙ্গালে।
এবার করবো নালিস্‌ শ্রীনাথের আগে, ডিক্‌রি লব এক সওয়ালে।"
s0231,verse,ত্বং স্বাহা ত্বং স্বধা ত্বং হি বষট্‌কারঃ স্বরাত্মিকা।,,False,1,,35,11,শ্রীরামকৃষ্ণের সব কামনা ত্যাগ — কেবল ভক্তিকামনা,"১৮৮৪, ১১ই অক্টোবর",1884-10-11,https://www.ramakrishnavivekananda.info/kathamrita/unicodekathamrita/35_k_desirebhakti_646_648.html,"। সেই আদ্যাশক্তিকে প্রসন্ন করতে হয়। চণ্ডীতে আছে জান না? দেবতারা আগে আদ্যাশক্তির স্তব কল্লেন। তিনি প্রসন্ন হলে তবে হরির যোগনিদ্রা ভাঙবে।” ঈশান — আজ্ঞা, মধুকৈটভ বধের সময় ব্রহ্মাদি দেবতারা স্তব করছেন —","ত্বং স্বাহা ত্বং স্বধা ত্বং হি বষট্‌কারঃ স্বরাত্মিকা।
সুধা ত্বমক্ষরে নিত্যে ত্রিধা মাত্রাত্মিকা স্থিতা ॥
অর্ধমাত্রা স্থিতা নিত্যা যানুচ্চার্যা বিশেষতঃ।
ত্বমেব সা ত্বং সাবিত্রী ত্বং দেবজননী পরা ॥
ত্বয়ৈব ধার্যতে সর্বং ত্বয়ৈতৎ সৃজ্যতে জগৎ।
ত্বয়ৈতৎ পাল্যতে দেবি ত্বমৎস্যন্তে চ সর্বদা॥
বিসৃষ্টৌ সৃষ্টিরূপা ত্বং স্থিতিরূপা চ পালনে।
তথা সংহৃতিরূপান্তে জগতোঽস্য জগন্ময়ে ॥"
s0232,song,তাই তোমাকে সুধাই কালী।,,True,1,ঠাকুর (implied),35,14,দক্ষিণেশ্বরে ৺কালীপূজা মহানিশায় শ্রীরামকৃষ্ণ ভজনানন্দে,"১৮৮৪, ১৮ই অক্টোবর",1884-10-18,https://www.ramakrishnavivekananda.info/kathamrita/unicodekathamrita/35_n_kalipuja_bhajans_651_653.html,"ঠাকুর উঠিয়া বসিলেন। আজ মায়ের পূজা — মায়ের নাম করিবেন! আবার উৎসাহের সহিত গাইতেছেন: এ সব ক্ষেপা মায়ের খেলা  ঠাকুর গান করিতে করিতে মাতোয়ারা হইয়াছেন। বলিলেন, এ-সব মাতালের ভাবে গান। বলিয়া গাইতেছেন:",তাই তোমাকে সুধাই কালী।
s0233,song,জয় কালী জয় কালী বলে যদি আমার প্রাণ যায়।,,True,1,ঠাকুর (implied),35,14,দক্ষিণেশ্বরে ৺কালীপূজা মহানিশায় শ্রীরামকৃষ্ণ ভজনানন্দে,"১৮৮৪, ১৮ই অক্টোবর",1884-10-18,https://www.ramakrishnavivekananda.info/kathamrita/unicodekathamrita/35_n_kalipuja_bhajans_651_653.html,"কুর উঠিয়া বসিলেন। আজ মায়ের পূজা — মায়ের নাম করিবেন! আবার উৎসাহের সহিত গাইতেছেন: এ সব ক্ষেপা মায়ের খেলা  ঠাকুর গান করিতে করিতে মাতোয়ারা হইয়াছেন। বলিলেন, এ-সব মাতালের ভাবে গান। বলিয়া গাইতেছেন:","জয় কালী জয় কালী বলে যদি আমার প্রাণ যায়।
শিবত্ব হইব প্রাপ্ত, কাজ কি বারাণসী তায় ॥
অনন্তরূপিণী কালী, কালীর অন্ত কেবা পায়?
কিঞ্চিৎ মাহাত্ম জেনে শিব পড়েছেন রাঙা পায় ॥"
s0234,song,‘পরম দয়াল হে প্রভু’ —,,False,1,,35,14,দক্ষিণেশ্বরে ৺কালীপূজা মহানিশায় শ্রীরামকৃষ্ণ ভজনানন্দে,"১৮৮৪, ১৮ই অক্টোবর",1884-10-18,https://www.ramakrishnavivekananda.info/kathamrita/unicodekathamrita/35_n_kalipuja_bhajans_651_653.html,"মন্দিরে বৈকালে রাজনারায়ণ চন্ডীর গান গাইয়াছিলেন, ছেলে দুটিও সঙ্গে সঙ্গে গাইয়াছিল। ঠাকুর ছেলে দুটির আঙ্গে আবার গাইতেছেন: ‘এ সব ক্ষেপা মেয়ের খেলা’। ছোট ছেলেটি ঠাকুরকে বলিতেছেন, — ওই গানটি একবার যদি —",‘পরম দয়াল হে প্রভু’ —
s0235,verse,কবিং পুরাণমনুশাসিতারমণোরণীয়াংসমনুসমরেদ্‌ যঃ।,,False,1,,36,1,সিঁথির ব্রাহ্মসমাজ পুনর্বার দর্শন ও বিজয়কৃষ্ণ প্রভৃতি ব্রাহ্মভিক্তদিগকে উপদেশ ও তাঁহাদের সহিত আনন্দ,"১৮৮৪, ১৯শে অক্টোবর",1884-10-19,https://www.ramakrishnavivekananda.info/kathamrita/unicodekathamrita/36_a_sintheebrahmosamaj_656_657.html,ের মুখ হইতে শ্রীমদ্ভগব্দগীতাকারে এককালে বহির্গত হইয়াছিল — সারথিবিশেশধারী মানবাকার সচ্চিদানন্দগুরু প্রমুখাৎ যে মেঘগম্ভীরধ্বনিমধ্যে বিনয়নম্র ব্যাকুল “গুড়াকেশ কৌন্তেয়” এই কথামৃত পান করিয়াছিলেন যথা —,"কবিং পুরাণমনুশাসিতারমণোরণীয়াংসমনুসমরেদ্‌ যঃ।
সর্বস্য ধাতারমচিন্ত্যরূপম্‌, আদিত্যবর্ণং তমসঃ পরস্তাৎ ॥
প্রয়াণকালে মনসাচলেন, ভক্ত্যা যুক্তো যোগবলেন চৈব।
ভ্রুবোর্মধ্যে প্রাণমাবেশ্য সম্যক্‌, স তং পরং পুরুষমুপৈতি দিব্যম্‌ ॥
যদক্ষরং বেদবিদো বদন্তি, বিশন্তি যদ্‌ যতয়ো বীতরাগাঃ।
যদিচ্ছন্তো ব্রহ্মচর্যং চরন্তি, তৎ তে পদং সংগ্রহেণ প্রবক্ষ্যে ॥"
s0236,song,"নাচ মা, ভক্তবৃন্দ বেড়ে বেড়ে;",,False,1,,36,7,শ্রীরামকৃষ্ণ সংকীর্তনানন্দে,"১৮৮৪, ১৯শে অক্টোবর",1884-10-19,https://www.ramakrishnavivekananda.info/kathamrita/unicodekathamrita/36_g_kirtan_666_667.html,"মাধিস্থ অবস্থায় দাঁড়াইয়া আছেন, স্পন্দহীন দেহ, স্থিরনেত্র, সহাস্যবদন; কোন প্রিয় ভক্তের স্কন্ধদেশে হাত দিয়ে আছেন। আবার ভাবান্তে মত্ত মাতঙ্গের ন্যায় নৃত্য। বাহ্যদশা প্রাপ্ত হইয়া গানের আখর দিতেছেন:","“নাচ মা, ভক্তবৃন্দ বেড়ে বেড়ে;
আপনি নেচে নাচাও গো মা;
(আবার বলি) হৃদিপদ্মে একবার নাচ মা;
নাচ গো ব্রহ্মময়ী সেই ভুবনমোহনরূপে।”"
s0237,verse,"আমি কালীব্রহ্ম জেনে মর্ম, ধর্মাধর্ম সব ছেড়েছি।",,False,1,,36,9,মা — কালী ব্রহ্ম — পূর্ণজ্ঞানের পর অভেদ,"১৮৮৪, ১৯শে অক্টোবর",1884-10-19,https://www.ramakrishnavivekananda.info/kathamrita/unicodekathamrita/36_i_kali_brahma_668_671.html,"দেন, আর বুঝিয়ে দেন, তবে বুঝা যায়; নচেৎ নয়। ‘যিনি ব্রহ্ম, তিনিই শক্তি, তিনিই মা।’  “আমি তত্ত্ব করি যাঁরে। অর্থাৎ আমি সেই ব্রহ্মের তত্ত্ব করছি। তাঁরেই মা মা বলে ডাকছি। আবার রামপ্রসাদ ওই কথাই বলছে, —","আমি কালীব্রহ্ম জেনে মর্ম, ধর্মাধর্ম সব ছেড়েছি।"
s0238,song,"হরিষে লাগি রহ রে ভাই,",,True,1,ঠাকুর,36,10,ঠাকুর শ্রীরামকৃষ্ণ বড়বাজারে মারোয়াড়ী ভক্তমন্দিরে,"১৮৮৪, ২০শে অক্টোবর",1884-10-20,https://www.ramakrishnavivekananda.info/kathamrita/unicodekathamrita/36_j_burrabazar_671_674.html,"ুত্র — হাঁ, মহারাজ! সাংখ্য দর্শন পড়া বড় দরকার। এইরূপ কথা মাঝে মাঝে চলিতে লাগিল। ঠাকুর তাকিয়ায় একটু হেলান দিয়া শুইলেন। পণ্ডিতজীর পুত্র ও ভক্ত কয়টি মেঝেতে উপবিষ্ট। ঠাকুর শুইয়া শুইয়া গান ধরিলেন —","হরিষে লাগি রহ রে ভাই,
তেরা বনত বনত বনি যাই,
তেরা বিগড়ী বাত বনি যাই।
অঙ্কা তারে বঙ্কা তারে, তারে সুজন কসাই
শুগা পড়ায়কে গণিকা তারে, তারে মীরাবাঈ।"
s0239,song,তার তারিণি!,,False,1,,37,13,ভক্তসঙ্গে সংকীর্তনানন্দে,"১৮৮৪, ৯ই নভেম্বর",1884-11-09,https://www.ramakrishnavivekananda.info/kathamrita/unicodekathamrita/37_m_kirtanwithdevotees_704_707.html,"় গেল?” ঠাকুর সমস্ত দিন অবসর পান নাই — একটু বিশ্রাম করিতে পান নাই। ভক্তদের ফেলিয়া কোথায় যাইবেন! এইবার একবার বর্হিদেশে যাইতেছেন। ঘরে ফিরিয়া আসিয়া দেখিলেন যে, মণি রামলালের নিকট গান লিখিয়া লইতেছেন —","“তার তারিণি!
এবার ত্বরিত করিয়ে তপন-তনয়-ত্রাসিত” — ইত্যাদি।"
s0240,song,এ সব ক্ষেপা মেয়ের খেলা।,,False,1,,37,14,সেবকসঙ্গে,"১৮৮৪, ৯ই - ১০ই নভেম্বর",1884-11-09,https://www.ramakrishnavivekananda.info/kathamrita/unicodekathamrita/37_n_withdevotees_707_710.html,"বিভোর — ঠাকুর নাম করিতেছেন। মণি মেঝেতে একাকী উপবিষ্ট। এইবার ঠাকুর গান গাহিতেছেন। ভাবে মাতোয়ারা হইয়া গানের ছলে মণিকে কি শিখাইতেছেন যে, কালীই ব্রহ্ম, কালী নির্গুণা, আবার সগুণা, অরূপ আবার অনন্তরূপিণী।",এ সব ক্ষেপা মেয়ের খেলা।
s0241,song,কালী কে জানে তোমায় মা (তুমি অনন্তরূপিণী!),,False,1,,37,14,সেবকসঙ্গে,"১৮৮৪, ৯ই - ১০ই নভেম্বর",1884-11-09,https://www.ramakrishnavivekananda.info/kathamrita/unicodekathamrita/37_n_withdevotees_707_710.html,"িভোর — ঠাকুর নাম করিতেছেন। মণি মেঝেতে একাকী উপবিষ্ট। এইবার ঠাকুর গান গাহিতেছেন। ভাবে মাতোয়ারা হইয়া গানের ছলে মণিকে কি শিখাইতেছেন যে, কালীই ব্রহ্ম, কালী নির্গুণা, আবার সগুণা, অরূপ আবার অনন্তরূপিণী।","কালী কে জানে তোমায় মা (তুমি অনন্তরূপিণী!)
তুমি মহাবিদ্যা, অনাদি অনাদ্যা, ভববন্ধের বন্ধনহারিণী তারিণী!
গিরিজা, গোপজা, গোবিন্দমোহিনী, সারদে বরদে নগেন্দ্রনন্দিনী,
জ্ঞানদে মোক্ষদে, কামাখ্যা কামদে, শ্রীরাধা শ্রীকৃষ্ণহৃদিবিলাসিনী।"
s0242,song,ভাব শ্রীকান্ত নরকান্তকারীরে।,,True,1,ঠাকুর,38,3,ঈশ্বরদর্শনের উপায় — ব্যাকুলতা,"১৮৮৪, ১৪ই ডিসেম্বর",1884-12-14,https://www.ramakrishnavivekananda.info/kathamrita/unicodekathamrita/38_c_seeinggod_714_716.html,", কিন্তু দশ হাজার টাকার জন্য মিথ্যা সাক্ষি দিচ্ছিল। তাই বলছি, বিবেক-বৈরাগ্য হলে সংসারেতেও হয়।” [পাপীতাপী ও ঠাকুর শ্রীরামকৃষ্ণ ] গিরিশ — এ পাপীর কি হবে? ঠাকুর ঊর্ধ্বদৃষ্টি করিয়া করুণস্বরে গান ধরিলেন:","ভাব শ্রীকান্ত নরকান্তকারীরে।
নিতান্ত কৃতান্ত ভয়ান্ত হরি ॥
ভাবিলে ভব ভাবনা যায় রে —
তরে তরঙ্গে ভ্রূভঙ্গে ত্রিভঙ্গে যেবা ভাবে।
এলি কি তত্ত্বে, এ মর্তে কুচিত্ত কুবৃত্ত করিলে কি হবে রে —
উচিত তো নয়, দাশরথিরে ডুবাবি রে —
কর এ চিত্ত প্রাচিত্ত, সে নিত্য পদ ভেবে ॥"
s0243,verse,তস্মাদসক্তং সততং কার্যং কর্ম সমাচর।,,False,1,,39,2,নিষ্কামকর্ম ও শ্রীরামকৃষ্ণ — ফল সমর্পণ ও ভক্তি,"১৮৮৪, ২৭শে ডিসেম্বর",1884-12-27,https://www.ramakrishnavivekananda.info/kathamrita/unicodekathamrita/39_b_nomotive_721_723.html,নিষ্কামকর্ম ও শ্রীরামকৃষ্ণ — ফল সমর্পণ ও ভক্তি মাস্টার — অধ্যয়ণ শেষ হলে আর অনেকদিন সাধনের পর ভবানী ঠাকুর প্রফুল্লের সঙ্গে আবার দেখা করতে এলেন। এইবার নিষ্কামকর্মের উপদেশ দিবেন। গীতা থেকে শ্লোক বললেন —,"তস্মাদসক্তং সততং কার্যং কর্ম সমাচর।
অসক্তো হ্যাচরন্‌ কর্ম পরমাপ্নোতি পুরুষঃ।"
s0244,verse,প্রকৃতেঃ ক্রিয়মাণানি গুণৈঃ কর্মাণি সর্বশঃ।,,False,1,,39,2,নিষ্কামকর্ম ও শ্রীরামকৃষ্ণ — ফল সমর্পণ ও ভক্তি,"১৮৮৪, ২৭শে ডিসেম্বর",1884-12-27,https://www.ramakrishnavivekananda.info/kathamrita/unicodekathamrita/39_b_nomotive_721_723.html,বার নিষ্কামকর্মের উপদেশ দিবেন। গীতা থেকে শ্লোক বললেন —  অনাসক্তির তিনটি লক্ষণ বললেন — (১) ইন্দ্রিয়সংযম। (২) নিরহংকার। (৩) শ্রীকৃষ্ণে ফল সমর্পণ। নিরহংকার ব্যতীত ধর্মাচরণ হয় না। গীতা থেকে আবার বললেন —,"প্রকৃতেঃ ক্রিয়মাণানি গুণৈঃ কর্মাণি সর্বশঃ।
অহঙ্কারবিমূঢ়াত্মা কর্তাহমিতি মন্যতে ॥"
s0245,verse,যৎ করোষি যদশ্নাসি যজ্জুহোষি দদাসি যৎ।,,False,1,,39,2,নিষ্কামকর্ম ও শ্রীরামকৃষ্ণ — ফল সমর্পণ ও ভক্তি,"১৮৮৪, ২৭শে ডিসেম্বর",1884-12-27,https://www.ramakrishnavivekananda.info/kathamrita/unicodekathamrita/39_b_nomotive_721_723.html,"অনাসক্তির তিনটি লক্ষণ বললেন — (১) ইন্দ্রিয়সংযম। (২) নিরহংকার। (৩) শ্রীকৃষ্ণে ফল সমর্পণ। নিরহংকার ব্যতীত ধর্মাচরণ হয় না। গীতা থেকে আবার বললেন —  তারপর সর্বকর্মফল শ্রীকৃষ্ণে সমর্পণ। গীতা থেকে বললেন, —","যৎ করোষি যদশ্নাসি যজ্জুহোষি দদাসি যৎ।
যৎ তপ্যসি কৌন্তেয় তৎ কুরুষ্ব মদর্পণম্‌ ॥"
s0246,verse,যো মাং পশ্যতি সর্বত্র সর্বঞ্চ ময়ি পশ্যতি।,,False,1,,39,2,নিষ্কামকর্ম ও শ্রীরামকৃষ্ণ — ফল সমর্পণ ও ভক্তি,"১৮৮৪, ২৭শে ডিসেম্বর",1884-12-27,https://www.ramakrishnavivekananda.info/kathamrita/unicodekathamrita/39_b_nomotive_721_723.html,"টার — তারপর আছে, ভবানী জিজ্ঞাসা কল্লে, ধন নিয়ে শ্রীকৃষ্ণে অর্পণ কেমন করে করবে? প্রফুল্ল বললে, শ্রীকৃষ্ণ সর্বভূতে আছেন। অতএব সর্বভূতে ধন বিতরণ করব। ভবানী বললে, ভাল ভাল। আর গীতা থেকে শ্লোক বলতে লাগল, —","যো মাং পশ্যতি সর্বত্র সর্বঞ্চ ময়ি পশ্যতি।
তস্যাহং ন প্রণশ্যামি স চ মে ন প্রণশ্যতি ॥
সর্বভূতস্থিতং যো মাং ভজত্যেকত্বমাস্থিতঃ।
সর্বথা বর্তমানোঽপি স যোগী ময়ি বর্ততে ॥
আত্মৌপম্যেন সর্বত্র সমং পশ্যতি যোঽর্জুনঃ।
সুখং বা যদি বা দুঃখং স যোগী পরমো মতঃ ॥"
s0247,song,নিবিড় আঁধারে মা তোর চমকে ও রূপরাশি ৷,,False,5,নরেন্দ্র | মনে | মণি,40,1,নরেন্দ্রাদি ভক্তসঙ্গে কীর্তনানন্দে,"১৮৮৫, ২২শে ফেব্রুয়ারি",1885-02-22,https://www.ramakrishnavivekananda.info/kathamrita/unicodekathamrita/40_a_withnarendra_729_731.html,"বলিতেছেন, “উনি কি বলবেন!” ভক্তেরা অনেক জিদ করাতে ঠাকুর বলিলেন — “তোমরা বলছ পরি।” ভক্তেরা ওই ঘরেতেই ঠাকুরের অন্নাদি আহারের আয়োজন করিতেছেন। ঠাকুর নরেন্দ্রকে একটু গান গাইতে বলিতেছেন। নরেন্দ্র গাহিতেছেন:","নিবিড় আঁধারে মা তোর চমকে ও রূপরাশি।
তাই যোগী ধ্যান ধরে হয়ে গিরি-গুহাবাসী।
অনন্ত আঁধার কোলে, মহানির্বাণ হিল্লোলে,
চিরশান্তি পরিমল, অবিরল যায় ভাসি।
মহাকাল রূপ ধরি, আঁধার বসন পরি,
সমাধিমন্দিরে ও মা কে তুমি গো একা বসি;
অভয়-পদ-কমলে, প্রেমের বিজলী জ্বলে
চিন্ময় মুখমণ্ডলে শোভে অট্ট অট্ট হাসি।
এ কি এ সুন্দর শোভা, কি মুখ হেরি এ!
আজি মোর ঘরে আইল হৃদয়নাথ, প্রেম উৎস উথলিল আজি —
বল হে প্রেমময় হৃদয়ের স্বামী, কি ধন তোমারে দিব উপহার?
হৃদয় প্রাণ লহ লহ তুমি, কি বলিব;
যাহা কিছু আছে মম, সকলি লও হে নাথ।"
s0248,song,এই সংসার মজার কুটি।,,True,2,ঠাকুর,40,3,শ্রীরামকৃষ্ণ ভক্তসঙ্গে — সুরেন্দ্রের প্রতি উপদেশ — গৃহস্থ ও দানধর্ম — মনোযোগ ও কর্মযোগ,"১৮৮৫, ২২শে ফেব্রুয়ারি",1885-02-22,https://www.ramakrishnavivekananda.info/kathamrita/unicodekathamrita/40_c_withdevotees_734_736.html,ঁকে ব্যাকুল হয়ে ডাকবে। তোমরা মনে ত্যাগ করবে। “বীরভক্ত না হলে দুদিক রাখতে পারে না; জনক রাজা সাধন-ভজনের পর সিদ্ধ হয়ে সংসারে ছিল। সে দুখানা তলোয়ার ঘুরাত; জ্ঞান আর কর্ম।” এই বলিয়া ঠাকুর গান গাহিতেছেন:,"এই সংসার মজার কুটি।
আমি খাই দাই আর মজা লুটি ॥
জনক রাজা মহাতেজা তার কিসে ছিল ত্রুটি।
সে যে এদিক-ওদিক দুদিক রেখে খেয়াছিল দুধের বাটি ॥"
s0249,song,ভাল ভাবীর কাছে ভাব শিখেছি।,,False,1,,40,4,জন্মোৎসব রাত্রে গিরিশ প্রভৃতি ভক্তসঙ্গে প্রেমানন্দে,"১৮৮৫, ২২শে ফেব্রুয়ারি",1885-02-22,https://www.ramakrishnavivekananda.info/kathamrita/unicodekathamrita/40_d_withgirish_736_738.html,"ের মত। তখন সূর্যের আলো কোথায়? শ্রীযুত গিরিশ ঘোষ আসিয়া দাঁড়াইলেন; ঠাকুর গান গাহিতেছেন:  ঠাকুর মাতোয়ারা হইয়া, দাঁড়াইয়া দাঁড়াইয়া গিরিশের গায়ে হাত দিয়া গান গাহিতেছেন:  গান - এবার আমি ভাল ভেবেছি","ভাল ভাবীর কাছে ভাব শিখেছি।
যে দেশে রজনী নাই মা সেই দেশের এক লোক পেয়েছি,
আমি কিবা দিবা কিবা সন্ধ্যা সন্ধ্যারে বন্ধ্যা করেছি।
নূপুরে মিশায়ে তাল সেই তালের এক গীত শিখেছি,
তাধ্রিম তাধ্রিম বাজছে সে তাল নিমিরে ওস্তাদ করেছি।
ঘুম ভেঙেছে আর কি ঘুমাই, যোগে যাগে জেগে আছি,
যোগনিদ্রা তোরে দিয়ে মা, ঘুমেরে ঘুম পাড়ায়েছি।
প্রসাদ বলে ভুক্তি মুক্তি উভয়ে মাথায় রেখেছি,
আমি কালী ব্রহ্ম জেনে মর্ম ধর্মাধর্ম সব ছেড়েছি।"
s0250,song,আমি দেহ বেচে ভবের হাটে শ্রীদুর্গানাম কিনে এনেছি।,,True,1,ঠাকুর,40,4,জন্মোৎসব রাত্রে গিরিশ প্রভৃতি ভক্তসঙ্গে প্রেমানন্দে,"১৮৮৫, ২২শে ফেব্রুয়ারি",1885-02-22,https://www.ramakrishnavivekananda.info/kathamrita/unicodekathamrita/40_d_withgirish_736_738.html,গায়ে হাত দিয়া গান গাহিতেছেন:  গান - এবার আমি ভাল ভেবেছি  গিরিশকে দেখিতে দেখিতে যেন ঠাকুরের ভাবোল্লাস আরও বাড়িতেছে। তিনি দাঁড়াইয়া দাঁড়াইয়া আবার গাহিতেছেন:  ঠাকুর ভাবে মত্ত হইয়া আবার গাহিতেছেন:,আমি দেহ বেচে ভবের হাটে শ্রীদুর্গানাম কিনে এনেছি।
s0251,verse,নারাধিতো যদি হরিস্তপসা ততঃ কিম্‌ ॥,,False,1,,42,1,দোলযাত্রাদিবসে শ্রীরামকৃষ্ণ দক্ষিণেশ্বরে ভক্তসঙ্গে,"১৮৮৫, ১লা মার্চ",1885-03-01,https://www.ramakrishnavivekananda.info/kathamrita/unicodekathamrita/42_a_dakshineshwar_748_749.html,"চৈতন্য, মাস্টার প্রভৃতি অনেকে বসিয়া আছেন। ভক্তেরা একদৃষ্টে দেখিতেছেন। সমাধি ভঙ্গ হইল। ভাবের পূর্ণমাত্রা। ঠাকুর মহিমাচরণকে বলিতেছেন – ‘বাবু’, হরিভক্তির কথা — মহিমা - আরাধিতো যদি হরিস্তপসা ততঃ কিম্‌ ৷","নারাধিতো যদি হরিস্তপসা ততঃ কিম্‌ ॥
অন্তর্বহির্যদি হরিস্তপসা ততঃ কিম্‌ ৷
নান্তর্বহির্যদি হরিস্তপসা ততঃ কিম্‌ ॥
বিরম বিরম ব্রহ্মন্‌ কিং তপস্যাসু বৎস ৷
ব্রজ ব্রজ দ্বিজ শীঘ্রং শঙ্করং জ্ঞানসিন্ধুম্‌ ॥
লভ লভ হরিভক্তিং বৈষ্ণবোক্তাং সুপক্কাম্‌ ৷
ভবনিগড়নিবন্ধচ্ছেদনীং কর্তরীঞ্চ ॥"
s0252,verse,"হে চনদ্রচূড় মদনান্তক শূলপাণে, স্থাণো গিরিশ গিরিজেশ মহেশ শম্ভো।",,False,1,,42,3,শ্রীশ্রীদোলযাত্রা ও শ্রীরামকৃষ্ণের ৺রাধাকান্ত ও মা-কালীকে ও ভক্তদিগের গায়ে আবির প্রদান,"১৮৮৫, ১লা মার্চ",1885-03-01,https://www.ramakrishnavivekananda.info/kathamrita/unicodekathamrita/42_c_doljatra_753_755.html,"ি মহানির্বাণ তন্ত্র, তৃতীয় উল্লাস হইতে স্তব বলিতেছেন —  [গৃহস্থের প্রতি অভয় ] আরও দু-একটি স্তবের পর মহিমাচরণ শঙ্করাচার্যের স্তব বলিতেছেন, তাহাতে সংসারকূপের, সংসারগহনের কথা আছে। মহিমাচরণ সংসারী ভক্ত।","হে চনদ্রচূড় মদনান্তক শূলপাণে, স্থাণো গিরিশ গিরিজেশ মহেশ শম্ভো।
ভূতেশ ভীতভয়সূদনং মামনাথং, সংসারদুঃখগহনাজ্জগদীশ রক্ষ ॥
হে পার্বতী-হৃদয়বল্লভ চন্দ্রমৌলে, ভূতাধিপ প্রমথনাথ গিরিশজাপ।
হে বামদেব ভব রুদ্র পিনাকপাণে, সংসারদুঃখগহনাজ্জগদীশ রক্ষ ॥ . . . . ইত্যাদি"
s0253,song,"কেশব কুরু করুণা দীনে, কুঞ্জকাননচারী।",,False,2,শ্রীযুক্ত তারাপদ | ছোকরারা,43,3,ভক্তসঙ্গে ভজনানন্দে,"১৮৮৫, ১১ই মার্চ",1885-03-11,https://www.ramakrishnavivekananda.info/kathamrita/unicodekathamrita/43_c_withdevotees_771_774.html,"১৮৮৫, ১১ই মার্চ ভক্তসঙ্গে ভজনানন্দে ঠাকুর গান শুনিবেন ইচ্ছা প্রকাশ করিলেন। বলরামের বৈঠকখানায় একঘর লোক। সকলেই তাঁহার পানে চাহিয়া আছেন — কি বলেন শুনিবেন, কি করেন দেখিবেন। শ্রীযুক্ত তারাপদ গাহিতেছেন:","কেশব কুরু করুণাদীনে কুঞ্জকাননচারী
মাধব মনোমোহন মোহন মুরলীধারী।
(হরিবোল, হরিবোল, হরিবোল, মন আমার) ॥
ব্রজকিশোর, কালীয়হর কাতরভয়ভঞ্জন,
নয়ন-বাঁকা, বাঁকা-শিখিপাখা, রাধিকা-হৃদিরঞ্জন;
গোবর্ধনধারণ, বনকুসুমভূষণ, দামোদর কংসদর্পহারী।
শ্যাম রাসরসবিহারী।
(হরিবোল, হরিবোল, হরিবোল, মন আমার) ॥"
s0254,song,"কিশোরীর প্রেম নিবি আয়, প্রেমের জুয়ার বয়ে যায়।",,False,2,,43,3,ভক্তসঙ্গে ভজনানন্দে,"১৮৮৫, ১১ই মার্চ",1885-03-11,https://www.ramakrishnavivekananda.info/kathamrita/unicodekathamrita/43_c_withdevotees_771_774.html,"তুমিই কি সব গান বেঁধেছ? একজন ভক্ত — হাঁ, উনিই চৈতন্যলীলার সব গান বেঁধেছেন। শ্রীরামকৃষ্ণ (গিরিশের প্রতি) — এ গানটি খুব উতরেছে। (গায়কের প্রতি) — “নিতাই-এর গান গাইতে পারো?” আবার গান হইল, নিতাই গেয়েছেন:","কিশোরীর প্রেম নিবি আয়, প্রেমের জুয়ারে বয়ে যায়।
বহিছে রে প্রেম শতধারে, যে যত চায় তত পায় ॥
প্রেমের কিশোরী প্রেম বিলায় সাধ করি,
রাধার প্রেমে বল রে হরি।
প্রেমে প্রাণ মত্ত করে, প্রেম তরঙ্গে প্রাণ নাচায়,
রাধার প্রেমে হরি বলে, আয় আয় আয় আয় ॥"
s0255,song,কার ভাবে গৌর বেশে জুড়ালে হে প্রাণ।,,False,1,,43,3,ভক্তসঙ্গে ভজনানন্দে,"১৮৮৫, ১১ই মার্চ",1885-03-11,https://www.ramakrishnavivekananda.info/kathamrita/unicodekathamrita/43_c_withdevotees_771_774.html,"কজন ভক্ত — হাঁ, উনিই চৈতন্যলীলার সব গান বেঁধেছেন। শ্রীরামকৃষ্ণ (গিরিশের প্রতি) — এ গানটি খুব উতরেছে। (গায়কের প্রতি) — “নিতাই-এর গান গাইতে পারো?” আবার গান হইল, নিতাই গেয়েছেন:  শ্রীগৌরাঙ্গের গান হইল —","কার ভাবে গৌর বেশে জুড়ালে হে প্রাণ।
প্রেমসাগরে উঠলো তুফান, থাকবে না আর কুল মান ॥
(মন মজালে গৌর হে)
ব্রজ মাঝে, রাখাল সাজে, চরালে গোধন;
ধরলে করে মোহন বাঁশি, মজলো গোপীর মন;
ধরে গোবর্ধন, রাখলে বৃন্দাবন,
মানের দায়ে, ধরে গোপীর পায়, ভেসে গেল চাঁদ বয়ান ॥
(মন মজালে গৌর হে)।"
s0256,verse,"হরি আপনি এসে, যোগীবেশে, করিলে নামসংকীর্তন।",,False,1,,43,4,সন্ধ্যাসমাগমে,"১৮৮৫, ১১ই মার্চ",1885-03-11,https://www.ramakrishnavivekananda.info/kathamrita/unicodekathamrita/43_d_dusk_774_775.html,"ও।” মণি ভাবিতেছেন — ত্রিসন্ধ্যা যিনি তাঁর নাম করিতেছেন — যাঁর শ্রীমুখবিনিঃসৃত নামগঙ্গা তৈলধারার ন্যায় নিরবছিন্না, তাঁর আবার সন্ধ্যা কি? মণি পরে বুঝিলেন, লোকশিক্ষার জন্য ঠাকুর মানবদেহ ধারণ করিয়াছেন —","“হরি আপনি এসে, যোগীবেশে, করিলে নামসংকীর্তন।”"
s0257,song,সব দুঃখ দূর করিলে দরশন দিয়ে — মোহিলে প্রাণ।,,False,2,নরেন্দ্র | আপনা-আপনি,43,9,সমাধিমন্দিরে — গরগরমাতোয়ারা শ্রীরামকৃষ্ণ,"১৮৮৫, ১১ই মার্চ",1885-03-11,https://www.ramakrishnavivekananda.info/kathamrita/unicodekathamrita/43_i_samadhi_780_782.html,"কথা বলিতে বলিতে হঠাৎ হুঙ্কার দিয়া দণ্ডায়মান! আবার বসিতেছেন, বসিয়া বলিতেছেন — “ওই একটা আলো আসছে দেখতে পাচ্ছি, — কিন্তু কোন দিক্‌ দিয়ে আলোটা আসছে এখনও বুঝতে পারছি না।” এইবার নরেন্দ্র গান গাহিতেছেন:","সব দুঃখ দূর করিলে দরশন দিয়ে — মোহিলে প্রাণ।
সপ্তলোক ভুলে শোক, তোমারে পাইয়ে —
কোথায় আমি অতি দীন-হীন ॥"
s0258,song,তোমারেই করিয়াছি জীবনের ধ্রুবতারা।,,False,3,তানপুরা,43,10,সেবকহৃদয়ে,"১৮৮৫, ১১ই মার্চ",1885-03-11,https://www.ramakrishnavivekananda.info/kathamrita/unicodekathamrita/43_j_indevoteesheart_782_784.html,"তার দেখেছিলেন। “যদি দপ্‌ করে তিনি না দেখান তাহলে উপায় কি? কেন, যেকালে ঠাকুর শ্রীরামকৃষ্ণ বলেছেন ও-কথা, সেকালে অবতার বিশ্বাস করব। তিনিই শিখিয়েছেন — বিশ্বাস, বিশ্বাস, বিশ্বাস! গুরুবাক্যে বিশ্বাস! আর —","“তোমারেই করিয়াছি জীবনের ধ্রুবতারা।
এ সমুদ্রে আর কভু হব নাকো পথহারা ॥”"
s0259,verse,‘পরিত্রাণায় সাধূনাং বিনাশায় চ দুষ্কৃতাম্‌।,,False,1,,43,10,সেবকহৃদয়ে,"১৮৮৫, ১১ই মার্চ",1885-03-11,https://www.ramakrishnavivekananda.info/kathamrita/unicodekathamrita/43_j_indevoteesheart_782_784.html,"নাসক্ত পাশব-স্বভাবপ্রাপ্ত মানুষকে আবার পূর্ববৎ অমৃতের অধিকারী করবে? আর তিনি মানুষরূপে সঙ্গে সঙ্গে না বেড়ালে যাঁরা তদ্‌গতান্তরাত্মা, যাঁদের ঈশ্বর বই আর কিছু ভাল লাগে না তাঁরা কি করে দিন কাটাবেন? তাই —","‘পরিত্রাণায় সাধূনাং বিনাশায় চ দুষ্কৃতাম্‌।
ধর্মসংস্থাপনার্থায় সম্ভবামি যুগে যুগে ॥’"
s0260,verse,"‘মান কয়লি তো কয়লি, আমরাও তোর মানে আছি।’",,False,1,,43,10,সেবকহৃদয়ে,"১৮৮৫, ১১ই মার্চ",1885-03-11,https://www.ramakrishnavivekananda.info/kathamrita/unicodekathamrita/43_j_indevoteesheart_782_784.html,"। ঠাকুরের দিব্যচক্ষু; তিনি দেখিলেন যে, এ অভিমান হতে পারে। তিনি যে বড় আপনার লোক, তিনি যে আপনার মা, পাতানো মা তো নন। তিনি কেন বুঝিয়ে দেন না, তিনি কেন দপ্‌ করে আলো জ্বেলে দেন না! তাই বুঝি ঠাকুর বললেন —","‘মান কয়লি তো কয়লি, আমরাও তোর মানে আছি।’"
s0261,song,রে মাধবী! আমার মাধব দে!,,False,1,,43,13,দেবেন্দ্র-ভবনে ঠাকুর কীর্তনানন্দে ও সমাধিমন্দিরে,"১৮৮৫, ৬ই এপ্রিল",1885-04-06,https://www.ramakrishnavivekananda.info/kathamrita/unicodekathamrita/43_m_atdebendrashome_789_791.html,ইয়া সংকীর্তন হইতেছে। কীর্তনিয়া গাহিতেছেন:  ঠাকুর গান শুনিতে শুনিতে ভাবাবিষ্ট হইয়াছেন। কীর্তনীয়া শ্রীকৃষ্ণবিরহবিধুরা ব্রজগোপীর অবস্থা বর্ণনা করিতেছেন। ব্রজগোপী মাধবীকুঞ্জে মাধবের অন্বেষণ করিতেছেন —,"রে মাধবী! আমার মাধব দে!
(দে দে দে, মাধব দে!)
আমার মাধব আমায় দে, দিয়ে বিনামূল্যে কিনে নে।
মীনের জীবন, জীবন যেমন, আমার জীবন মাধব তেমন।
(তুই লুকাইয়ে রেখেছিস, ও মাধবী!)
(অবলা সরলা পেয়ে!) (আমি বাঁচি না, বাঁচি না)
(মাধবী, ও মাধবী, মাধব বিনে) (মাধব অদর্শনে)।"
s0262,song,সহজ মানুষ না হলে সজকে না যায় চেনা।,,False,1,কয়টি,43,14,ঠাকুর শ্রীরামকৃষ্ণ দেবেন্দ্রের বাটীতে ভক্তসঙ্গে,"১৮৮৫, ৬ই এপ্রিল",1885-04-06,https://www.ramakrishnavivekananda.info/kathamrita/unicodekathamrita/43_n_atdebendrashome_791_792.html,"ন — “বেশ মেয়েরা, পাড়াগেঁয়ে মেয়ে কি না। খুব ভক্তি!” ঠাকুর আত্মারাম? নিজের আনন্দে গান গাহিতেছেন! কি ভাবে গান গাহিতেছেন? নিজের অবস্থা স্মরণ করিয়া তাঁহার কি ভাবোল্লাস হইল? তাই কি গান কয়টি গাহিতেছেন?",সহজ মানুষ না হলে সজকে না যায় চেনা।
s0263,song,"দরবেশ দাঁড়ারে, সাধের করওয়া কিস্তিধারী।",,False,1,কয়টি,43,14,ঠাকুর শ্রীরামকৃষ্ণ দেবেন্দ্রের বাটীতে ভক্তসঙ্গে,"১৮৮৫, ৬ই এপ্রিল",1885-04-06,https://www.ramakrishnavivekananda.info/kathamrita/unicodekathamrita/43_n_atdebendrashome_791_792.html,"— “বেশ মেয়েরা, পাড়াগেঁয়ে মেয়ে কি না। খুব ভক্তি!” ঠাকুর আত্মারাম? নিজের আনন্দে গান গাহিতেছেন! কি ভাবে গান গাহিতেছেন? নিজের অবস্থা স্মরণ করিয়া তাঁহার কি ভাবোল্লাস হইল? তাই কি গান কয়টি গাহিতেছেন?","দরবেশ দাঁড়ারে, সাধের করওয়া কিস্তিধারী।
দাঁড়ারে, ও তোর ভাব (রূপ) নেহারি ॥"
s0264,song,এসেছেন এক ভাবের ফকির।,,False,1,কয়টি,43,14,ঠাকুর শ্রীরামকৃষ্ণ দেবেন্দ্রের বাটীতে ভক্তসঙ্গে,"১৮৮৫, ৬ই এপ্রিল",1885-04-06,https://www.ramakrishnavivekananda.info/kathamrita/unicodekathamrita/43_n_atdebendrashome_791_792.html,"— “বেশ মেয়েরা, পাড়াগেঁয়ে মেয়ে কি না। খুব ভক্তি!” ঠাকুর আত্মারাম? নিজের আনন্দে গান গাহিতেছেন! কি ভাবে গান গাহিতেছেন? নিজের অবস্থা স্মরণ করিয়া তাঁহার কি ভাবোল্লাস হইল? তাই কি গান কয়টি গাহিতেছেন?","এসেছেন এক ভাবের ফকির।
(ও সে) হিঁদুর ঠাকুর, মুসলমানর পীর ॥"
s0265,song,মন একবার হরি বল হরি বল হরি বল।,,False,3,ত্রৈলোক্য | ব্রাহ্মভক্তেরা | ব্রাহ্মভক্তগণ,44,5,সংকীর্তনানন্দে ভক্তসঙ্গে,"১৮৮৫, ১২ই এপ্রিল",1885-04-12,https://www.ramakrishnavivekananda.info/kathamrita/unicodekathamrita/44_e_kirtanwithdevotees_804_807.html,", “দেখ, দেখ, কি গভীর ধ্যান! একেবারে বাহ্যশূন্য!” গান সমাপ্ত হইল। ঠাকুর ত্রৈলোক্যকে এই গানটি গাইতে বলিলেন — ‘দে মা পাগল করে, আর কাজ নাই জ্ঞান বিচারে।’ রাম বলিতেছেন, কিছু হরিনাম হোক! ত্রৈলোক্য গাইতেছেন:","মন একবার হরি বল হরি বল হরি বল।
হরি হরি হরি বলে ভবসিন্ধু পারে চল ॥
জলে হরি, স্থলে হরি, চন্দ্রে হরি, সূর্যে হরি,
অনলে অনিলে হরি, হরিময় এ ভূমণ্ডল ॥"
s0266,song,"জয় শচীনন্দন, গৌর গুণাকার, প্রেম-পরশমণি, ভাব-রস-সাগর।",,False,1,ত্রৈলোক্য,44,5,সংকীর্তনানন্দে ভক্তসঙ্গে,"১৮৮৫, ১২ই এপ্রিল",1885-04-12,https://www.ramakrishnavivekananda.info/kathamrita/unicodekathamrita/44_e_kirtanwithdevotees_804_807.html,"সিয়া উপস্থিত। ঠাকুর ত্রৈলোক্যের সহিত আলাপ করিয়া দিতেছেন; আর বলিতেছেন, ‘একটু আলাপ তোমরা কর।’ একটু আলাপের পর ত্রৈলোক্যকে বলিতেছেন, ‘সেই গানটি আর একবার,’ — ত্রৈলোক্য গাইতেছেন: [ঝিঁঝিট খাম্বাজ — ঠুংরী ]","জয় শচীনন্দন, গৌর গুণাকার, প্রেম-পরশমণি, ভাব-রস-সাগর।
কিবা সুন্দর মুরতিমোহন আঁখিরঞ্জন কনকবরণ,
কিবা মৃণালনিন্দিত, আজানুলম্বিত, প্রেম প্রসারিত, কোমল যুগল কর
কিবা রুচির বদন-কমল, প্রেমরসে ঢল ঢল,
চিকুর কুন্তল, চারু গণ্ডস্থল, হরিপ্রেমে বিহ্বল, অপরূপ মনোহর।
মহাভাবে মণ্ডিত হরি রসে রঞ্জিত, আনন্দে পুলকিত অঙ্গ,
প্রমত্ত মাতঙ্গ, সোনার গৌরাঙ্গ,
আবেশে বিভোর অঙ্গ, অনুরাগে গরগর।
হরিগুণগায়ক, প্রেমরস নায়ক,
সাধু-হৃদিরঞ্জক, আলোকসামান্য, ভক্তিসিন্ধু শ্রীচৈতন্য,
আহা! ‘ভাই’ বলি চণ্ডালে, প্রেমভরে লন কোলে,
নাচেন দুবাহু তুলে, হরি বোল হরি বলে,
অবিরল ঝরে জলে নয়নে নিরন্তর!
‘কোথা হরি প্রাণধন’ — বলে করে রোদন,
মহাস্বেদ কম্পন, হুঙ্কার গর্জন,
পুলকে রোমাঞ্চিত, শরীর কদম্বিত,
ধুলায় বিলুণ্ঠিত সুন্দর কলেবর।
হরি-লীলা-রস-নিকেতন, ভক্তিরস-প্রস্রবণ;
দীনজনবান্ধব, বঙ্গের গৌরব, ধন্য ধন্য শ্রীচৈতন্য প্রেম শশধর।"
s0267,song,আরে মোর গোরা দ্বিজমণি।,,False,1,পূর্বরাগ,45,4,ঠাকুর কীর্তনানন্দে,"১৮৮৫, ২৪শে এপ্রিল",1885-04-24,https://www.ramakrishnavivekananda.info/kathamrita/unicodekathamrita/45_d_kirtan_815_817.html,"র ইঙ্গিত হইলেই কীর্তন আরম্ভ হয়। ঠাকুর অনুমতি দিলেন। রাম (শ্রীরামকৃষ্ণের প্রতি) — আপনি বলুন এরা কি গাইবে? শ্রীরামকৃষ্ণ — আমি কি বলব? — (একটু চিন্তা করিয়া) আচ্ছা, অনুরাগ। কীর্তনিয়া পূর্বরাগ গাইতেছেন:","আরে মোর গোরা দ্বিজমণি।
রাধা রাধা বলি কান্দে, লোটায় ধরণী ॥
রাধানাম জপে গোরা পরম যতনে।
সুরধুনী ধারা বহে অরুণ নয়নে ॥
ক্ষণে ক্ষণে গোরা অক্ষগ ভূমে গড়ি যায়।
রাধানাম বলি ক্ষণে ক্ষণে মুরছায় ॥
পুলকে পুরল তনু গদ গদ বোল।
বাসু কহে গোরা কেন এত উতরোল ॥"
s0268,song,কহ কহ সুবদনী রাধে! কি তোর হইল বিরোধে ॥,,False,1,,45,4,ঠাকুর কীর্তনানন্দে,"১৮৮৫, ২৪শে এপ্রিল",1885-04-24,https://www.ramakrishnavivekananda.info/kathamrita/unicodekathamrita/45_d_kirtan_815_817.html,"— (একটু চিন্তা করিয়া) আচ্ছা, অনুরাগ। কীর্তনিয়া পূর্বরাগ গাইতেছেন:  কীর্তন চলিতে লাগিল। যমুনাতটে প্রথম কৃষ্ণদর্শন অবধি শ্রীমতীর অবস্থা সখীগণ বলিতেছেন:  কীর্তন চলিতে লাগিল — শ্রীমতীকে সখীগণ বলিতেছেন:","কহ কহ সুবদনী রাধে! কি তোর হইল বিরোধে ॥
কেন তোরে আনমন দেখি। কাহে নখে ক্ষিতি তলে লিখি ॥
হেমকান্তি ঝামর হৈল। রাঙ্গাবাস খসিয়া পড়িল ॥
আঁখিযুগ অরুণ হইল। মুখপদ্ম শুকাইয়া গেল ॥
এমন হইল কি লাগিয়া। না কহিলে ফাটি যায় হিয়া ॥
এত শুনি কহে ধনি রাই। শ্রীযদুনন্দন মুখ চাই ॥"
s0269,song,"কদম্বের বনে, থাকে কোন্‌ জনে, কেমন শবদ্‌ আসি।",,False,1,,45,4,ঠাকুর কীর্তনানন্দে,"১৮৮৫, ২৪শে এপ্রিল",1885-04-24,https://www.ramakrishnavivekananda.info/kathamrita/unicodekathamrita/45_d_kirtan_815_817.html,কৃষ্ণদর্শন অবধি শ্রীমতীর অবস্থা সখীগণ বলিতেছেন:  কীর্তন চলিতে লাগিল — শ্রীমতীকে সখীগণ বলিতেছেন:  কীর্তনিয়া আবার গাইল — শ্রীমতী বংশীধ্বনি শুনিয়া পাগলের ন্যায় হইয়াছেন। সখীগণের প্রতি শ্রীমতীর উক্তি:,"কদম্বের বনে, থাকে কোন্‌ জনে, কেমন শবদ্‌ আসি।
এক আচম্বিতে, শ্রবণের পথে, মরমে রহল পশি ॥
সান্ধায়ে মরমে, ঘুচায়া ধরমে, করিল পাগলি পারা।
চিত স্থির নহে, শোয়াস বারহে, নয়নে বহয়ে ধারা ॥
কি জানি কেমন, সেই কোন জন, এমন শবদ্‌ করে।
না দেখি তাহারে, হৃদয় বিদরে, রহিতে না পারি ঘরে ॥
পরাণ না ধরে, কন কন করে, রহে দরশন আশে।
যবহুঁ দেখিবে, পরাণ পাইবে, কহয়ে উদ্ধব দাসে ॥"
s0270,verse,"পহিলে শুনিনু, অপরূপ ধ্বনি, কদম্ব কানন হৈতে। তারপর দিনে, ভাটের বর্ণনে, শুনি চমকিত চিতে ॥",,False,1,,45,4,ঠাকুর কীর্তনানন্দে,"১৮৮৫, ২৪শে এপ্রিল",1885-04-24,https://www.ramakrishnavivekananda.info/kathamrita/unicodekathamrita/45_d_kirtan_815_817.html,গণ বলিতেছেন:  কীর্তনিয়া আবার গাইল — শ্রীমতী বংশীধ্বনি শুনিয়া পাগলের ন্যায় হইয়াছেন। সখীগণের প্রতি শ্রীমতীর উক্তি:  গান চলিতে লাগিল। শ্রীমতীর কৃষ্ণদর্শন জন্য প্রাণ ব্যাকুল হইয়াছে। শ্রীমতী বলিতেছেন:,"পহিলে শুনিনু, অপরূপ ধ্বনি, কদম্ব কানন হৈতে। তারপর দিনে, ভাটের বর্ণনে, শুনি চমকিত চিতে ॥
আর একদিন, মোর প্রাণ-সখী কহিলে যাহার নাম,
(আহা সকল মাধুর্যময় কৃষ্ণ নাম)।
গুণিগণ গানে, শুনিনু শ্রবণে, তাহার এ গুণগ্রাম ॥
সহজে অবলা, তাহে কুলবালা, গুরুজন জ্বালা ঘরে।
সে হেন নাগরে, আরতি বাঢ়য়ে, কেমনে পরাণ ধরে।
ভাবিয়া চিন্তিয়া, মনে দঢ়াইনু, পরাণ বহিবার নয়।
কহত উপায় কৈছে মিলয়ে, দাস উদ্ধবে কয় ॥"
s0271,song,যে দেখেছি যমুনাতটে। সেই দেখি এই চিত্রপটে ॥,,False,1,,45,4,ঠাকুর কীর্তনানন্দে,"১৮৮৫, ২৪শে এপ্রিল",1885-04-24,https://www.ramakrishnavivekananda.info/kathamrita/unicodekathamrita/45_d_kirtan_815_817.html,"িয়া গিয়া একখানি চিত্রপট আনিয়া শ্রীমতীর সম্মুখে ধরিলেন। চিত্রপটে সেই ভুবনরঞ্জনরূপ। শ্রীমতী পটদর্শনে বলিলেন, এই পটে যাঁকে দেখছি, তাঁকে যমুনাতটে দেখা অবধি আমার এই দশা হয়েছে। কীর্তন — শ্রীমতির উক্তি —","যে দেখেছি যমুনাতটে। সেই দেখি এই চিত্রপটে ॥
যার নাম কহিল বিশাখা। সেই এই পটে আছে লেখা ॥
যাহার মুরলী ধ্বনি। সেই বটে এই রসিকমণি ॥
আধমুখে যার গুণ গাঁথা। দূতীমুখে শুনি যার কথা ॥
এই মোর হইয়াছে প্রাণ। ইহা বিনে কেহ নহে আন ॥
এত কহি মূরছি পড়য়ে। সখীগণ ধরিয়া তোলয়ে ॥
পুনঃ কহে পাইয়া চেতনে। কি দেখিনু দেখায় সে জনে ॥
সখীগণ করয়ে আশ্বাস। ভণে ঘনশ্যাম দাস ॥"
s0272,song,পরবত পাথার।,,False,1,নরেন্দ্র,46,3,শ্রীরামকৃষ্ণ ও কর্ম — তাঁহার ব্রহ্মজ্ঞানের অবস্থা,"১৮৮৫, ৯ই মে",1885-05-09,https://www.ramakrishnavivekananda.info/kathamrita/unicodekathamrita/46_c_ramakrishnaandkarma_827_831.html,ে তোমাকে খবর দিলে! পূর্ণ — সারদা শ্রীরামকৃষ্ণ (উপস্থিত মেয়ে ভক্তদের প্রতি) — ওগো একে (পূর্ণকে) একটু জলখাবার দাও তো। এইবার নরেন্দ্র গান গাইবেন। ঠাকুর শ্রীরামকৃষ্ণ ও ভক্তেরা শুনিবেন। নরেন্দ্র গাইতেছেন:,"পরবত পাথার।
ব্যোমে জাগো রুদ্র উদ্যত বাজ।
দেব দেব মহাদেব, কাল কাল মহাকাল,
ধর্মরাজ শঙ্কর শিব তার হর পাপ।"
s0273,song,"বিপদভয় বারণ, যে করে ওরে মন, তাঁরে কেন ডাক না;",,False,1,নরেন্দ্র,46,3,শ্রীরামকৃষ্ণ ও কর্ম — তাঁহার ব্রহ্মজ্ঞানের অবস্থা,"১৮৮৫, ৯ই মে",1885-05-09,https://www.ramakrishnavivekananda.info/kathamrita/unicodekathamrita/46_c_ramakrishnaandkarma_827_831.html,তোমাকে খবর দিলে! পূর্ণ — সারদা শ্রীরামকৃষ্ণ (উপস্থিত মেয়ে ভক্তদের প্রতি) — ওগো একে (পূর্ণকে) একটু জলখাবার দাও তো। এইবার নরেন্দ্র গান গাইবেন। ঠাকুর শ্রীরামকৃষ্ণ ও ভক্তেরা শুনিবেন। নরেন্দ্র গাইতেছেন:,"বিপদভয় বারণ, যে করে ওরে মন, তাঁরে কেন ডাক না;
মিছে ভ্রমে ভুলে সদা, রয়েছ, ভবঘোরে মজি, একি বিড়ম্বনা।
এ ধন জন, না রবে হেন তাঁরে যেন ভুল না,
ছাড়ি অসার, ভজহ সার, যাবে ভব যাতনা।
এখন হিত বচন শোন, যতনে করি ধারণা;
বদন ভরি, নাম হরি, সতত কর ঘোষণা।
যদি এ-ভবে পার হবে, ছাড় বিষয় বাসনা;
সঁপিয়ে তনু হৃদয় মন, তাঁর কর সাধনা।"
s0274,song,কি ভয় সংসার শোক ঘোর বিপদ শাসনে।,,False,1,,46,3,শ্রীরামকৃষ্ণ ও কর্ম — তাঁহার ব্রহ্মজ্ঞানের অবস্থা,"১৮৮৫, ৯ই মে",1885-05-09,https://www.ramakrishnavivekananda.info/kathamrita/unicodekathamrita/46_c_ramakrishnaandkarma_827_831.html,"্ণকে) একটু জলখাবার দাও তো। এইবার নরেন্দ্র গান গাইবেন। ঠাকুর শ্রীরামকৃষ্ণ ও ভক্তেরা শুনিবেন। নরেন্দ্র গাইতেছেন:    পল্টু — এই গানটি গাইবেন? নরেন্দ্র — কোন্‌টি? পল্টু — দেখিলে তোমার সেই অতুল প্রেম-আননে,",কি ভয় সংসার শোক ঘোর বিপদ শাসনে।
s0275,song,"দেখিলে তোমার সেই অতুল প্রেম-আননে,",,False,1,নরেন্দ্র সেই গানটি,46,3,শ্রীরামকৃষ্ণ ও কর্ম — তাঁহার ব্রহ্মজ্ঞানের অবস্থা,"১৮৮৫, ৯ই মে",1885-05-09,https://www.ramakrishnavivekananda.info/kathamrita/unicodekathamrita/46_c_ramakrishnaandkarma_827_831.html,"র নরেন্দ্র গান গাইবেন। ঠাকুর শ্রীরামকৃষ্ণ ও ভক্তেরা শুনিবেন। নরেন্দ্র গাইতেছেন:    পল্টু — এই গানটি গাইবেন? নরেন্দ্র — কোন্‌টি? পল্টু — দেখিলে তোমার সেই অতুল প্রেম-আননে,  নরেন্দ্র সেই গানটি গাহিতেছেন:","দেখিলে তোমার সেই অতুল প্রেম-আননে,
কি ভয় সংসার শোক ঘোর বিপদ শাসনে।
অরুণ উদয়ে আঁধার যেমন যায় জগৎ ছাড়িয়ে,
তেমনি দেব তোমার জ্যোতিঃ মঙ্গলময় বিরাজিলে,
ভকত হৃদয় বীতশোক তোমার মধুর সান্ত্বনে।
তোমার করুণা, তোমার প্রেম, হৃদয়ে প্রভু ভাবিলে,
উথলে হৃদয় নয়ন বারি রাখে কে নিবারিয়ে?
জয় করুণাময়, জয় করুণাময় তোমার প্রেম গাইয়ে,
যায় যদি যাক্‌ প্রাণ তোমার কর্ম সাধনে।"
s0276,song,হরিরসমদিরা পিয়ে মম মানস মাতোরে।,,False,4,একবার সেই গানটি,46,3,শ্রীরামকৃষ্ণ ও কর্ম — তাঁহার ব্রহ্মজ্ঞানের অবস্থা,"১৮৮৫, ৯ই মে",1885-05-09,https://www.ramakrishnavivekananda.info/kathamrita/unicodekathamrita/46_c_ramakrishnaandkarma_827_831.html,"— এই গানটি গাইবেন? নরেন্দ্র — কোন্‌টি? পল্টু — দেখিলে তোমার সেই অতুল প্রেম-আননে,  নরেন্দ্র সেই গানটি গাহিতেছেন:  মাস্টারের অনুরোধে আবার গাইতেছেন। মাস্টার ও ভক্তেরা অনেকে হাতজোড় করিয়া গান শুনিতেছেন।","হরিরসমদিরা পিয়ে মম মানস মাতোরে।
একবার লুটহ অবনীতল, হরি হরি বলি কাঁদ রে।
(গতি কর কর বলে)।
গভীর নিনাদে হরিনামে গগন ছাও রে,
নাচো হরি বলে দুবাহু তুলে, হরিনাম বিলাও রে।
(লোকের দ্বারে দ্বারে)।
হরিপ্রেমানন্দরসে অনুদিন ভাস রে,
গাও হরিনাম, হও পূর্ণকাম, নীচ বাসনা নাশ রে।।"
s0277,song,চমৎকার অপার জগৎ রচলা তোমার।,,False,3,,46,3,শ্রীরামকৃষ্ণ ও কর্ম — তাঁহার ব্রহ্মজ্ঞানের অবস্থা,"১৮৮৫, ৯ই মে",1885-05-09,https://www.ramakrishnavivekananda.info/kathamrita/unicodekathamrita/46_c_ramakrishnaandkarma_827_831.html,"এই গানটি গাইবেন? নরেন্দ্র — কোন্‌টি? পল্টু — দেখিলে তোমার সেই অতুল প্রেম-আননে,  নরেন্দ্র সেই গানটি গাহিতেছেন:  মাস্টারের অনুরোধে আবার গাইতেছেন। মাস্টার ও ভক্তেরা অনেকে হাতজোড় করিয়া গান শুনিতেছেন।","চমৎকার অপার জগৎ রচনা তোমার,
শোভার আগার বিশ্ব সংসার।
অযুত তারকা চমকে রতন-কাঞ্চন-হার
কত চন্দ্র কত সূর্য নাহি অন্ত তার।
শোভে বসুন্ধরা ধনধান্যময়, হায় পূর্ণ তোমার ভাণ্ডার
হে মহেশ, অগণনলোক গায় ধন্য ধন্য এ গীতি অনিবার।"
s0278,song,"সেই এক পুরাতনে, পুরুষ নিরঞ্জনে, চিত্ত সমাধান কর রে।",,False,1,,46,3,শ্রীরামকৃষ্ণ ও কর্ম — তাঁহার ব্রহ্মজ্ঞানের অবস্থা,"১৮৮৫, ৯ই মে",1885-05-09,https://www.ramakrishnavivekananda.info/kathamrita/unicodekathamrita/46_c_ramakrishnaandkarma_827_831.html,"ই গানটি গাইবেন? নরেন্দ্র — কোন্‌টি? পল্টু — দেখিলে তোমার সেই অতুল প্রেম-আননে,  নরেন্দ্র সেই গানটি গাহিতেছেন:  মাস্টারের অনুরোধে আবার গাইতেছেন। মাস্টার ও ভক্তেরা অনেকে হাতজোড় করিয়া গান শুনিতেছেন।","সেই এক পুরাতনে, পুরুষ নিরঞ্জনে, চিত্ত সমাধান কর রে।"
s0279,song,"এসো মা এসো মা, ও হৃদয়-রমা, পরাণ-পুতলী গো।",,False,2,নরেন্দ্র | তানপুরা,46,3,শ্রীরামকৃষ্ণ ও কর্ম — তাঁহার ব্রহ্মজ্ঞানের অবস্থা,"১৮৮৫, ৯ই মে",1885-05-09,https://www.ramakrishnavivekananda.info/kathamrita/unicodekathamrita/46_c_ramakrishnaandkarma_827_831.html,"— দেখিলে তোমার সেই অতুল প্রেম-আননে,  নরেন্দ্র সেই গানটি গাহিতেছেন:  মাস্টারের অনুরোধে আবার গাইতেছেন। মাস্টার ও ভক্তেরা অনেকে হাতজোড় করিয়া গান শুনিতেছেন।      নারাণের অনুরোধে আবার নরেন্দ্র গাইতেছেন:","এসো মা এসো মা, ও হৃদয়-রমা, পরাণ-পুতলী গো।
হৃদয়-আসনে, হও মা আসীন, নিরখি তোরে গো ॥
আছি জন্মাবধি তোর মুখ চেয়ে,
জান মা জননী কি দুখ পেয়ে,
একবার হৃদয়কমল বিকাশ করিয়ে,
প্রকাশ তাহে আনন্দময়ী ॥"
s0280,song,"তুঝ্‌সে হাম্‌নে দিল্‌কো লাগায়া, যো কুছ্‌ হ্যায় সব্‌ তুঁহি হ্যায় ॥",,False,2,নরেন্দ্র ওই গানটি,48,4,অহংকারই বিনাশের কারণ ও ঈশ্বরলাভের বিঘ্ন,"১৮৮৫, ১৩ই জুন",1885-06-13,https://www.ramakrishnavivekananda.info/kathamrita/unicodekathamrita/48_d_selfishness_848_854.html,"ু হতে যায়! — শিষ্য পাওয়া যায় না!” ত্রৈলোক্য ছোট খাটটির উত্তরে ধারে মেঝেতে বসিয়াছিলেন। ত্রৈলোক্য গান গাইবেন। ঠাকুর শ্রীরামকৃষ্ণ বলিতেছেন, “আহা! তোমার কি গান!” ত্রৈলোক্য তানপুরা লইয়া গান করিতেছেন —","তুঝ্‌সে হাম্‌নে দিলকো লাগায়া, যো কুছ্‌ হ্যায় সব্‌ তুঁহি হ্যায়!।
এক তুঝ্‌কো আপ্‌না পায়া, যো কুছ হ্যায় সব্‌ তুঁহি হ্যায়।
দিল্‌কা মকাঁ সব্‌কী মকী তু, কৌন্‌সা দিল্‌ হ্যায় জিস্‌মে নহি তুঁ,
হরিয়েক্‌ দিল্‌মে তুনে সমায়া, যো কুছ্‌ হ্যায় সো তুঁহি হ্যায়।
কেয়া মলায়েক্‌ কেয়া ইন্‌সান্‌, কেয়া হিন্দু কেয়া মুসলমান্‌,
জায়্‌সা চাহা তুনে বানায়া, যো কুছ্‌ হ্যায় সো তুঁহি হ্যায়।
কাবা মে কেয়া অওর্‌ দায়ের্‌ মে কেয়া, তেরী পারাস্তিস্‌ হায়গী সাব জাঁ,
আগে তেরে সির সভোঁনে ঝুকায়া, যো কুছ্‌ হ্যায় সো তুঁহি হ্যায়।
আর্‌স্‌ সে লে ফার্স জমী তাক্‌। আওর জমীন সে আর্‌স্‌ বারী তক্‌,
যাহাঁ মায় দেখা তুহি নজর মে আয়া, যো কুছ্‌ হ্যায় সো তুঁহি হ্যায়।
সোচা সম্‌ঝা দেখা ভালা, তু জায়সা না কোই ঢুঁড়্‌ নিকালা,
আব ইয়ে সমঝ্‌ মে জাফার কী আয়া, যো কুছ্‌ হ্যায় সো তুঁহি হ্যায়।"
s0281,song,"বিফলে দিন যায় রে বীণে, শ্রীহরির সাধন বিনে।",,True,1,ঠাকুর,49,5,বলরামের রথযাত্রা — নরেন্দ্রাদি ভক্তসঙ্গে সংকীর্তনানন্দে,"১৮৮৫, ১৪ই জুলাই",1885-07-14,https://www.ramakrishnavivekananda.info/kathamrita/unicodekathamrita/49_e_balaramsrathajatra_864_866.html,"াৎ নারায়ণ বুঝি দেহধারণ করিয়া ভক্তের জন্য আসিয়াছেন। কি করে ঈশ্বরকে ভালবাসতে হয়, তাই বুঝি শিখাতে এসেছেন! নাম করিতে করিতে অনেকক্ষণ পরে সমাধিভঙ্গ হইল। ঠাকুর আসন গ্রহণ করিলে বৈষ্ণবচরণ আবার গান ধরিলেন:","বিফলে দিন যায় রে বীণে, শ্রীহরির সাধন বিনে।"
s0282,song,"মা ত্বং হি তারা, তুমি ত্রিগুণধরা পরাৎপরা।",,False,1,তানপুরা,49,6,নরেন্দ্রের গান — ঠাকুরের ভাবাবেশে নৃত্য,"১৮৮৫, ১৪ই জুলাই",1885-07-14,https://www.ramakrishnavivekananda.info/kathamrita/unicodekathamrita/49_f_narendrassong_866_867.html,ন — ঠাকুরের ভাবাবেশে নৃত্য রথাগ্রে কীর্তন ও নৃত্যের পর ঠাকুর শ্রীরামকৃষ্ণ ঘরে আসিয়া বসিয়াছেন। মণি প্রভৃতি ভক্তেরা তাঁহার পদসেবা করিতেছেন। নরেন্দ্র ভাবে পূর্ণ হইয়া তানপুরা লইয়া আবার গান গাহিতেছেন:,"মা ত্বং হি তারা, তুমি ত্রিগুণধরা পরাৎপরা।
আমি জানি গো ও দীন-দয়াময়ী, তুমি দুর্গমেতে দুখহারা ॥
তুমি সন্ধ্যা তুমি গায়ত্রী, তুমি জগদ্ধাত্রী গো মা।
তুমি অকূলের ত্রাণকর্ত্রী, সদাশিবের মনোরমা ॥
তুমি জলে, তুমি স্থলে, তুমি আদ্যমূলে গো মা।
তুমি সর্বঘটে অর্ঘপুটে, সাকার আকার নিরাকারা ॥"
s0283,song,কভু কমলে কমলে থাকো মা পূর্ণব্রহ্মসনাতনী।,,False,1,নরেন্দ্র বারবার,49,6,নরেন্দ্রের গান — ঠাকুরের ভাবাবেশে নৃত্য,"১৮৮৫, ১৪ই জুলাই",1885-07-14,https://www.ramakrishnavivekananda.info/kathamrita/unicodekathamrita/49_f_narendrassong_866_867.html,"কজন ভক্ত নরেন্দ্রকে বলিতেছেন, তুমি ওই গানটা গাইবে? —  শ্রীরামকৃষ্ণ — দূর! এখন ও-সব গান কি! এখন আনন্দের গান — ‘শ্যামা সুধা-তরঙ্গিণী।’ নরেন্দ্র গাইতেছেন:  ভাবোন্মত্ত হইয়া নরেন্দ্র বারবার গাইতে লাগিলেন:",কভু কমলে কমলে থাকো মা পূর্ণব্রহ্মসনাতনী।
s0284,song,"সকলি তোমার ইচ্ছা, ইচ্ছাময়ী তারা তুমি।",,True,2,ঠাকুর | মণি,50,2,শ্রীযুক্ত নন্দ বসুর বাটীতে শুভাগমন,"১৮৮৫, ২৮শে জুলাই",1885-07-28,https://www.ramakrishnavivekananda.info/kathamrita/unicodekathamrita/50_b_nandabosu_876_881.html,"ন। একজন জিজ্ঞাসা করেছিল, ঈশ্বর সৃষ্টি কেন করলেন, তাতে বলেছিলেন যে, যে মিটিং-এ তিনি সৃষ্টির মতলব করেছিলেন, সে মিটিং-এ আমি ছিলাম না। (সকলের হাস্য) শ্রীরামকৃষ্ণ — তাঁর খুশি। এই বলিয়া ঠাকুর গান গাইতেছেন:","সকলি তোমার ইচ্ছা, ইচ্ছাময়ী তারা তুমি।
তোমার কর্ম তুমি কর মা, লোকে বলে করি আমি।
পঙ্কে বদ্ধ কর করী, পঙ্গুরে লঙ্ঘাও গিরি,
কারে দাও মা! ব্রহ্মপদ, কারে কর অধোগামী ॥
আমি যন্ত্র তুমি যন্ত্রী, আমি ঘর তুমি ঘরণী।
আমি রথ তুমি রথী, যেমন চালাও তেমনি চলি ॥"
s0285,song,ভবসিন্ধু মাঝে মন উঠছে ডুবছে কত তরী!,,False,1,,50,2,শ্রীযুক্ত নন্দ বসুর বাটীতে শুভাগমন,"১৮৮৫, ২৮শে জুলাই",1885-07-28,https://www.ramakrishnavivekananda.info/kathamrita/unicodekathamrita/50_b_nandabosu_876_881.html,"ী! এই সৃষ্টি-স্থিতি-প্রলয়ের লীলা করছেন। অসংখ্য জীব, তার মধ্যে দু-একটি মুক্ত হয়ে যাচ্ছে, — তাতেও আনন্দ। ‘ঘুড়ির লক্ষের দুটো-একটা কাটে, হেসে দাও মা হাত চাপড়ি’। কেউ সংসারে বদ্ধ হচ্ছে, কেউ মুক্ত হচ্ছে।",“ভবসিন্ধু মাঝে মন উঠছে ডুবছে কত তরী!”
s0286,song,এস মা জীবন উমা — ইত্যাদি।,,False,1,ছোকরারা,50,5,গণুর মার বাড়িতে ঠাকুর শ্রীরামকৃষ্ণ,"১৮৮৫, ২৮শে জুলাই",1885-07-28,https://www.ramakrishnavivekananda.info/kathamrita/unicodekathamrita/50_e_gonusmother_885_886.html,"। তাহাদের বসিবার সুবিধা হইতেছে না, ঠাকুর তাঁহার নিকটে শতরঞ্জিতে বসিবার জন্য তাহাদের আহ্বান করিলেন। ঠাকুর বলিতেছেন, “এর উপরেই বস না। আই আমি লিচ্ছি।” এই বলিয়া আসন গুটাইয়া লইলেন। ছোকরারা গান গাহিতেছে:",এস মা জীবন উমা — ইত্যাদি।
s0287,song,‘ডুবলো নয়ন ফিরে না এলো।,,False,1,,50,6,"গুহ্যকথা — ""তিনজনই এক""","১৮৮৫, ২৮শে জুলাই",1885-07-28,https://www.ramakrishnavivekananda.info/kathamrita/unicodekathamrita/50_f_profoundtruth_886_889.html,"আর মেরী। শ্রীরামকৃষ্ণ (উৎসুক হইয়া) — তাদের গল্প কি বল তো। মণি — যীশুকৃষ্ট তাঁদের বাড়িতে ভক্তসঙ্গে ঠিক এইরকম করে গিয়েছিলেন। একজন ভগ্নী তাঁকে দেখে ভাবোল্লাসে পরিপূর্ণ হয়েছিল। যেমন গৌরের গানে আছে, —","‘ডুবলো নয়ন ফিরে না এলো।
গৌর রূপসাগরে সাঁতার ভুলে, তলিয়ে গেল আমার মন।’"
s0288,verse,কৃষ্ণ কৃষ্ণ মহাযোগিংস্ত্বমাদ্যঃ পুরুষঃ পরঃ।,,False,1,,51,7,"ঠাকুর শ্রীরামকৃষ্ণ দক্ষিণেশ্বর-মন্দিরে রাখাল, মাস্টার, পণ্ডিত শ্যামাপদ প্রভৃতি ভক্তসঙ্গে সমাধিমন্দিরে — পণ্ডিত শ্যামাপদের প্রতি কৃপা","১৮৮৫, ২৭শে অগস্ট",1885-08-27,https://www.ramakrishnavivekananda.info/kathamrita/unicodekathamrita/51_g_atdakshineshwar_901_902.html,"ে এলাম বয়স হয়েছে — কেবল নভেলের গল্প শুনছেন! শ্রীরামকৃষ্ণ — অধ্যাত্মে আর একটি বলেছে যে, তিনিই জীবজগৎ! পণ্ডিত আনন্দিত হইয়া যমলার্জ্জুনের এই ভাবের স্তব শ্রীমদ্‌ভাগবত দশম স্কন্ধ হইতে আবৃত্তি করিতেছেন —","কৃষ্ণ কৃষ্ণ মহাযোগিংস্ত্বমাদ্যঃ পুরুষঃ পরঃ।
ব্যক্তাব্যক্তমিদং বিশ্বং রূপং তে ব্রাহ্মণা বিদুঃ ॥
ত্বমেকঃ সর্বভূতানাং দেহস্বাত্মেনিদ্রয়েশ্বরঃ।
ত্বমেব কালো ভগবান্‌ বিষ্ণুরব্যয় ঈশ্বরঃ ॥
ত্বং মহান্‌ প্রকৃতিঃ সূক্ষ্মা রজঃসত্ত্বতমোময়ী।
ত্বমেব পুরুষোঽধ্যক্ষঃ সর্বক্ষেত্রবিকারবিৎ ॥"
s0289,song,"ঘুম ভেঙেছে আর কি ঘুমাই, যোগে-যাগে জেগে আছি।",,False,1,,52,7,যুগধর্ম কথাপ্রসঙ্গে — জ্ঞানযোগ ও ভক্তিযোগ,"১৮৮৫, ২২শে অক্টোবর",1885-10-22,https://www.ramakrishnavivekananda.info/kathamrita/unicodekathamrita/52_g_yugadharma_927_933.html,"় দেখিয়ে দাও কর্মীরা কর্ম করে যা পেয়েছে, যোগীরা যোগ করে যা দেখেছে, জ্ঞানীরা বিচার করে যা জেনেছে। আরও কত কি তা কি বলব! “আহা! কি অবস্থাই গেছে! ঘুম যায়!” এই বলিয়া পরমহংসদেব গান করিয়া বলিতে লাগিলেন —","“ঘুম ভেঙেছে আর কি ঘুমাই, যোগে-যাগে জেগে আছি।
এখন যোগনিদ্রা তোরে দিয়ে মা, ঘুমেরে ঘুম পাড়ায়েছি!"
s0290,song,"আমার এই সাধের বীণে, যত্নে গাঁথা তারের হার ৷",,False,2,,52,11,পূর্ণজ্ঞান — দেহ ও আত্মা আলাদা — শ্রীমুখ-কথিত চরিতামৃত,"১৮৮৫, ২৩শে অক্টোবর",1885-10-23,https://www.ramakrishnavivekananda.info/kathamrita/unicodekathamrita/52_k_completeknowledge_940_942.html,রে ক্ষমতা চাইতে গিয়ে দেখলাম — ত্রিশ-পঁয়ত্রিশ বছরের রাঁড় — কাপড় তুলে ভড়ভড় করে হাগছে। তখন হৃদের উপর রাগ হল — কেন সে সিদ্ধাই চাইতে শিখিয়ে দিলে।” [শ্রীযুক্ত রামতারণের গান — ঠাকুরের ভাবাবস্থা ] গান:,"আমার এই সাধের বীণে, যত্নে গাঁথা তারের হার ৷
যে যত্ন জানে, বাজায় বীণে, উঠে সুধা অনিবার ॥
তানে মানে বাঁধলে ডুরী, শত ধারে বয় মাধুরী ৷
বাজে না আলগা তারে, টানে ছিঁড়ে কোমল তার ॥"
s0291,song,"জুড়াইতে চাই, কোথায় জুড়াই,",,False,4,রামতারণ প্রথমে বুদ্ধরচিত | মণি সেই,52,11,পূর্ণজ্ঞান — দেহ ও আত্মা আলাদা — শ্রীমুখ-কথিত চরিতামৃত,"১৮৮৫, ২৩শে অক্টোবর",1885-10-23,https://www.ramakrishnavivekananda.info/kathamrita/unicodekathamrita/52_k_completeknowledge_940_942.html,"ান — ঠাকুরের ভাবাবস্থা ] গান:  ডাক্তার (গিরিশের প্রতি) — গান এ-সব কি অরিজিন্যাল (নূতন)? গিরিশ — না, Edwin Arnold-এর thought (আর্নল্ড সাহেবের ভাব লয়ে গান)। রামতারণ প্রথমে বুদ্ধরচিত হইতে গান গাহিতেছেন:","জুড়াইতে চাই, কোথায় জুড়াই,
কোথা হতে আসি, কোথা ভেসে যাই।
ফিরে ফিরে আসি, কত কাঁদি হাসি,
কোথা যাই সদা ভাবি গো তাই ॥
কে খেলায়, আমি খেলি বা কেন,
জাগিয়ে ঘুমাই কুহকে যেন।
এ কেমন ঘোর, হবে নাকি ভোর,
অধীর-অধীর যেমতি সমীর, অবিরাম গতি নিয়ত ধাই ॥
জানি না কেবা, এসেছি কোথায়,
কেন বা এসেছি, কোথা নিয়ে যায়,
যাই ভেসে ভেসে কত কত দেশে,
চারিদিকে গোল ওঠে নানা রোল।
কত আসে যায়, হাসে কাঁদে গায়,
এই আছে আর তখনি নাই ॥
কি কাজে এসেছি কি কাজে গেল,
কে জানে কেমন কি খেলা হল।
প্রবাহের বারি, রহিতে কি পারি,
যাই যাই কোথা কূল কি নাই?
কর হে চেতন, কে আছ চেতন,
কতদিনে আর ভাঙিবে স্বপন?
কে আছ চেতন ঘুমাইও না আর,
দারুণ এ-ঘোর নিবিড় আঁধার।
কর তমঃ নাশ, হও হে প্রকাশ,
তোমা বিনা আর নাহিক উপায়,
তব পদে তাই শরণ চাই ॥"
s0292,song,কোঁ কোঁ কোঁ বহরে ঝড়।,,False,1,,52,11,পূর্ণজ্ঞান — দেহ ও আত্মা আলাদা — শ্রীমুখ-কথিত চরিতামৃত,"১৮৮৫, ২৩শে অক্টোবর",1885-10-23,https://www.ramakrishnavivekananda.info/kathamrita/unicodekathamrita/52_k_completeknowledge_940_942.html,"প্রতি) — গান এ-সব কি অরিজিন্যাল (নূতন)? গিরিশ — না, Edwin Arnold-এর thought (আর্নল্ড সাহেবের ভাব লয়ে গান)। রামতারণ প্রথমে বুদ্ধরচিত হইতে গান গাহিতেছেন:  এই গান শুনিতে শুনিতে ঠাকুর ভাবাবিষ্ট হইয়াছেন।",কোঁ কোঁ কোঁ বহরে ঝড়।
s0293,song,"দীনতারিণী দূরিতবারিণী, সত্ত্বরজঃতমঃ ত্রিগুণধারিণী,",,False,2,রামতারণ,52,11,পূর্ণজ্ঞান — দেহ ও আত্মা আলাদা — শ্রীমুখ-কথিত চরিতামৃত,"১৮৮৫, ২৩শে অক্টোবর",1885-10-23,https://www.ramakrishnavivekananda.info/kathamrita/unicodekathamrita/52_k_completeknowledge_940_942.html,"বলিতেছেন, “এ কি করলে! পায়েসের পর নিম ঝোল! — “যাই গাইলে — ‘কর তম নাশ’, অমনি দেখলাম সূর্য — উদয় হবা মাত্র চারদিকের অন্ধকার ঘুচে গেল! আর সেই সূর্যের পায়ে সব শরণাগত হয়ে পড়ছে!” রামতারণ আবার গাইতেছেন:","দীনতারিণী, দূরিতহারিনী, সত্ত্বরজস্তম ত্রিগুণধারিণী,
সৃজন-পালন-নিধনকারিণী, সগুণা নির্গুণা সর্বস্বরূপিণী।
ত্বংহি কালী তারা পরমাপ্রকৃতি, ত্বংহি ব্যোম ব্যোমকেশ প্রসবিনী।
ত্বংহি স্থল জল অনিল অনল, ত্বংহি ব্যোম ব্যোমকেশ প্রসবিনী।
সাংখ্য পাতঞ্জল মীমাংসক ন্যায়, তন্ন তন্ন জ্ঞানে ধ্যানে সদা ধ্যায়,
বৈশেষিক বেদান্তে ভ্রমে হয়ে ভ্রান্ত, তথাপি অদ্যাপি জানিতে পারেনি ॥
নিরুপাধি আদি অন্তরহিত, করিতে সাধক জনার হিত,
গণেশাদি পঞ্চরূপে কালবঞ্চ ভবভয়হরা ত্রিকালবর্তিনী।
সাকার সাধকে তুমি সে সাকার, নিরাকার উপাসকে নিরাকার,
কেহ কেহ কয় ব্রহ্ম জ্যোতির্ময়, সেও তুমি নগতনয়া জননী।
যে অবধি যার অভিসন্ধি হয়, সে অবধি সে পরব্রহ্ম কয়,
তৎপরে তুরীয় অনির্বচনীয়, সকলি মা তারা ত্রিলোকব্যাপিনী।"
s0294,song,"ধরম করম সকলি গেল, শ্যামাপূজা বুঝি হল না!",,False,1,রামতারণ,52,11,পূর্ণজ্ঞান — দেহ ও আত্মা আলাদা — শ্রীমুখ-কথিত চরিতামৃত,"১৮৮৫, ২৩শে অক্টোবর",1885-10-23,https://www.ramakrishnavivekananda.info/kathamrita/unicodekathamrita/52_k_completeknowledge_940_942.html,"বলিতেছেন, “এ কি করলে! পায়েসের পর নিম ঝোল! — “যাই গাইলে — ‘কর তম নাশ’, অমনি দেখলাম সূর্য — উদয় হবা মাত্র চারদিকের অন্ধকার ঘুচে গেল! আর সেই সূর্যের পায়ে সব শরণাগত হয়ে পড়ছে!” রামতারণ আবার গাইতেছেন:","ধরম করম সকলি গেল, শ্যামাপূজা বুঝি হল না!
মন নিবারিত নারি কোন মতে, ছি, ছি, কি জ্বালা বল না ॥"
s0295,song,রাঙা জবা কে দিলে তোর পায়ে মুঠো মুঠো।,,False,1,,52,11,পূর্ণজ্ঞান — দেহ ও আত্মা আলাদা — শ্রীমুখ-কথিত চরিতামৃত,"১৮৮৫, ২৩শে অক্টোবর",1885-10-23,https://www.ramakrishnavivekananda.info/kathamrita/unicodekathamrita/52_k_completeknowledge_940_942.html,"“যাই গাইলে — ‘কর তম নাশ’, অমনি দেখলাম সূর্য — উদয় হবা মাত্র চারদিকের অন্ধকার ঘুচে গেল! আর সেই সূর্যের পায়ে সব শরণাগত হয়ে পড়ছে!” রামতারণ আবার গাইতেছেন:   এই গান শুনিয়া ঠাকুর আবার ভাবাবিষ্ট হইলেন।",রাঙা জবা কে দিলে তোর পায়ে মুঠো মুঠো।
s0296,song,"অহংকারে মত্ত সদা, অপার বাসনা।",,False,1,,52,14,"শ্যামপুকুর বাটীতে নরেন্দ্র, ডাক্তার সরকার প্রভৃতি ভক্তসঙ্গে","১৮৮৫, ২৪শে অক্টোবর",1885-10-24,https://www.ramakrishnavivekananda.info/kathamrita/unicodekathamrita/52_n_atshyampukur_946_949.html,"মহিমাচরণ — আজ্ঞা হাঁ, উনি জাহাজ, আর আমরা সব ডিঙ্গি। ডাক্তার বিনীত হইয়া হাতজোড় করিতেছেন। মহিমা — তবে ওখানে (ঠাকুর শ্রীরামকৃষ্ণের কাছে) সবাই সমান। ঠাকুর নরেন্দ্রকে গান গাইতে বলিতেছেন। নরেন্দ্রের গান:","অহংকারে মত্ত সদা, অপার বাসনা।"
s0297,song,মহা সিংহাসনে বসি শুনেছি হে বিশ্বপতিঃ,,False,1,,52,14,"শ্যামপুকুর বাটীতে নরেন্দ্র, ডাক্তার সরকার প্রভৃতি ভক্তসঙ্গে","১৮৮৫, ২৪শে অক্টোবর",1885-10-24,https://www.ramakrishnavivekananda.info/kathamrita/unicodekathamrita/52_n_atshyampukur_946_949.html,"িমাচরণ — আজ্ঞা হাঁ, উনি জাহাজ, আর আমরা সব ডিঙ্গি। ডাক্তার বিনীত হইয়া হাতজোড় করিতেছেন। মহিমা — তবে ওখানে (ঠাকুর শ্রীরামকৃষ্ণের কাছে) সবাই সমান। ঠাকুর নরেন্দ্রকে গান গাইতে বলিতেছেন। নরেন্দ্রের গান:","মহা সিংহাসনে বসি শুনেছি হে বিশ্বপতিঃ
তোমারি রচিত ছন্দ মহান বিশ্বের গীত।
মর্ত্যের মৃত্তিকা হয়ে, ক্ষুদ্র এই কণ্ঠ লয়ে,
আমিও দুয়ারে তব, হয়েছি হে উপনীত।
কিছু নাহি চাহি দেব, কেবল দর্শন মাগি,
তোমারে যথা রবি শশী, সেই সভা মাঝে বসি,
একান্তে গাইতে চাহে এই ভকতের চিত।"
s0298,song,তুরীয়ং সচ্চিদানন্দম্‌ দ্বৈতাদ্বৈতবিবর্জিতম্‌।,,False,1,মহিমাচরণ সাশ্রুনয়নে,52,17,বিজয়াদি ভক্তসঙ্গে প্রেমানন্দে,"১৮৮৫, ২৫শে অক্টোবর",1885-10-25,https://www.ramakrishnavivekananda.info/kathamrita/unicodekathamrita/52_q_withbijay_952_955.html,"হ তাঁহাকে পরমভক্ত, কেহ সাধু, কেহ বা সাক্ষাৎ দেহধারী ঈশ্বরাবতার দেখিতেছেন, যাঁহার যেমন ভাব। মহিমাচরণ সাশ্রুনয়নে গাহিলেন — দেখ দেখ প্রেমমূর্তি — ও মাঝে মাঝে যেন ব্রহ্মদর্শন করিতেছেন, এই ভাবে বলিতেছেন —",“তুরীয়ং সচ্চিদানন্দম্‌ দ্বৈতাদ্বৈতবিবর্জিতম্‌।”
s0299,song,জয় জয় পরব্রহ্ম অপার তুমি অগম্য,,False,1,ভক্ত ভূপতি,52,17,বিজয়াদি ভক্তসঙ্গে প্রেমানন্দে,"১৮৮৫, ২৫শে অক্টোবর",1885-10-25,https://www.ramakrishnavivekananda.info/kathamrita/unicodekathamrita/52_q_withbijay_952_955.html,"রী ঈশ্বরাবতার দেখিতেছেন, যাঁহার যেমন ভাব। মহিমাচরণ সাশ্রুনয়নে গাহিলেন — দেখ দেখ প্রেমমূর্তি — ও মাঝে মাঝে যেন ব্রহ্মদর্শন করিতেছেন, এই ভাবে বলিতেছেন —  নবগোপাল কাঁদিতেছেন। আর একটি ভক্ত ভূপতি গাহিলেন:","জয় জয় পরব্রহ্ম অপার তুমি অগম্য
পারাৎপর তুমি সারাৎসার।
সত্যের আলোক তুমি প্রেমের আকর ভূমি,
মঙ্গলের তুমি মূলাধার।
নানা রসযুত ভব, গভীর রচনা তব,
উচ্ছ্বসিত শোভায় শোভায়,
মহাকবি আদিকবি, ছন্দে উঠে শশী রবি,
ছন্দে পুনঃ অস্তাচলে যায়।
তারকা কনক কুচি, জলদ অক্ষর রুচি,
গীত লেখা নীলাম্বর পাতে।
ছয় ঋতু সম্বৎসরে, মহিমা কীর্তন করে,
সুখপূর্ণ চরাচর সাথে।
কুসুমে তোমার কান্তি, সলিলে তোমার শান্তি,
বজ্ররবে রুদ্র তুমি ভীম;
তব ভাব গূঢ় অতি, কি জানিবে মূঢ়মতি,
ধ্যায় যুগযুগান্ত অসীম।
আনন্দে সবে আনন্দে, তোমার চরণ বন্দে,
কোটি চন্দ্র কোটি সূর্য তারা!
তোমারি এ রচনারি, ভাব লয়ে নরনারী,
হাহাকারে নেত্রে বহে ধারা।
মিলি সুর, নর, ঋভু, প্রণমে তোমায় বিভু
তুমি সর্ব মঙ্গল-আলয়;
দেও জ্ঞান, দেও প্রেম, দেও ভক্তি, দেও ক্ষেম,
দেও দেও ওপদে আশ্রয়।"
s0300,song,"কর তাঁর নাম গান, যতদিন দেহে রহে প্রাণ।",,False,1,বন্ধু,52,21,মাস্টার ও ডাক্তার সংবাদ,"১৮৮৫, ২৬শে অক্টোবর",1885-10-26,https://www.ramakrishnavivekananda.info/kathamrita/unicodekathamrita/52_u_masterandoctor_959_962.html,"জন বন্ধু সঙ্গে বসিয়া আছেন। ডাক্তার (মাস্টারের প্রতি) — এই একমিনিট হল তোমার কথা কচ্ছিলাম। দশটায় আসবে বললে, দেড় ঘণ্টা বসে। ভাবলুম, কেমন আছেন, কি হল। (বন্ধুকে) ‘ওহে সেই গানটা গাও তো’। বন্ধু গাহিতেছেন:","কর তাঁর নাম গান, যতদিন দেহে রহে প্রাণ।
যাঁর মহিমা জ্বলন্ত জ্যোতিঃ, জগৎ করে হে আলো;
স্রোত বহে প্রেমপীযূষ-বারি, সকল জীব সূখকারী হে।
করুণা স্মরিয়ে তনু হয় পুলকিত বাক্যে বলিতে কি পারি।
যাঁর প্রসাদে এক মুহূর্তে সকল শোক অপসারি হে।
উচ্চে নিচে দেশ দেশান্তে, জলগর্ভে, কি আকাশে;
অন্ত কোথা তাঁর, অন্ত কোথা তাঁর, এই সবে সদা জিজ্ঞাসে হে।
চেতন নিকেতন পরশ রতন সেই নয়ন অনিমেষ,
নিরঞ্জন সেই, যাঁর দরশনে, নাহি রহে দুঃখ লেশ হে।"
s0301,song,"‘অন্ত কোথা তাঁর, অন্ত কোথা তাঁর, এই সবে সদা জিজ্ঞাসে।’",,False,1,,52,21,মাস্টার ও ডাক্তার সংবাদ,"১৮৮৫, ২৬শে অক্টোবর",1885-10-26,https://www.ramakrishnavivekananda.info/kathamrita/unicodekathamrita/52_u_masterandoctor_959_962.html,"একমিনিট হল তোমার কথা কচ্ছিলাম। দশটায় আসবে বললে, দেড় ঘণ্টা বসে। ভাবলুম, কেমন আছেন, কি হল। (বন্ধুকে) ‘ওহে সেই গানটা গাও তো’। বন্ধু গাহিতেছেন:  ডাক্তার (মাস্টারকে) — গানটি খুব ভাল, — নয়? ওইখানটি কেমন?","‘অন্ত কোথা তাঁর, অন্ত কোথা তাঁর, এই সবে সদা জিজ্ঞাসে।’"
s0302,song,"কি সুখ জীবনে মম ওহে নাথ দয়াময় হে,",,False,2,,52,25,"শ্যামপুকুর বাটীতে নরেন্দ্র, মণি প্রভৃতি ভক্তসঙ্গে অসুখ কেন? নরেন্দ্রের প্রতি সন্ন্যাসের উপদেশ","১৮৮৫, ২৭শে অক্টোবর",1885-10-27,https://www.ramakrishnavivekananda.info/kathamrita/unicodekathamrita/52_y_atshyampukur_969_972.html,সন্ন্যাসীটি ‘রাধে রাধে’ করত। ঢঙ নাই।” কিয়ৎক্ষণ পরে নরেন্দ্র গান গাইতেছেন। গানগুলি বৈরাগ্যপূর্ণ। ঠাকুরের মুখে তীব্র বৈরাগ্যের কথা ও সন্ন্যাসের উপদেশ শুনিয়া কি নরেন্দ্রের উদ্দীপন হইল? নরেন্দ্রের গান:,"কি সুখ জীবনে মম ওহে নাথ দয়াময় হে
যদি চরণ-সরোজে পরাণ-মধুপ চিরমগন না রয় হে।
অগণন ধনরাশি তায় কিবা ফলোদয় হে
যদি লভিয়ে সে ধনে, পরম রতনে যতন না করয় হে।
সুকুমার কুমার মুখ দেখিতে না চাই হে
যদি সে চাঁদবয়ানে তব প্রেমমুখে দেখিতে না পাই হে।
কি ছার শশাঙ্কজ্যোতিঃ, দেখি আঁধারময় হে;
যদি সে চাঁদ প্রকাশে তব প্রেম চাঁদ নাহি হয় উদয় হে।
সতীর পবিত্র প্রেম তাও মলিনতাময় হে,
যদি সে প্রেমকনকে, তব প্রেমমণি নাহি জড়িত রয় হে।
তীক্ষ্ণ বিষা ব্যালী সম সতত দংশয় হে,
যদি মোহ পরমাদে নাথ তোমাতে ঘটায় সংশয় হে।
কি আর বলিব নাথ, বলিব তোমায় হে;
তুমি আমার হৃদয়রতন মণি, আনন্দনিলয় হে।"
s0303,song,গান - আয় মন বেড়াতে যাবি।,,False,1,,52,42,৺কালীপূজার দিবসে শ্যামপুকুর বাটীতে ভক্তসঙ্গে,"১৮৮৫, ৬ই নভেম্বর",1885-11-06,https://www.ramakrishnavivekananda.info/kathamrita/unicodekathamrita/52_zp_kalipujaday_1002_1003.html,"মলাকান্তের গানের বই কিনিয়া আনিবে।’ ডাক্তার সরকারকে দিতে হইবে। মাস্টার বলিতেছেন, “এই বই আনিয়াছি। রামপ্রসাদ আর কমলাকান্তের গানের বই।” শ্রীরামকৃষ্ণ বলিলেন, “এই গান সব (ডাক্তারের ভিতর) ঢুকিয়ে দেবে।”","গান - আয় মন বেড়াতে যাবি।
কালী কল্পতরু মূলে রে মন চারি ফল কুড়ায়ে পাবি ॥"
s0304,song,আমায় ধর নিতাই,,False,1,,52,43,কালীপূজার দিবসে ভক্তসঙ্গে,"১৮৮৫, ৬ই নভেম্বর",1885-11-06,https://www.ramakrishnavivekananda.info/kathamrita/unicodekathamrita/52_zq_kalipujaday_1003_1006.html,"র আদেশক্রমে মাস্টার ও একটি ভক্ত রামপ্রসাদের গান গাইতেছেন:     ডাক্তার গিরিশকে বলিতেছেন, “তোমার ওই গানটি বেশ — বীণের গান — বুদ্ধ চরিতের।” ঠাকুরের ইঙ্গিতে গিরিশ ও কালীপদ দুইজনে মিলিয়া গান শুনাইতেছেন:","আমায় ধর নিতাই
আমার প্রাণ যেন আক করে রে কেমন ॥
নিতাই, জীবকে হরি নাম বিলাতে,
উঠল গো ঢেউ প্রেম-নদীতে,
(এখন) সেই তরঙ্গে এখন আমি ভাসিয়ে যাই।
নিতাই যে দুঃখ আমার অন্তরে, দুঃখের কথা কইব কারে,
জীবের দুঃখে এখন আমি ভাসিয়ে যাই।"
s0305,song,কে রে নিবিড় নীল কাদম্বিনী সুরসমাজে।,,False,1,,52,44,জগন্মাতা ৺কালীপূজা,"১৮৮৫, ৬ই নভেম্বর",1885-11-06,https://www.ramakrishnavivekananda.info/kathamrita/unicodekathamrita/52_zr_kalipujaday_1007_1009.html,! সকলে অবাক্‌ হইয়া এই অদ্ভুত বরাভয়দায়িনী জগন্মাতার মূর্তি দর্শন করিতেছেন। এইবারে ভক্তেরা স্তব করিতেছেন। আর একজন গান গাহিয়া স্তব করিতেছেন ও সকলে যোগদান করিয়া সমস্বরে গাইতেছেন। গিরিশ স্তব করিতেছেন:,"কে রে নিবিড় নীল কাদম্বিনী সুরসমাজে।
কে রে রক্তোৎপল চরণ যুগল হর উরসে বিরাজে ॥
কে রে রজনীকর নখরে বাস, দিনকর কত পদে প্রকাশ।
মৃদু মৃদু হাস ভাস, ঘন ঘন ঘন গরজে ॥"
s0306,song,"মনেরি বাসনা শ্যামা শবাসনা শোন মা বলি,",,False,1,,52,44,জগন্মাতা ৺কালীপূজা,"১৮৮৫, ৬ই নভেম্বর",1885-11-06,https://www.ramakrishnavivekananda.info/kathamrita/unicodekathamrita/52_zr_kalipujaday_1007_1009.html,়িনী জগন্মাতার মূর্তি দর্শন করিতেছেন। এইবারে ভক্তেরা স্তব করিতেছেন। আর একজন গান গাহিয়া স্তব করিতেছেন ও সকলে যোগদান করিয়া সমস্বরে গাইতেছেন। গিরিশ স্তব করিতেছেন:  আবার গাইতেছেন:  বিহারী স্তব করিতেছেন:,"মনেরি বাসনা শ্যামা শবাসনা শোন মা বলি,
হৃদয় মাঝে উদয় হইও মা, যখন হবে অন্তর্জলি।
তখন আমি মনে মনে, তুলব জবা বনে বনে,
মিশাইয়ে ভক্তি চন্দন মা, পদে দিব পুষ্পাঞ্জলি।"
s0307,song,তোমারি করুণায় মা সকলি হইতে পারে।,,False,1,মণি,52,44,জগন্মাতা ৺কালীপূজা,"১৮৮৫, ৬ই নভেম্বর",1885-11-06,https://www.ramakrishnavivekananda.info/kathamrita/unicodekathamrita/52_zr_kalipujaday_1007_1009.html,করিতেছেন। এইবারে ভক্তেরা স্তব করিতেছেন। আর একজন গান গাহিয়া স্তব করিতেছেন ও সকলে যোগদান করিয়া সমস্বরে গাইতেছেন। গিরিশ স্তব করিতেছেন:  আবার গাইতেছেন:  বিহারী স্তব করিতেছেন:  মণি গাহিতেছেন ভক্তসঙ্গে:,"তোমারি করুণায় মা সকলি হইতে পারে।
অলঙ্ঘ্য পর্বত সম বিঘ্ন বাধা যায় দূরে ॥
তুমি মঙ্গল নিধান, করিছ মঙ্গল বিধান।
তবে কেন বৃথা মরি ফলাফল চিন্তা করে ॥"
s0308,song,"শ্যামনামে প্রাণ পেয়ে ইতি উতি চায়,",,False,1,,53,6,কাশীপুর উদ্যানে শ্রীযুক্ত নরেন্দ্র প্রভৃতি ভক্তসঙ্গে; নরেন্দ্রকে জ্ঞানযোগ ও ভক্তিযোগের সমন্বয় উপদেশ,"১৮৮৬, ১১ই মার্চ",1886-03-11,https://www.ramakrishnavivekananda.info/kathamrita/unicodekathamrita/53_f_advicetonarendra_1019_1021.html,মহিম চক্রবর্তীর বাড়িতে আমরা গিছলাম। শ্রীরামকৃষ্ণ (সহাস্যে) — তারপর? নরেন্দ্র — ওর মতো এমন শুষ্ক জ্ঞানী দেখি নাই! শ্রীরামকৃষ্ণ (সহাস্যে) — কি হয়েছিল? নরেন্দ্র — আমাদের গান গাইতে বললে। গঙ্গাধর গাইলে —,"শ্যামনামে প্রাণ পেয়ে ইতি উতি চায়,
সম্মুখে তমালবৃক্ষ দেখিবারে পায়।"
s0309,song,নলিনীদলগতজলমতিতরলম্‌ তদ্বজ্জীবনমতিশয়চপলম্‌,,False,1,ভাব,53,9,গুহ্যকথা — ঠাকুর শ্রীরামকৃষ্ণ ও তাঁহার সাঙ্গোপাঙ্গ,"১৮৮৬, ১৫ই মার্চ",1886-03-15,https://www.ramakrishnavivekananda.info/kathamrita/unicodekathamrita/53_i_sriramakrishnaassociates_1024_1027.html,"অর্থাৎ) যত সৃষ্ট পদার্থ সব আপনার ভিতর থেকে! শ্রীরামকৃষ্ণ (রাখালের প্রতি, আনন্দে) — দেখছিস! ঠাকুর নরেন্দ্রকে একটু গান গাইতে বলিতেছেন। নরেন্দ্র সুর করিয়া গাহিতেছেন। নরেন্দ্রের ত্যাগের ভাব, — গাহিতেছেন:","“নলিনীদলগতজলমতিতরলম্‌ তদ্বজ্জীবনমতিশয়চপলম্‌
ক্ষণমিহ সজ্জনসঙ্গতিরেকা, ভবতি ভবার্ণবতরণে নৌকা।”"
s0310,song,"কাহে সই, জিয়ত মরত কি বিধান!",,False,1,সখী,53,9,গুহ্যকথা — ঠাকুর শ্রীরামকৃষ্ণ ও তাঁহার সাঙ্গোপাঙ্গ,"১৮৮৬, ১৫ই মার্চ",1886-03-15,https://www.ramakrishnavivekananda.info/kathamrita/unicodekathamrita/53_i_sriramakrishnaassociates_1024_1027.html,"নরেন্দ্র সুর করিয়া গাহিতেছেন। নরেন্দ্রের ত্যাগের ভাব, — গাহিতেছেন:  দুই-এক চরণ গানের পরই ঠাকুর নরেন্দ্রকে ইঙ্গিত করিয়া বলিতেছেন, “ও কি! ও-সব ভাব অতি সামান্য!” নরেন্দ্র এইবার সখী ভাবের গান গাহিতেছেন:","কাহে সই, জিয়ত মরত কি বিধান!
ব্রজকি কিশোর সই, কাঁহা গেল ভাগই, ব্রজজন টুটায়ল পরাণ ॥
মিলি সই নাগরী, ভুলিগেই মাধব, রূপবিহীন গোপকুঙারী।
কো জানে পিয় সই, রসময় প্রেমিক, হেন বঁধু রূপ কি ভিখারি ॥
আগে নাহি বুঝুনু, রূপ হেরি ভুলনু, হৃদি কৈনু চরণ যুগল।
যমুনা সলিলে সই, অব তনু ডারব, আন সখি ভখিব গরল ॥
(কিবা) কানন বল্লরী, গল বেঢ়ি বাঁধই, নবীন তমালে দিব ফাঁস।
নহে শ্যাম শ্যাম শ্যাম শ্যাম শ্যাম নাম-জপই, ছার তনু করিব বিনাশ ॥"
s0311,song,"তুমি আমার, আমার বঁধু, কি বলি (কি বলি তোমায় বলি নাথ)।",,False,1,ব্রজগোপীর ভাবে মাতোয়ারা,53,9,গুহ্যকথা — ঠাকুর শ্রীরামকৃষ্ণ ও তাঁহার সাঙ্গোপাঙ্গ,"১৮৮৬, ১৫ই মার্চ",1886-03-15,https://www.ramakrishnavivekananda.info/kathamrita/unicodekathamrita/53_i_sriramakrishnaassociates_1024_1027.html,েন্দ্র এইবার সখী ভাবের গান গাহিতেছেন:  গান শুনিয়া ঠাকুর ও ভক্তেরা মুগ্ধ হইয়াছেন। ঠাকুর ও রাখালের নয়ন দিয়ে প্রেমাশ্রু পড়িতেছে। নরেন্দ্র আবার ব্রজগোপীর ভাবে মাতোয়ারা হইয়া কীর্তনের সুরে গাহিতেছেন:,"তুমি আমার, আমার বঁধু, কি বলি (কি বলি তোমায় বলি নাথ)।
(কি জানি কি বলি আমি অভাগিনী নারীজাতি)।
তুমি হাতোকি দর্পণ, মাথোকি ফুল
(তোমায় ফুল করে কেশে পরব বঁধু)।
(তোমায় কবরীর সনে লুকায়ে লুকায়ে রাখব বঁধু)
(শ্যামফুল পরিলে কেউ নখতে নারবে)।
তুমি নয়নের অঞ্জন, বয়ানের তাম্বুল
(তোমায় শ্যাম অঞ্জন করে এঁখে পরবো বঁধু)
(শ্যাম অঞ্জন পরেছি বলে কেউ নখতে নারবে)
তুমি অঙ্গকি মৃগমদ গিমকি হার।
(শ্যামচন্দন মাখি শীতল হব বঁধু)
তোমার হার কণ্ঠে পরব বঁধু। তুমি দেহকি সর্বস্ব গেহকি সার ॥
পাখিকো পাখ মীনকো পানি। তেয়সে হাম বঁধু তুয়া মানি ॥"
s0312,verse,"প্রাগ্‌দেহস্থো যদাসং তব চরণযুগং নাশ্রিতো নার্চিতোঽহং,",,False,1,,53,11,কাশীপুর বাগানে ভক্তসঙ্গে,"১৮৮৬, ১২ই এপ্রিল",1886-04-12,https://www.ramakrishnavivekananda.info/kathamrita/unicodekathamrita/53_k_atkashipur_1031_1032.html,রে ও অন্যান্য স্থানে আলো জ্বালা হইল। ঠাকুর বিছানায় উত্তরাস্য হইয়া বসিয়া আছেন; জগন্মাতার চিন্তা করিতেছেন। কিয়ৎক্ষণ পরে ফকির ঠাকুরের সম্মুখে অপরাধভঞ্জন স্তব পাঠ করিতেছেন। ফকির বলরামের পুরোহিতবংশীয়।,"প্রাগ্‌দেহস্থো যদাসং তব চরণযুগং নাশ্রিতো নার্চিতোঽহং,
তেনাদ্যেঽকীর্তিবর্গৈর্জঠরজদহনৈর্বধ্যমানো বলিষ্ঠৈঃ,
স্থিত্বা জন্মান্তরে নো পুনরিহ ভবিতা ক্বাশ্রয়ঃ ক্বাপি সেবা,
ক্ষন্তব্যে মেঽপরাধঃ প্রকটিতবদনে কামরূপে করালে! ইত্যদি।"
s0313,song,"ওই আসছে কিশোরী, ওই দেখ এলো",,False,1,,53,12,"ঈশ্বরকোটির কি কর্মফল, প্রারব্ধ আছে? যোগবাশিষ্ঠ","১৮৮৬, ১৩ই এপ্রিল",1886-04-13,https://www.ramakrishnavivekananda.info/kathamrita/unicodekathamrita/53_l_ishwarkoti_1032_1036.html,তেরা আসিয়াছেন। কেহ কেহ সন্তানাদি লইয়া আসিয়াছেন। তাঁহারা ঠাকুরকে প্রণাম করিতে উপরের ঘরে আসিলেন। কেহ কেহ ঠাকুরকে পাদপদ্মে পুষ্প ও আবির দিলেন। ভক্তদের দুইটি ৯।১০ বর্ষের মেয়ে ঠাকুরকে গান শুনাইতেছেন:,"ওই আসছে কিশোরী, ওই দেখ এলো
তোর নয়ন বাঁকা বংশীধারী।"
s0314,song,"‘হরি খেলব আজ তোমার সনে,",,False,1,,53,12,"ঈশ্বরকোটির কি কর্মফল, প্রারব্ধ আছে? যোগবাশিষ্ঠ","১৮৮৬, ১৩ই এপ্রিল",1886-04-13,https://www.ramakrishnavivekananda.info/kathamrita/unicodekathamrita/53_l_ishwarkoti_1032_1036.html,"ছেন:     শ্রীরামকৃষ্ণ সঙ্কেত করিয়া বলিতেছেন, “বেশ মা মা বলছে!” ব্রাহ্মণীর ছেলেমান্‌সের স্বভাব। ঠাকুর হাসিয়া রাখালকে ইঙ্গিত করিতেছেন, “ওকে গান গাইতে বল না।” ব্রাহ্মণী গান গাইতেছেন। ভক্তেরা হাসিতেছেন।","‘হরি খেলব আজ তোমার সনে,
একলা পেয়েছি তোমায় নিধুবনে।’"
s0315,song,"আমার পাগল বাবা, পাগলী আমার মা।",,False,1,সুরেন্দ্র ভাবাবিষ্টপ্রায়,53,17,বুদ্ধদেব কি ঈশ্বরের অস্তিত্ব মানিতেন? নরেন্দ্রকে শিক্ষা,"১৮৮৬, ১৮ই এপ্রিল",1886-04-18,https://www.ramakrishnavivekananda.info/kathamrita/unicodekathamrita/53_q_buddha_1044_1046.html,"্ষণ পরে ঠাকুর আবার লোক পাঠাইয়াছেন। বলেছেন, এই আখরগুলি দেবে — “গৌর নাচতেও জানে রে! গৌরের ভাবের বালাই যাই রে! গৌর আমার নাচে দুই বাহু তুলে!” কীর্তন সমাপ্ত হইল। সুরেন্দ্র ভাবাবিষ্টপ্রায় হইয়া গাইতেছেন —","আমার পাগল বাবা, পাগলী আমার মা।
আমি তাদের পাগল ছেলে, আমার মায়ের নাম শ্যামা ॥
বাবা বব বম্‌ বলে, মদ খেয়ে মা গায়ে পড়ে ঢলে,
শ্যামার এলোকেশে দোলে;
রাঙা পায়ে ভ্রমর গাজে, ওই নূপুর বাজে শুন না।"
s0316,song,ওঁ মনোবুদ্ধ্যহঙ্কারচিত্তানি নাহং ন চ শ্রোত্রজিহ্বে ন চ ঘ্রাণনেত্রে।,,False,4,,20,10,মহিমাচরণের শাস্ত্রপাঠ শ্রবণ ও ঠাকুরের সমাধি,"১৮৮৪, ২রা ফেব্রুয়ারি",1884-02-02,https://www.ramakrishnavivekananda.info/kathamrita/unicodekathamrita/20_j_mahimacharan_386_387.html,"েছিলেন। কষ্টে ভাব সংবরণ করিলেন। এইবার যতিপঞ্চক পাঠ হইতেছে —  “সা কাশিকাহং নিজবোধরূপম্‌” — এই কথা শুনিয়া ঠাকুর সহাস্যে বলিতেছেন, “যা আছে ভাণ্ডে তাই আছে ব্রহ্মাণ্ডে।” এইবার পাঠ হইতেছে নির্বাণষট্‌কম্‌ —","ওঁ মনোবুদ্ধ্যহঙ্কারচিত্তানি নাহং ন চ শ্রোত্রজিহ্বে ন চ ঘ্রাণনেত্রে।
ন চ ব্যোম ভূমির্ন তেজো ন বায়ুশ্চিদানন্দরূপঃ শিবোঽহং শিবোঽহম্‌ ॥ ১
ন চ প্রাণসংজ্ঞো ন বৈ পঞ্চবায়ুর্ন বা সপ্তধাতুর্ন বা পঞ্চকোষাঃ।
না বাক্‌পাণিপাদং ন চোপস্থপায়ুশ্চিদানন্দরূপঃ শিবোঽহং শিবোঽহম্ ॥ ২
ন মে দ্বেষরাগৌ ন মে লাভমোহৌ মদো নৈব মে নৈব মাৎসর্যভাবঃ।
ন ধর্মো ন চার্থো ন কামো ন মোক্ষশ্চিদানন্দরূপঃ শিবোঽহং শিবোঽহম্‌ ॥ ৩
ন পুণ্যং ন পাপং ন সৌখ্যং ন দুঃখং ন মন্ত্রো ন তীর্থং ন বেদা ন যজ্ঞাঃ।
অহং ভোজনং নৈব ভোজ্যং ন ভোক্তা চিদানন্দরূপং শিবোঽহং শিবোঽহম্‌ ॥ ৪
ন মৃত্যুর্ন শঙ্কা ন মে জাতিভেদঃ পিতা নৈব মে নৈব মাতা ন জন্ম।
ন বন্ধুর্নমিত্রং গুরুর্নৈব শিষ্যশ্চিদানন্দরূপঃ শিবোঽহং শিবোঽহম্‌ ॥ ৫
অহং নির্বিকল্পো নিরাকাররূপো বিভুত্বা সর্বত্র সর্বেন্দ্রিয়াণাম্‌।
ন চাসঙ্গতং নৈব মুক্তির্নমেয়শ্চিদানন্দরূপং শিবোঽহং শিবোঽহম্‌ ॥ ৬"
s0317,song,"বেদান্তবাক্যেষু সদা রমন্তো, ভিক্ষান্নমাত্রেণ চ তুষ্টিমন্তঃ।",,False,2,কৌপীনপঞ্চকম্‌,53,21,শ্রীরামকৃষ্ণ হীরানন্দ প্রভৃতি ভক্তসঙ্গে কাশীপুরের বাগানে,"১৮৮৬, ২২শে এপ্রিল",1886-04-22,https://www.ramakrishnavivekananda.info/kathamrita/unicodekathamrita/53_u_withhirananda_1052_1055.html,"তাতেও ঈশ্বরানুভব। একটি দ্বার দিয়েও ঘরে যাওয়া যায়, আর নানা দ্বার দিয়েও ঘরে যাওয়া যায়। সকলে চুপ করিয়া আছেন। হীরানন্দ নরেন্দ্রকে বলিলেন, একটু গান বলুন। নরেন্দ্র সুর করিয়া কৌপীনপঞ্চকম্‌ গাইতেছেন:","বেদান্তবাক্যেষু সদা রমন্তো, ভিক্ষান্নমাত্রেণ চ তুষ্টিমন্তঃ।
অশোকমন্তঃকরণে চরন্তঃ, কৌপীনবন্তঃ খলু ভাগ্যবন্তঃ ॥ ১
মূলং তরোঃ কেবলমাশ্রয়ন্তঃ, পাণিদ্বয়ং ভোক্তুমামন্ত্রয়ন্তঃ।
কন্থামিব শ্রীমপি কুৎসয়ন্তঃ, কৌপীনবন্তঃ খলু ভাগ্যবন্তঃ ॥ ২
স্বানন্দভাবে পরিতুষ্টিমন্তঃ, সুশান্তসর্বেনিদ্রয়বৃত্তিমন্তঃ।
অহনির্শ ব্রহ্মণি যে রমন্তঃ, কৌপীনবন্তঃ খলু ভাগ্যবন্তঃ ॥ ৩"
s0318,song,"দেহাদিভাবং পরিবর্তয়ন্তঃ, স্বাত্মানমাত্মন্যবলোকয়ন্তঃ।",,False,1,,53,21,শ্রীরামকৃষ্ণ হীরানন্দ প্রভৃতি ভক্তসঙ্গে কাশীপুরের বাগানে,"১৮৮৬, ২২শে এপ্রিল",1886-04-22,https://www.ramakrishnavivekananda.info/kathamrita/unicodekathamrita/53_u_withhirananda_1052_1055.html,"ুর করিয়া কৌপীনপঞ্চকম্‌ গাইতেছেন:  ঠাকুর যেই শুনিলেন — অহনির্শ ব্রহ্মণি যে রমন্তঃ — অমনি আস্তে আস্তে বলিতেছেন, আহা! আর ইশারা করিয়া দেখাইতেছেন, “এইটি যোগীর লক্ষণ।” নরেন্দ্র কৌপীনপঞ্চকম্‌ শেষ করিতেছেন:","দেহাদিভাবং পরিবর্তয়ন্তঃ, স্বাত্মানমাত্মন্যবলোকয়ন্তঃ।
নান্তং ন মধ্যং ন বহিঃ সমরন্তঃ, কৌপীনবন্তঃ খলু ভাগ্যবন্তঃ ॥ ৪
ব্রহ্মাক্ষরং পাবনমুচ্চরন্তো, ব্রহ্মাহমস্মীতি বিভাবয়ন্তঃ
ভিক্ষাশিনো দিক্ষু পরিভ্রমন্তঃ, কৌপীনবন্তঃ খলু ভাগ্যবন্তঃ ॥ ৫"
s0319,song,পরিপূর্ণমানন্দম্‌।,,False,1,নরেন্দ্র,53,21,শ্রীরামকৃষ্ণ হীরানন্দ প্রভৃতি ভক্তসঙ্গে কাশীপুরের বাগানে,"১৮৮৬, ২২শে এপ্রিল",1886-04-22,https://www.ramakrishnavivekananda.info/kathamrita/unicodekathamrita/53_u_withhirananda_1052_1055.html,"াইতেছেন:  ঠাকুর যেই শুনিলেন — অহনির্শ ব্রহ্মণি যে রমন্তঃ — অমনি আস্তে আস্তে বলিতেছেন, আহা! আর ইশারা করিয়া দেখাইতেছেন, “এইটি যোগীর লক্ষণ।” নরেন্দ্র কৌপীনপঞ্চকম্‌ শেষ করিতেছেন:  নরেন্দ্র আবার গাইতেছেন:","পরিপূর্ণমানন্দম্‌।
অঙ্গ বিহীনং স্মর জগন্নিধানম্‌।
শ্রোত্রস্য শ্রোত্রং মনসো মনো যদ্বাচোঽবাচং।
বাগতীতং প্রাণস্য প্রাণং পরং বরেণ্যম্‌।"
s0320,verse,‘সর্বং বস্তু ভয়ান্বিতং ভুবি নৃণাং বৈরাগ্যমেবাভয়ম্‌।’,,False,1,,54,4,"শ্রীরামকৃষ্ণ, নরেন্দ্র, কর্মযোগ ও স্বদেশহিতৈষণা",১৫ই জুন ১৮৮৪,1884-06-15,https://www.ramakrishnavivekananda.info/kathamrita/unicodekathamrita/54_d_karmayoga_1071_1076.html,"সমাধিমধ্যে নিমগ্ন হইয়া কাটাইয়া যাই। হিমালয় দেখিলে আর কর্ম করিতে ইচ্ছা হয় না — মনে একচিন্তায় উদয় হয় — কর্মসন্ন্যাস। এই কর্মসন্ন্যাস, এই ত্যাগ, করিতে পারিলে মানুষ অভয় হয় — আর সকল বস্তুই ভয়াবহ।",‘সর্বং বস্তু ভয়ান্বিতং ভুবি নৃণাং বৈরাগ্যমেবাভয়ম্‌।’
s0321,verse,যং লব্‌ধ্বা চাপরং লাভং মন্যতে নাধিকং ততঃ।,,False,1,,54,4,"শ্রীরামকৃষ্ণ, নরেন্দ্র, কর্মযোগ ও স্বদেশহিতৈষণা",১৫ই জুন ১৮৮৪,1884-06-15,https://www.ramakrishnavivekananda.info/kathamrita/unicodekathamrita/54_d_karmayoga_1071_1076.html,"ল বেশ বলে দিতে পারে।” কেননা, উদাসীনের নিজের কোন দরকার নাই, রাগদ্বেষবিমুক্ত উদাসীন অনাসক্ত জীবন্মুক্ত মহাপুরুষ নির্জনে অনেকদিন সাধন করিয়া যাহা লাভ করিয়া বসিয়া আছেন, তাহার কাছে আর কিছুই ভাল লাগে না:-","যং লব্‌ধ্বা চাপরং লাভং মন্যতে নাধিকং ততঃ।
যস্মিন্‌ স্থিতো ন দুঃখেন গুরুণাপি বিচাল্যতে ॥"
s0322,verse,কর্মণৈব হি সংসিদ্ধিমাস্থিতা জনকাদয়ঃ।,,False,1,,54,8,"শ্রীরামকৃষ্ণ, কর্মযোগ, নরেন্দ্র ও দরিদ্রনারায়ণ সেবা (নিষ্কাম কর্ম)",১৫ই জুন ১৮৮৪,1884-06-15,https://www.ramakrishnavivekananda.info/kathamrita/unicodekathamrita/54_h_karmayoga_1082_1084.html,"কৃপায় যথার্থ নির্লিপ্তভাবে কাজ করা যায়। স্বামী বিবেকানন্দের জীবন অনুধ্যান করিলে, নির্জনে সাধন কাহাকে বলে ও লোকশিক্ষার্থ কর্ম কাহাকে বলে, তাহার আভাস পাওয়া যায়। বিবেকানন্দের এ-সকল কর্ম লোকশিক্ষার্থ।","কর্মণৈব হি সংসিদ্ধিমাস্থিতা জনকাদয়ঃ।
লোকসংগ্রহমেবাপি সংপশ্যন্‌ কর্তুমর্হসি ॥"
s0323,verse,যদা যদা হি ধর্মস্য গ্লানির্ভবতি ভারত।,,False,1,,54,10,"শ্রীরামকৃষ্ণ, স্বামী বিবেকানন্দ ও অবতারবাদ",১৫ই জুন ১৮৮৪,1884-06-15,https://www.ramakrishnavivekananda.info/kathamrita/unicodekathamrita/54_j_ramakrishnavivekananda_1086_1097.html,"ইরে এসে রূপ ধারণ করে বললে, আমিই যুগে যুগে অবতার। দেখলাম পূর্ণ আর্বিভাব, তবে সত্ত্বগুণের ঐশ্বর্য।” ভক্তেরা এই সকল কথা অবাক্‌ হইয়া শুনিতেছেন। কেহ কেহ গীতোক্ত ভগবান শ্রীকৃষ্ণের মহাবাক্য স্মরণ করিতেছেন —","যদা যদা হি ধর্মস্য গ্লানির্ভবতি ভারত।
অভুত্থানমধর্মস্য তদাত্মানং সৃজাম্যহম্‌ ॥
পরিত্রাণায় সাধূনাং বিনাশায় চ দুষ্কৃতাম্‌
ধর্মসংস্থাপনার্থায় সম্ভবামি যুগে যুগে ॥"
s0324,song,"খণ্ডন ভব-বন্ধন, জগ-বন্দন বন্দি তোমায়।",,False,1,,54,10,"শ্রীরামকৃষ্ণ, স্বামী বিবেকানন্দ ও অবতারবাদ",১৫ই জুন ১৮৮৪,1884-06-15,https://www.ramakrishnavivekananda.info/kathamrita/unicodekathamrita/54_j_ramakrishnavivekananda_1086_1097.html,কামিনী-কাঞ্চনত্যাগ করাইয়াছ। হে ভক্তশরণ! তোমার পাদপদ্মে আমার অনুরাগ দাও। তোমার পাদপদ্ম আমার পরম সম্পদ। উহাকে পাইলে ভবসাগর গোষ্পদের ন্যায় বোধ হয়। স্বামীজী রচিত শ্রীরামকৃষ্ণ-আরাত্রিক [মিশ্র - চৌতাল ],"খণ্ডন ভব-বন্ধন, জগ-বন্দন বন্দি তোমায়।
নিরঞ্জন নররূপ ধর নির্গুণ গুণময় ৷৷
মোচন অঘদূষণ জগভূষণ চিদ্‌ঘনকায়।
জ্ঞানাঞ্জন বিমল-নয়ন বীক্ষণে মোহ যায় ৷৷
ভাস্বর ভাবসাগর চির-উন্মদ প্রেমপাথার।
ভক্তার্জ্জন-যুগলচরণ তারণ ভাব-পার ৷৷
জৃম্ভিত যুগ-ঈশ্বর জগদীশ্বর যোগ সহায়।
নিরোধন সমাহিত-মন নিরখি তব কৃপায় ৷৷
ভঞ্জন দুঃখগঞ্জন করুণাঘন কর্ম-কঠোর।
প্রাণার্পণ জগত-তারণ কৃন্তন কলিডোর ৷৷
বঞ্চন-কামকাঞ্চন অতিনিন্দিত-ইন্দ্রিয়রাগ।
ত্যাগীশ্বর হে নরবর! দেহ পদে অনুরাগ ৷৷
নির্ভয় গত সংশয় দৃঢ়নিশ্চয়-মানসবান।
নিষ্কারণ-ভকত-শরণ ত্যজি জাতি-কুল-মান ৷৷
সম্পদ তব শ্রীপদ ভব-গোষ্পদ-বারি যথায়।
প্রেমার্পণ সম দরশন জগজন-দুঃখ যায় ৷৷"
s0325,verse,আচণ্ডালাপ্রতিহতরয়ো যস্য প্রেমপ্রবাহো,,False,1,,54,10,"শ্রীরামকৃষ্ণ, স্বামী বিবেকানন্দ ও অবতারবাদ",১৫ই জুন ১৮৮৪,1884-06-15,https://www.ramakrishnavivekananda.info/kathamrita/unicodekathamrita/54_j_ramakrishnavivekananda_1086_1097.html,", জ্ঞান ভক্তির অবতার শ্রীরামচন্দ্র! যিনি আবার শ্রীকৃষ্ণ-রূপে কুরুক্ষেত্রে গীতারূপ গম্ভীর মধুর সিংহনাদ করিয়াছিলেন, তিনিই ইদানীং প্রথিত পুরুষ শ্রীরামকৃষ্ণরূপে অবতীর্ণ হইয়াছেন। ওঁ নমো ভগবতে রামকৃষ্ণায়","আচণ্ডালাপ্রতিহতরয়ো যস্য প্রেমপ্রবাহো
লোকতীতোঽপ্যহহ ন জহৌ লোককল্যাণমার্গম্‌।
ত্রৈলোক্যঽপ্যপ্রতিমমহিমা জানকীপ্রাণবন্ধো
ভক্ত্যা জ্ঞানং বৃতবরবপুঃ সীতয়া যো হি রামঃ ॥ ১
স্তব্ধীকৃত্য প্রলয়কলিতম্বাহবোত্থং মাহান্তং
হিত্বা রাত্রিং প্রকৃতিসহজামন্ধতামিস্রমিশ্রাম্‌।
গিতং শান্তং মধুরমপি যঃ সিংহনাদং জগর্জ
সোঽয়ং জাতঃ প্রথিতপুরুষো রামকৃষ্ণস্ত্বিদানীম্‌ ॥ ২"
s0326,song,ওঁ হ্রীং ঋতং ত্বমচলো গুণজিৎ গুণেড্যো।,,False,1,,54,10,"শ্রীরামকৃষ্ণ, স্বামী বিবেকানন্দ ও অবতারবাদ",১৫ই জুন ১৮৮৪,1884-06-15,https://www.ramakrishnavivekananda.info/kathamrita/unicodekathamrita/54_j_ramakrishnavivekananda_1086_1097.html,"োমার আমি শরণাগত। আমি মুখে ভজন করিতেছি, জ্ঞানানুশীলন করিতেছি, কিন্তু কিছুই ধারণা হইতেছে না তাই তোমার শরণাগত। হে দীনবন্ধো, তুমি জগতের একমাত্র প্রাপ্তব্য বস্তু, আমি তোমার শরণাগত। ত্বমেব শরণং মম দীনবন্ধো!","ওঁ হ্রীং ঋতং ত্বমচলো গুণজিৎ গুণেড্যো।
ন-ক্তন্দিবং সকরুণং তব পাদপদ্মম্‌।
মো-হঙ্কষং বহুকৃতং ন ভজে যতোঽহং
তস্মাত্ত্বমেব শরণং মম দীনবন্ধো ! ১ ॥
ভ-ক্তির্ভগশ্চ ভজনং ভবভেদকারি
গ-চ্ছন্ত্যলং সুবিপুলং গমনায় তত্ত্বম্‌।
ব-ক্ত্রোদ্ধৃতন্তু হৃদি মে ন চ ভাতি কিঞ্চিৎ
তস্মাত্ত্বমেব শরনং মম দীনবন্ধো ! ২ ॥
তে-জস্তরন্তি তরসা ত্বয়ি তৃপ্ততৃষ্ণা
রা-গে কৃতে ঋতপথে ত্বয়ি রামকৃষ্ণে।
ম-র্ত্যামৃতং তব পদং মরণোসির্মনাশং
তস্মাত্ত্বমেব শরনং মম দীনবন্ধো ! ৩ ॥
কৃ-ত্যং করোতি কলুষং কুহকান্তকারি
ষ্ণা-ন্তং শিবং সুবিলং তব নাম নাথ।
য-সমাদহং ত্বশরণো জগদেকগম্য
তস্মাত্ত্বমেব শরনং মম দীনবন্ধো ॥ ৪ ॥"
s0327,verse,ওঁ স্থাপকায় চ ধর্মস্য সর্বধর্মস্বরূপিণে।,,False,1,,54,10,"শ্রীরামকৃষ্ণ, স্বামী বিবেকানন্দ ও অবতারবাদ",১৫ই জুন ১৮৮৪,1884-06-15,https://www.ramakrishnavivekananda.info/kathamrita/unicodekathamrita/54_j_ramakrishnavivekananda_1086_1097.html,"তোমার শরণাগত। হে দীনবন্ধো, তুমি জগতের একমাত্র প্রাপ্তব্য বস্তু, আমি তোমার শরণাগত। ত্বমেব শরণং মম দীনবন্ধো!  স্বামীজী আরতির পর শ্রীরামকৃষ্ণের প্রণাম শিখাইয়াছেন। উহাতে ঠাকুরকে অবতার শ্রেষ্ঠ বলিয়াছেন!","ওঁ স্থাপকায় চ ধর্মস্য সর্বধর্মস্বরূপিণে।
অবতারবরিষ্ঠায় রামকৃষ্ণায় তে নমঃ ॥"
s0328,song,হরিনাম নিসে রে জীব যদি সুখে থাকবি।,,True,1,শ্রীরামকৃষ্ণ,55,2,দ্বিতীয় পরিচ্ছেদ,"১লা জানুয়ারি, ১৮৮১",1881-01-01,https://www.ramakrishnavivekananda.info/kathamrita/unicodekathamrita/55_b_keshab_1099_1101.html,ে সংকীর্তনের আয়োজন হইতেছে। অনেকগুলি ভক্ত যোগ দিয়াছেন। পঞ্চবটী হইতে সংকীর্তনের দল দক্ষিণদিকে আসিতেছে। হৃদয় শিঙা বাজাইতেছেন। গোপীদাস খোল বাজাইতেছেন আর দুইজন করতাল বাজাইতেছেন। শ্রীরামকৃষ্ণ গান ধরিলেন:,"হরিনাম নিসে রে জীব যদি সুখে থাকবি।
সুখে থাকবি বৈকুণ্ঠে যাবি, ওরে মোক্ষফল সদা পাবি ॥
(হরিণাম গুণেরে)
যে নাম শিব জপেন পঞ্চমুখে
আজ সেই হরিনাম দিব তোকে।"
s0329,song,হৃদয় পরশমনী আমার —,,False,1,,56,1,"সুরেন্দ্রের বাড়িতে শ্রীরামকৃষ্ণের শুভাগমন; রাম, মনোমোহন, ত্রৈলোক্য ও মহেন্দ্র গোস্বামী প্রভৃতি সঙ্গে",১৮৮১,1881,https://www.ramakrishnavivekananda.info/kathamrita/unicodekathamrita/56_a_surendra_1102_1104.html,"যে ত্রৈলোক্য গান গাহিতেছেন। শ্রীরামকৃষ্ণ মাতোয়ারা হইয়া নৃত্য করিতেছেন। যে মালা ফেলিয়া দিয়াছিলেন, সেই মালা তুলিয়া গলায় পড়িলেন। এক হাতে মালা ধরিয়া, অপর হাতে দোলাতে দোলাতে গান ও নৃত্য করিতেছেন। —",হৃদয় পরশমনী আমার —
s0330,song,জয় জয় আনন্দময়ী ব্রহ্মরূপিণী।,,False,1,ক্রমে শ্রীযুক্ত ত্রৈলোক্যও,56,3,মনোমোহন মন্দিরে,"১৮৮১, ৩রা ডিসেম্বর",1881-12-03,https://www.ramakrishnavivekananda.info/kathamrita/unicodekathamrita/56_c_manomohan_1105_1107.html,তাঁকর ডাকতে হয়। ভক্তিলাভ করে কর্ম করা যায়। শুধু হাতে কাঁঠাল ভাঙলে হাতে আঠা লাগবে — হাতে তেল মেখে কাঁঠাল ভাঙলে আর আঠা লাগবে না।” এইবার প্রাঙ্গণে গান হইতেছে। ক্রমে শ্রীযুক্ত ত্রৈলোক্যও গান গাহিতেছেন:,জয় জয় আনন্দময়ী ব্রহ্মরূপিণী।
s0331,song,"তাথৈয়া তাথৈয়া নাচে ভোলা, বববম্‌, বাজে গাল।",,False,2,শ্রীযুক্ত তারক আনন্দে,59,1,"নরেন্দ্র, রাখাল প্রভৃতি মঠের ভাইদের ৺শিবরাত্রি ব্রত","১৮৮৭, ২১ - ২২শে ফেব্রুয়ারি",1887-02-21,https://www.ramakrishnavivekananda.info/kathamrita/unicodekathamrita/59_a_shivaratri_1128_1131.html,িয়াছেন। বাটীর মোকদ্দমায় তদ্বির করিতে হইতেছে। আদালতে সাক্ষি দিতে হয়। মাস্টার বেলা নয়টার সময় মঠে উপনীত হইয়াছেন। দানাদের ঘরে প্রবেশ করিলে পর তাঁহাকে দেখিয়া শ্রীযুক্ত তারক আনন্দে শিবের গান ধরিলেন —,"তাথৈয়া তাথৈয়া নাচে ভোলা, বববম্‌, বাজে গাল।
ডিমি ডিমি ডিমি ডমরু বাজে দুলিছে কপাল মাল।
গরজে গঙ্গা জটা মাঝে, উগরে অনল-ত্রিশূল রাজে।
ধক্‌ ধক্‌ ধক্‌ মৌলি বন্ধ, জ্বলে শশাঙ্ক ভাল ॥"
s0332,song,"শিব শঙ্কর বম্‌ বম্‌ (ভোলা), কৈলাসপতি মহারাজরাজ!",,False,1,শরৎ তানপুরা,59,1,"নরেন্দ্র, রাখাল প্রভৃতি মঠের ভাইদের ৺শিবরাত্রি ব্রত","১৮৮৭, ২১ - ২২শে ফেব্রুয়ারি",1887-02-21,https://www.ramakrishnavivekananda.info/kathamrita/unicodekathamrita/59_a_shivaratri_1128_1131.html,"রুয়ারি, ১৮৮৭। আগামী শনিবারে শরৎ, কালী, নিরঞ্জন, সারদা, শ্রীশ্রীজগন্নাথ দর্শনার্থ ৺পুরীধামে যাত্রা করিবেন। শ্রীযুক্ত শশী দিনরাত ঠাকুরের সেবা লইয়া আছেন। পূজা হইয়া গেল। শরৎ তানপুরা লইয়া গান গাইতেছেন:","শিব শঙ্কর বম্‌ বম্‌ (ভোলা), কৈলাসপতি মহারাজরাজ!
উড়ে শৃঙ্গ কি খেয়াল, গলে ব্যাল মাল, লোচন বিশাল, লালে লাল;
ভালে চন্দ্র শোভে, সুন্দর বিরাজে।"
s0333,song,মন চল নিজ নিকেতনে।,,False,1,,59,3,নরেন্দ্রের পূর্বকথা,"১৮৮৭, ৮ই এপ্রিল",1887-04-08,https://www.ramakrishnavivekananda.info/kathamrita/unicodekathamrita/59_c_narendra_1136_1141.html,"র পর যত পূর্বকথা বলিতেছেন। নরেন্দ্রের বয়স ২৮, মাস্টারের ৩২ বৎসর। মাস্টার — প্রথম দেখার দিনটি তোমার বেশ স্মরণ পড়ে? নরেন্দ্র — সে দক্ষিণেশ্বরে কালীবাড়িতে। তাঁহারই ঘরে। সেইদিনে এই দুটি গান গেয়েছিলাম:","মন চল নিজ নিকেতনে।
সংসার বিদেশে, বিদেশীর বেশে, ভ্রম কেন অকারণে ॥
বিষয় পঞ্চক আর ভূতগণ, সব তোর পর কেউ নয় আপন।
পর প্রেমে কেন হইয়ে মগন, ভুলিছ আপন জনে ॥
সত্যপথে মন কর আরোহণ, প্রেমের আলো জ্বালি চল অণুক্ষণ।
সঙ্গেতে সম্বল রাখ পুণ্য ধন, গোপনে অতি যতনে ॥
লোভ মোহ আদি পথে দস্যুগণ, পথিকের করে সর্বস্ব মোষণ।
পরম যতনে রাখ রে প্রহরী শম দম দুই জনে ॥
সাধুসঙ্গ নাম আছে পান্থধাম, শ্রান্ত হলে তথা করিও বিশ্রাম।
পথভ্রান্ত হলে সুধাইও পথ সে পান্থ-নিবাসীহলে ॥
যতি দেখ পথে ভয়েরি আকার, প্রাণপণে দিও দোহাই রাজার।
সে পথে রাজার প্রবল প্রতাপ, শমন ডরে যাঁর শাসনে ॥"
s0334,song,"জয় শিব ওঁকার, ভজ শিব ওঁকার।",,False,1,সেই,59,4,ঠাকুর শ্রীরামকৃষ্ণ ভক্তহৃদয়ে; শ্রীরামকৃষ্ণের প্রথম মঠ ও নরেন্দ্রাদির সাধনা ও তীব্র বৈরাগ্য,"১৮৮৭, ৭ই মে",1887-05-07,https://www.ramakrishnavivekananda.info/kathamrita/unicodekathamrita/59_d_indevoteesheart_1141_1154.html,নাম করিতে করিতে প্রণাম করিলেন। এইবার আরতি হইতেছে। মঠের ভায়েরা ও অন্যান্য ভক্তেরা সকলে করজোড়ে দাঁড়াইয়া আরতি দর্শন করিতেছেন। কাঁসর ঘণ্টা বাজিতেছে। ভক্তেরা সমস্বরে আরতির গান সেই সঙ্গে সঙ্গে গাইতেছেন:,"জয় শিব ওঁকার, ভজ শিব ওঁকার।
ব্রহ্মা বিষ্ণু সদা শিব হর হর হর মহাদেব ॥"
s0335,song,ঈশ্বরঃ সর্বভূতানাং হৃদ্দেশেঽর্জুন তিষ্ঠতি।,,False,2,,59,4,ঠাকুর শ্রীরামকৃষ্ণ ভক্তহৃদয়ে; শ্রীরামকৃষ্ণের প্রথম মঠ ও নরেন্দ্রাদির সাধনা ও তীব্র বৈরাগ্য,"১৮৮৭, ৭ই মে",1887-05-07,https://www.ramakrishnavivekananda.info/kathamrita/unicodekathamrita/59_d_indevoteesheart_1141_1154.html,"দালানে বেড়াইতে বেড়াইতে কিছু কিছু শুনিতে পাইলেন। নরেন্দ্র বলিতেছেন — সন্ধ্যাদি কর্মের, স্থান সময় নাই। একজন ভদ্রলোক — আচ্ছা মশায়, সাধন করলেই তাঁকে পাওয়া যাবে? নরেন্দ্র — তাঁর কৃপা। গীতায় বলছেন, —","ঈশ্বরঃ সর্বভূতানাং হৃদ্দেশেঽর্জুন তিষ্ঠতি।
ভ্রাময়ন্‌ সর্বভূতানি যন্ত্ররূঢ়ানি মায়য়া ॥
তমেব শরণং গচ্ছ সর্বভাবেন ভারত।
তৎপ্রসাদাৎ পরাং শান্তিং স্থানং প্রাপস্যসি শাশ্বতম্‌ ॥
সর্বধর্মান্‌ পরিত্যজ্য মামেকং শরণং ব্রজ।
অহং ত্বাং সর্বপাপেভ্যো মোক্ষয়িষ্যামি মা শুচঃ ॥"
s0336,song,ব্রহ্মানন্দং পরমসুখদং কেবলং জ্ঞানমূর্তিং।,,False,1,নরেন্দ্র,59,4,ঠাকুর শ্রীরামকৃষ্ণ ভক্তহৃদয়ে; শ্রীরামকৃষ্ণের প্রথম মঠ ও নরেন্দ্রাদির সাধনা ও তীব্র বৈরাগ্য,"১৮৮৭, ৭ই মে",1887-05-07,https://www.ramakrishnavivekananda.info/kathamrita/unicodekathamrita/59_d_indevoteesheart_1141_1154.html,করিতে লাগিলেন। আরতি হইয়া গেলে ভক্তেরা দানাদের ঘরে গিয়া বসিলেন। মাস্টার বসিয়া আছেন। প্রসন্ন গুরুগীতা পাঠ করিয়া শুনাইতে লাগিলেন। নরেন্দ্র আসিয়া নিজে সুর করিয়া পাঠ করিতে লাগিলেন। নরেন্দ্র গাইতেছেন:,"ব্রহ্মানন্দং পরমসুখদং কেবলং জ্ঞানমূর্তিং।
দ্বন্দ্বাতীতং গগনসদৃশং তত্ত্বমস্যাদি লক্ষ্যম ॥
একং নিত্যং বিমলমচলং সর্ব্বধীসাক্ষীভূতং।
ভাবাতীতং ত্রিগুণরহিতং সদ্‌গুরুং তং নমামি ॥"
s0337,song,ন গুরোরধিকং ন গুরোরধিকং। শিবশাসনতঃ শিবশাসনতঃ ॥,,False,1,,59,4,ঠাকুর শ্রীরামকৃষ্ণ ভক্তহৃদয়ে; শ্রীরামকৃষ্ণের প্রথম মঠ ও নরেন্দ্রাদির সাধনা ও তীব্র বৈরাগ্য,"১৮৮৭, ৭ই মে",1887-05-07,https://www.ramakrishnavivekananda.info/kathamrita/unicodekathamrita/59_d_indevoteesheart_1141_1154.html,আরতি হইয়া গেলে ভক্তেরা দানাদের ঘরে গিয়া বসিলেন। মাস্টার বসিয়া আছেন। প্রসন্ন গুরুগীতা পাঠ করিয়া শুনাইতে লাগিলেন। নরেন্দ্র আসিয়া নিজে সুর করিয়া পাঠ করিতে লাগিলেন। নরেন্দ্র গাইতেছেন:  আবার গাইলেন:,"ন গুরোরধিকং ন গুরোরধিকং। শিবশাসনতঃ শিবশাসনতঃ ॥
শ্রীমৎ পরং ব্রহ্মগুরুং বদামি। শ্রীমৎ পরং ব্রহ্মগুরুং ভজামি ॥
শ্রীমৎ পরং ব্রহ্মগুরুং স্মরামি। শ্রীমৎ পরং ব্রহ্মগুরুং নমামি ॥"
s0338,song,"পৃথ্বীর ধূলিতে দেব মোদের জনম,",,False,1,নরেন্দ্র,59,5,ভাই সঙ্গে নরেন্দ্র — নরেন্দ্রের অন্তরের কথা,"১৮৮৭, ৮ - ৯ই মে",1887-05-08,https://www.ramakrishnavivekananda.info/kathamrita/unicodekathamrita/59_e_narendrawithbrothers_1154_1160.html,"Solar System এতেই রক্ষা নাই। যে পৃথিবীকে সূর্যের সঙ্গে তুলনা করলে অতি সামান্য একটি ভাঁটার মতো বোধ হয়, সেই পৃথিবীতে মানুষটা বেড়াচ্ছে যেন একটা পোকা! নরেন্দ্র গান গাইতেছেন: [“তুমি পিতা আমরা অতি শিশু” ]","পৃথ্বীর ধূলিতে দেব মোদের জনম,
পৃথ্বীর ধূলিতে অন্ধ মোদের নয়ন ॥
জন্মিয়াছি শিশু হয়ে খেলা করি ধূলি লয়ে,
মোদের অভয় দাও দুর্বল-শরণ ॥
একবার ভ্রম হলে আর কি লবে না কোলে,
অমনি কি দূরে তুমি করিবে গমন?
তাহলে যে আর কভু, উঠিতে নারিব প্রভু,
ভূমিতলে চিরদিন রব অচেতন ॥
আমরা যে শিশু অতি, অতি ক্ষুদ্র মন।
পদে পদে হয় পিতা! চরণ স্খলন ॥
রুদ্রমুখ কেন তবে, দেখাও মোদের সবে,
কেন হেরি মাঝে মাঝে ভ্রূকুটি ভীষণ ॥
ক্ষুদ্র আমাদের পরে করিও না রোষ;
স্নেহ বাক্যে বল পিতা কি করেছি দোষ ॥
শতবার লও তুলে, শতবার পড়ি ভুলে;
কি আর করিতে পারে দুর্বল যে জন ॥"
s0339,song,"প্রভু ম্যয় গোলাম, ম্যয় গোলাম, ম্যয় গোলাম তেরা।",,False,1,নরেন্দ্র যেন আবিষ্ট,59,5,ভাই সঙ্গে নরেন্দ্র — নরেন্দ্রের অন্তরের কথা,"১৮৮৭, ৮ - ৯ই মে",1887-05-08,https://www.ramakrishnavivekananda.info/kathamrita/unicodekathamrita/59_e_narendrawithbrothers_1154_1160.html,"়, সেই পৃথিবীতে মানুষটা বেড়াচ্ছে যেন একটা পোকা! নরেন্দ্র গান গাইতেছেন: [“তুমি পিতা আমরা অতি শিশু” ]  “পড়ে থাক। তাঁর শরণাগত হয়ে পড়ে থাক!” নরেন্দ্র যেন আবিষ্ট হইয়া আবার গাইতেছেন: [উপায় — শরণাগতি ]","প্রভু ম্যয় গোলাম, ম্যয় গোলাম, ম্যয় গোলাম তেরা।
তু দেওয়ান, তু দেওয়ান, তু দেওয়ান মেরা ॥
দো রোটি এক লেঙ্গোটি, তেরে পাস ম্যয় পায়া।
ভগতি ভাব আউর দে নাম তেরা গাঁবা ॥
তু দেওয়ান মেহেরবান নাম তেরা বারেয়া।
দাস কবীর শরণে আয়া চরণ লাগে তারেয়া ॥"
s0340,song,‘যত্তে দক্ষিনং মুখং তেন মাং পাহি নিত্যম্‌ —’,,False,1,,59,5,ভাই সঙ্গে নরেন্দ্র — নরেন্দ্রের অন্তরের কথা,"১৮৮৭, ৮ - ৯ই মে",1887-05-08,https://www.ramakrishnavivekananda.info/kathamrita/unicodekathamrita/59_e_narendrawithbrothers_1154_1160.html,"ায় আনবি। তিনি বলেছেন, মনে নাই, শুকদেব হদ্দ একটা ডেয়ো পিঁপড়ে? তাইতো কালীকে বলতুম, শ্যালা গজ ফিতে নিয়ে ঈশ্বরকে মাপবি? “ঈশ্বর দয়ার সিন্ধু, তাঁর শরণাগত হয়ে থাক; তিনি কৃপা করবেন! তাঁকে প্রার্থনা কর —","‘যত্তে দক্ষিনং মুখং তেন মাং পাহি নিত্যম্‌ —’
অসতো মা সদগময়। তমসো মা জ্যেতির্গময় ॥
মৃত্যোর্মা অমৃতং গময় আবিরাবির্ম এধি ॥
রুদ্র যত্তে দক্ষিণং মুখং। তেন মাং পাহি নিত্যম্‌ ॥”"
s0341,song,নামেরই ভরসা কেবল শ্যামা গো তোমার।,,True,1,পরমহংসদেবের,59,5,ভাই সঙ্গে নরেন্দ্র — নরেন্দ্রের অন্তরের কথা,"১৮৮৭, ৮ - ৯ই মে",1887-05-08,https://www.ramakrishnavivekananda.info/kathamrita/unicodekathamrita/59_e_narendrawithbrothers_1154_1160.html,তাঁর শরণাগত হয়ে থাক; তিনি কৃপা করবেন! তাঁকে প্রার্থনা কর —  প্রসন্ন — কি সাধন করা যায়? নরেন্দ্র — শুধু তাঁর নাম কর। ঠাকুরের গান মনে নাই? নরেন্দ্র পরমহংসদেবের সেই গানটি গাহিতেছেন: [উপায় — তাঁর নাম ],"নামেরই ভরসা কেবল শ্যামা গো তোমার।
কাজ কি আমার কোশাকুশি, দেঁতোর হাসি লোকাচার ॥
নামেতে কাল-পাশ কাটে, জটে তা দিয়েছে রটে।
আমি তো সেই জটের মুটে, হয়েছি আর হব কার ॥
নামেতে যা হবার হবে, মিছে কেন মরি ভেবে,
নিতান্ত করেছি শিবে, শিবেরি বচন সার ॥"
s0342,song,"আমরা যে শিশু অতি, অতি ক্ষুদ্র মন।",,True,1,পরমহংসদেবের,59,5,ভাই সঙ্গে নরেন্দ্র — নরেন্দ্রের অন্তরের কথা,"১৮৮৭, ৮ - ৯ই মে",1887-05-08,https://www.ramakrishnavivekananda.info/kathamrita/unicodekathamrita/59_e_narendrawithbrothers_1154_1160.html,াঁর শরণাগত হয়ে থাক; তিনি কৃপা করবেন! তাঁকে প্রার্থনা কর —  প্রসন্ন — কি সাধন করা যায়? নরেন্দ্র — শুধু তাঁর নাম কর। ঠাকুরের গান মনে নাই? নরেন্দ্র পরমহংসদেবের সেই গানটি গাহিতেছেন: [উপায় — তাঁর নাম ],"আমরা যে শিশু অতি, অতি ক্ষুদ্র মন।
পদে পদে হয় পিতা চরণ স্খলন ॥"
s0343,song,মোকো কাঁহা ঢুঁঢ়ো বন্দে ম্যয়তো তেরে পাশ মো।,,False,1,নরেন্দ্র,59,5,ভাই সঙ্গে নরেন্দ্র — নরেন্দ্রের অন্তরের কথা,"১৮৮৭, ৮ - ৯ই মে",1887-05-08,https://www.ramakrishnavivekananda.info/kathamrita/unicodekathamrita/59_e_narendrawithbrothers_1154_1160.html,িয়েছেন না জানি তাঁর ভিতরে কত দয়া! — Mill এই কথা বলেন। তিনি (ঠাকুর) তো বলতেন ‘বিশ্বাসই সার’। তিনি তো কাছেই রয়েছেন! বিশ্বাস করলেই হয়!” এই বলিয়া নরেন্দ্র আবার মধুর কণ্ঠে গাইতেছেন: [উপায় — বিশ্বাস ],"মোকো কাঁহা ঢুঁঢ়ো বন্দে ম্যয়তো তেরে পাশ মো।
ন হোয়ে ম্যয় ঝগ্‌ড়ি বিগ্‌ড়ি না ছুরি গঢ়াস মো।
ন হোয়ে মো খাল্‌ রোম্‌মে না হাড্ডি না মাস্‌ মো ॥
ন দেবল মো না মস্‌জিদ মো না কাশী কৈলাস মো।
ন হোয়ে ম্যয় আউধ দ্বারকা মেরা ভেট বিশ্বাস মো ॥
ন হোয়ে ম্যয় ক্রিয়া করম্‌মো, না যোগ বৈরাগ সন্ন্যাস মো।
খোঁজেগা তো আব মিলুঙ্গা, পলভরকি তল্লাস মো ॥
সহর্‌সে বাহার ডেরা হামারি কুঠিয়া মেরী মৌয়াস মো।
কহত কবীর শুন ভাই সাধু, সব সন্তনকী সাথ মো ॥"
s0344,song,"জয় দেব জয় দেব জয় মঙ্গলদাতা, জয় জয় মঙ্গলদাতা।",,False,1,,59,5,ভাই সঙ্গে নরেন্দ্র — নরেন্দ্রের অন্তরের কথা,"১৮৮৭, ৮ - ৯ই মে",1887-05-08,https://www.ramakrishnavivekananda.info/kathamrita/unicodekathamrita/59_e_narendrawithbrothers_1154_1160.html,"অবিশ্বাস। একটা না একটা কামনা থাকেই। হয়তো ভিতরে ভিতরে পড়বার ইচ্ছা আছে — পাস করবে, কি পণ্ডিত হবে — এই সব কামনা। নরেন্দ্র — ভক্তিতে গদ্‌গদ্‌ হইয়া গান গাইতে লাগিলেন। ‘তিনি শরণাগত-বৎসল, পরম পিতা মাতা।’","জয় দেব জয় দেব জয় মঙ্গলদাতা, জয় জয় মঙ্গলদাতা।
সঙ্কটভয়দুখত্রাতা, বিশ্বভুবনপাতা, জয় দেব জয় দেব ॥
অচিন্ত্য অনন্ত অপার, নাই তব উপমা প্রভু, নাহি তব উপমা।
প্রভু বিশ্বেশ্বর ব্যাপক বিভু চিন্ময় পরমাত্মা, জয় দেব জয় দেব ॥
জয় জগদবন্দ্য বয়াল, প্রণমি তব চরণে, প্রভু প্রণমি তব চরণে।
পরম শরণ তুমি হে, জীবনে মরণে, জয় দেব দেব ॥
কি আর যাচিব আমরা, করি হে এ মিনতি, প্রভু করি হে এ মিনতি।
এ লোকে সুমতি দেও, পরলোকে সুগতি, জয় দেব জয় দেব ॥"
s0345,song,"পীলেরে অবধূত হো মাতবারা, প্যালা প্রেম হরিরস কা রে।",,False,2,নরেন্দ্র,59,5,ভাই সঙ্গে নরেন্দ্র — নরেন্দ্রের অন্তরের কথা,"১৮৮৭, ৮ - ৯ই মে",1887-05-08,https://www.ramakrishnavivekananda.info/kathamrita/unicodekathamrita/59_e_narendrawithbrothers_1154_1160.html,"মনা। নরেন্দ্র — ভক্তিতে গদ্‌গদ্‌ হইয়া গান গাইতে লাগিলেন। ‘তিনি শরণাগত-বৎসল, পরম পিতা মাতা।’  নরেন্দ্র আবার গাইলেন। ভাইদের হরিরস পিয়ালা পান করিতে বলিতেছেন। ঈশ্বর খুব কাছেই আছেন — কস্তুরী যেমন মৃগের —","পীলেরে অবধূত হো মাতবারা, প্যালা প্রেম হরিরস কা রে।
বাল অবস্থা খেল গঁবাই, তরুণ ভয়ে নারী বশ কা রে।
বৃদ্ধাভয়ো কফ বায়ুনে ঘেরা, খাট পড়া রহে নহিঁ জায় বস্‌কারে।
নাভ কমলমে হ্যায় কস্তুরী, ক্যায়সে ভরম মিটে পশুকা রে।
বিনা সদ্‌গুরু নর য়্যাসাহি ঢুঁঢ়ে, জ্যায়সা মৃগ ফিরে বনকা রে।"
s0346,song,"বাল্যে দুঃখাতিরেকো মললুলিতবপুঃ স্তন্যপানে পিপাসা,",,False,1,,59,5,ভাই সঙ্গে নরেন্দ্র — নরেন্দ্রের অন্তরের কথা,"১৮৮৭, ৮ - ৯ই মে",1887-05-08,https://www.ramakrishnavivekananda.info/kathamrita/unicodekathamrita/59_e_narendrawithbrothers_1154_1160.html,"সুর! একটা কিছু স্তব বল।” নরেন্দ্র সুর করিয়া অপরাধভঞ্জন স্তব বলিতেছেন। গৃহস্থেরা ঈশ্বরকে ভুলে রয়েছে — কত অপরাধ করে — বাল্যে, প্রৌঢ়ে, বার্ধক্যে! কেন তারা কায়মনোবাক্যে ভগবানের সেবা বা চিন্তা করে না —","বাল্যে দুঃখাতিরেকো মললুলিতবপুঃ স্তন্যপানে পিপাসা,
নো শক্তশ্চেন্দ্রিয়েভ্যো ভবগুণজনিত শত্রবো মাং তুদন্তি।
নানারোগোত্থদুঃখাদ্‌রূদনপরবশঃ শঙ্করং ন স্মরামি,
ক্ষন্তব্যো মেঽপরাধঃ শিব শিব শিব ভোঃ শ্রীমহাদেব শম্ভো ॥
প্রৌঢ়েঽহম্‌ যৌবনস্থো বিষয়বিষধরৈঃ পঞ্চভির্মর্মসন্ধৌ,
দষ্টো নষ্টোবিবেকঃ সুতধনযুবতীস্বাদসৌখ্যে নিষণ্ণঃ।
শৈবীচিন্তাবিহীনং মম হৃদয়মহো মানগর্বাধিরূঢ়ং
ক্ষন্তব্যো মেঽপরাধঃ শিব শিব শিব ভোঃ শ্রীমহাদেব শম্ভো ॥
বার্ধক্যে চেন্দ্রিয়াণাং বিগতগতিমতিশ্চাধিদৈবাদিতাপৈঃ,
পাপৈঃ রোগৈর্বিয়োঢোগৈস্তনবসিতবপুঃ প্রৌঢ়িহীনঞ্চ দীনম্‌
মিথ্যামোহাভিলাষৈর্ভ্রমতি মম মনো ধুর্জটের্ধ্যানশূনং
ক্ষন্তব্যো মেঽপরাধঃ শিব শিব শিব ভোঃ শ্রীমহাদেব শম্ভো ॥
স্নাত্বা প্রত্যূষকালে স্নপনবিধিবিধৌ নাহৃতং গাঙ্গতোয়ং
পূজার্থং বা কদাচিদ্বহুতরগহনাৎ খণ্ডবিল্বীদলানি।
নানীতা পদ্মমালা সরসি বিকসিতা গন্ধধূপৈস্ত্বদর্থং,
ক্ষন্তব্যো মেঽপরাধঃ শিব শিব শিব ভোঃ শ্রীমহাদেব শম্ভো ॥
গাত্রং ভস্মসিতং সিতঞ্চ হসিতং হস্তে কপালং সিতং
খট্বাঙ্গঞ্চ সিতং সিতশ্চ বৃষভঃ কর্ণে সিতে কুণ্ডলে।
গঙ্গাফেনসিতা জটা পশুপতেশ্চন্দ্রঃ সিতো মূর্ধনি,
সোঽয়ং সর্বসিতো দদাতু বিভবং পাপক্ষয়ং সর্বদা ॥ ইত্যাদি"
s0347,verse,অমেধ্যপূর্ণে কৃমিজালসঙ্কুলে স্বভাবদুর্গন্ধে নিরন্তকান্তরে।,,False,1,,59,5,ভাই সঙ্গে নরেন্দ্র — নরেন্দ্রের অন্তরের কথা,"১৮৮৭, ৮ - ৯ই মে",1887-05-08,https://www.ramakrishnavivekananda.info/kathamrita/unicodekathamrita/59_e_narendrawithbrothers_1154_1160.html,"া —  স্তব পাঠ হইয়া গেল। আবার কথাবার্তা হইতেছে। নরেন্দ্র — নির্লিপ্ত সংসার বলুন আর যাই বলুন, কামিনী-কাঞ্চনত্যাগ না করলে হবে না। স্ত্রী সঙ্গে সহবাস করতে ঘৃণা করে না? যে স্থানে কৃমি, কফ, মেদ, দুর্গন্ধ —","অমেধ্যপূর্ণে কৃমিজালসঙ্কুলে স্বভাবদুর্গন্ধে নিরন্তকান্তরে।
কলেবরে মুত্রপুরীষভাবিতে রমন্তি মূঢ়া বিরমন্তি পণ্ডিতাঃ ॥"
s0348,song,ওঁকারমূলং পরমং পদান্তরং গায়ত্রীসাবিত্রীসুভাষিতান্তরং।,,False,1,,59,5,ভাই সঙ্গে নরেন্দ্র — নরেন্দ্রের অন্তরের কথা,"১৮৮৭, ৮ - ৯ই মে",1887-05-08,https://www.ramakrishnavivekananda.info/kathamrita/unicodekathamrita/59_e_narendrawithbrothers_1154_1160.html,"বলুন আর যাই বলুন, কামিনী-কাঞ্চনত্যাগ না করলে হবে না। স্ত্রী সঙ্গে সহবাস করতে ঘৃণা করে না? যে স্থানে কৃমি, কফ, মেদ, দুর্গন্ধ —  “বেদান্তবাক্যে যে রমণ করে না, হরিরস মদিরা যে পান করে না তাহার বৃথাই জীবন।","ওঁকারমূলং পরমং পদান্তরং গায়ত্রীসাবিত্রীসুভাষিতান্তরং।
বেদান্তরং যঃ পুরুষো ন সেবতে বৃথান্তরং তস্য নরস্য জীবনম্‌ ॥"
s0349,song,"ছাড় মোহ — ছাড়রে কুমন্ত্রণা, জান তাঁরে তবে যাবে যন্ত্রণা ॥",,False,2,নরেন্দ্র,59,5,ভাই সঙ্গে নরেন্দ্র — নরেন্দ্রের অন্তরের কথা,"১৮৮৭, ৮ - ৯ই মে",1887-05-08,https://www.ramakrishnavivekananda.info/kathamrita/unicodekathamrita/59_e_narendrawithbrothers_1154_1160.html,"কামিনী-কাঞ্চনত্যাগ না করলে হবে না। স্ত্রী সঙ্গে সহবাস করতে ঘৃণা করে না? যে স্থানে কৃমি, কফ, মেদ, দুর্গন্ধ —  “বেদান্তবাক্যে যে রমণ করে না, হরিরস মদিরা যে পান করে না তাহার বৃথাই জীবন।  “একটা গান শুনুন:","“ছাড় মোহ — ছাড়রে কুমন্ত্রণা, জান তাঁরে তবে যাবে যন্ত্রণা ॥
চারিদিনের সুখের জন্য, প্রাণসখারে ভুলিলে, একি বিড়ম্বনা ॥"
s0350,song,ওমিতি জ্ঞানরূপেণ রাগাজীর্ণেন জীর্যতঃ।,,False,1,,59,5,ভাই সঙ্গে নরেন্দ্র — নরেন্দ্রের অন্তরের কথা,"১৮৮৭, ৮ - ৯ই মে",1887-05-08,https://www.ramakrishnavivekananda.info/kathamrita/unicodekathamrita/59_e_narendrawithbrothers_1154_1160.html,"নন্দ।  নরেন্দ্র আর একটি স্তব, বাসুদেবাষ্টক সুর করিয়া বলিতেছেন: হে মধুসূদন! আমি তোমার শরণাগত; আমাকে কৃপা করে কামনিদ্রা, পাপ মোহ, স্ত্রীপুত্রের মোহজাল, বিষয়তৃষ্ণা থেকে ত্রাণ কর। আর পাদপদ্মে ভক্তি দাও।","ওমিতি জ্ঞানরূপেণ রাগাজীর্ণেন জীর্যতঃ।
কামনিদ্রাং প্রপন্নোঽস্মি ত্রাহি মাং মধুসূদন ॥
ন গতির্বিদ্যতে নাথ ত্বমেকঃ শরণং প্রভো।
পাপপঙ্কে নিমগ্নোঽস্মি ত্রাহি মাং মধুসূদন ॥
মোহিতো মোহজালেন পুত্রদার গৃহাদিষু।
তৃষ্ণয়া পীড্যমানোঽস্মি ত্রাহি মাং মধুসূদন ॥
ভক্তিহীনঞ্চ দীনঞ্চ দুঃখশোকাতুরং প্রভো।
অনাশ্রয়মনাথঞ্চ ত্রাহি মাং মধুসূদন ॥
গতাগতেন শ্রান্তোঽস্মি দীর্ঘসংসারবর্ত্মসু।
পুনর্নাগন্তুমিচ্ছামি ত্রাহি মাং মধুসূদন ॥
বহবোঽপি ময়া দৃষ্টং যোনিদ্বারং পৃথক্‌ পৃথক্‌।
গর্ভবাসেমহদ্দুঃখং ত্রাহি মাং মধুসূদন ॥
তেন দেব প্রপন্নোঽস্মি নারায়ণঃ পরায়ণঃ।
জগৎ সংসারমোক্ষার্থং ত্রাহি মাং মধুসূদন ॥
বাচয়ামি যথোৎপন্নং প্রণমামি তবাগ্রতঃ।
জরামরণভীতোঽস্মি ত্রাহি মাং মধুসূদন ॥
সুকৃতং ন কৃতং কিঞ্চিৎ দুষ্কৃতঞ্চ কৃতং ময়া।
সংসারে পাপপঙ্কেঽস্মিন্‌ ত্রাহি মাং মধুসূদন ॥
দেহান্তরসহস্রাণামন্যোন্যঞ্চ কৃতং ময়া।
কর্তৃত্বঞ্চ মনুষ্যাণাং ত্রাহি মাং মধুসূদন ॥
বাক্যেন যৎ প্রতিজ্ঞাতং কর্মণা নোপপাদিতম্‌।
সোঽহং দেব দুরাচারস্ত্রাহি মাং মধুসূদন ॥
যত্র যত্র হি জাতোঽস্মি স্ত্রীষু বা পুরুষেষু বা।
তত্র তত্রাচলা ভক্তিস্ত্রাহি মাং মধুসূদন ॥"
